Poll_ID,Pollster,Date,n,Period,party,share
BT02170104O,Forsa,2017-01-04,2001,27.12.–30.12.,CDUCSU,37
BT02170104O,Forsa,2017-01-04,2001,27.12.–30.12.,SPD,21
BT02170104O,Forsa,2017-01-04,2001,27.12.–30.12.,Gruene,10
BT02170104O,Forsa,2017-01-04,2001,27.12.–30.12.,FDP,6
BT02170104O,Forsa,2017-01-04,2001,27.12.–30.12.,Linke,9
BT02170104O,Forsa,2017-01-04,2001,27.12.–30.12.,AfD,12
BT02170104O,Forsa,2017-01-04,2001,27.12.–30.12.,BSW,NA
BT01170105P,Infratest dimap,2017-01-05,1505,02.01.–04.01.,CDUCSU,37
BT01170105P,Infratest dimap,2017-01-05,1505,02.01.–04.01.,SPD,20
BT01170105P,Infratest dimap,2017-01-05,1505,02.01.–04.01.,Gruene,9
BT01170105P,Infratest dimap,2017-01-05,1505,02.01.–04.01.,FDP,5
BT01170105P,Infratest dimap,2017-01-05,1505,02.01.–04.01.,Linke,9
BT01170105P,Infratest dimap,2017-01-05,1505,02.01.–04.01.,AfD,15
BT01170105P,Infratest dimap,2017-01-05,1505,02.01.–04.01.,BSW,NA
BT03170107L,Verian,2017-01-07,834,03.01.–05.01.,CDUCSU,38
BT03170107L,Verian,2017-01-07,834,03.01.–05.01.,SPD,22
BT03170107L,Verian,2017-01-07,834,03.01.–05.01.,Gruene,10
BT03170107L,Verian,2017-01-07,834,03.01.–05.01.,FDP,5
BT03170107L,Verian,2017-01-07,834,03.01.–05.01.,Linke,9
BT03170107L,Verian,2017-01-07,834,03.01.–05.01.,AfD,12
BT03170107L,Verian,2017-01-07,834,03.01.–05.01.,BSW,NA
BT02170111P,Forsa,2017-01-11,2501,02.01.–06.01.,CDUCSU,37
BT02170111P,Forsa,2017-01-11,2501,02.01.–06.01.,SPD,20
BT02170111P,Forsa,2017-01-11,2501,02.01.–06.01.,Gruene,10
BT02170111P,Forsa,2017-01-11,2501,02.01.–06.01.,FDP,6
BT02170111P,Forsa,2017-01-11,2501,02.01.–06.01.,Linke,9
BT02170111P,Forsa,2017-01-11,2501,02.01.–06.01.,AfD,12
BT02170111P,Forsa,2017-01-11,2501,02.01.–06.01.,BSW,NA
BT03170114M,Verian,2017-01-14,1878,06.01.–11.01.,CDUCSU,37
BT03170114M,Verian,2017-01-14,1878,06.01.–11.01.,SPD,21
BT03170114M,Verian,2017-01-14,1878,06.01.–11.01.,Gruene,10
BT03170114M,Verian,2017-01-14,1878,06.01.–11.01.,FDP,6
BT03170114M,Verian,2017-01-14,1878,06.01.–11.01.,Linke,10
BT03170114M,Verian,2017-01-14,1878,06.01.–11.01.,AfD,12
BT03170114M,Verian,2017-01-14,1878,06.01.–11.01.,BSW,NA
BT02170118Q,Forsa,2017-01-18,2503,09.01.–13.01.,CDUCSU,38
BT02170118Q,Forsa,2017-01-18,2503,09.01.–13.01.,SPD,21
BT02170118Q,Forsa,2017-01-18,2503,09.01.–13.01.,Gruene,9
BT02170118Q,Forsa,2017-01-18,2503,09.01.–13.01.,FDP,6
BT02170118Q,Forsa,2017-01-18,2503,09.01.–13.01.,Linke,9
BT02170118Q,Forsa,2017-01-18,2503,09.01.–13.01.,AfD,11
BT02170118Q,Forsa,2017-01-18,2503,09.01.–13.01.,BSW,NA
BT03170121N,Verian,2017-01-21,2805,12.01.–18.01.,CDUCSU,36
BT03170121N,Verian,2017-01-21,2805,12.01.–18.01.,SPD,21
BT03170121N,Verian,2017-01-21,2805,12.01.–18.01.,Gruene,9
BT03170121N,Verian,2017-01-21,2805,12.01.–18.01.,FDP,6
BT03170121N,Verian,2017-01-21,2805,12.01.–18.01.,Linke,11
BT03170121N,Verian,2017-01-21,2805,12.01.–18.01.,AfD,12
BT03170121N,Verian,2017-01-21,2805,12.01.–18.01.,BSW,NA
BT02170125R,Forsa,2017-01-25,2504,16.01.–20.01.,CDUCSU,37
BT02170125R,Forsa,2017-01-25,2504,16.01.–20.01.,SPD,21
BT02170125R,Forsa,2017-01-25,2504,16.01.–20.01.,Gruene,10
BT02170125R,Forsa,2017-01-25,2504,16.01.–20.01.,FDP,6
BT02170125R,Forsa,2017-01-25,2504,16.01.–20.01.,Linke,9
BT02170125R,Forsa,2017-01-25,2504,16.01.–20.01.,AfD,12
BT02170125R,Forsa,2017-01-25,2504,16.01.–20.01.,BSW,NA
BT01170127Q,Infratest dimap,2017-01-27,1029,24.01.–25.01.,CDUCSU,35
BT01170127Q,Infratest dimap,2017-01-27,1029,24.01.–25.01.,SPD,23
BT01170127Q,Infratest dimap,2017-01-27,1029,24.01.–25.01.,Gruene,9
BT01170127Q,Infratest dimap,2017-01-27,1029,24.01.–25.01.,FDP,6
BT01170127Q,Infratest dimap,2017-01-27,1029,24.01.–25.01.,Linke,8
BT01170127Q,Infratest dimap,2017-01-27,1029,24.01.–25.01.,AfD,14
BT01170127Q,Infratest dimap,2017-01-27,1029,24.01.–25.01.,BSW,NA
BT03170128O,Verian,2017-01-28,1996,19.01.–25.01.,CDUCSU,37
BT03170128O,Verian,2017-01-28,1996,19.01.–25.01.,SPD,23
BT03170128O,Verian,2017-01-28,1996,19.01.–25.01.,Gruene,10
BT03170128O,Verian,2017-01-28,1996,19.01.–25.01.,FDP,6
BT03170128O,Verian,2017-01-28,1996,19.01.–25.01.,Linke,10
BT03170128O,Verian,2017-01-28,1996,19.01.–25.01.,AfD,11
BT03170128O,Verian,2017-01-28,1996,19.01.–25.01.,BSW,NA
BT02170201S,Forsa,2017-02-01,2502,23.01.–27.01.,CDUCSU,35
BT02170201S,Forsa,2017-02-01,2502,23.01.–27.01.,SPD,26
BT02170201S,Forsa,2017-02-01,2502,23.01.–27.01.,Gruene,8
BT02170201S,Forsa,2017-02-01,2502,23.01.–27.01.,FDP,6
BT02170201S,Forsa,2017-02-01,2502,23.01.–27.01.,Linke,9
BT02170201S,Forsa,2017-02-01,2502,23.01.–27.01.,AfD,11
BT02170201S,Forsa,2017-02-01,2502,23.01.–27.01.,BSW,NA
BT01170202R,Infratest dimap,2017-02-02,1506,30.01.–01.02.,CDUCSU,34
BT01170202R,Infratest dimap,2017-02-02,1506,30.01.–01.02.,SPD,28
BT01170202R,Infratest dimap,2017-02-02,1506,30.01.–01.02.,Gruene,8
BT01170202R,Infratest dimap,2017-02-02,1506,30.01.–01.02.,FDP,6
BT01170202R,Infratest dimap,2017-02-02,1506,30.01.–01.02.,Linke,8
BT01170202R,Infratest dimap,2017-02-02,1506,30.01.–01.02.,AfD,12
BT01170202R,Infratest dimap,2017-02-02,1506,30.01.–01.02.,BSW,NA
BT03170204P,Verian,2017-02-04,2233,26.01.–02.02.,CDUCSU,33
BT03170204P,Verian,2017-02-04,2233,26.01.–02.02.,SPD,29
BT03170204P,Verian,2017-02-04,2233,26.01.–02.02.,Gruene,8
BT03170204P,Verian,2017-02-04,2233,26.01.–02.02.,FDP,6
BT03170204P,Verian,2017-02-04,2233,26.01.–02.02.,Linke,8
BT03170204P,Verian,2017-02-04,2233,26.01.–02.02.,AfD,11
BT03170204P,Verian,2017-02-04,2233,26.01.–02.02.,BSW,NA
BT02170208T,Forsa,2017-02-08,2501,30.01.–03.02.,CDUCSU,34
BT02170208T,Forsa,2017-02-08,2501,30.01.–03.02.,SPD,31
BT02170208T,Forsa,2017-02-08,2501,30.01.–03.02.,Gruene,8
BT02170208T,Forsa,2017-02-08,2501,30.01.–03.02.,FDP,5
BT02170208T,Forsa,2017-02-08,2501,30.01.–03.02.,Linke,8
BT02170208T,Forsa,2017-02-08,2501,30.01.–03.02.,AfD,10
BT02170208T,Forsa,2017-02-08,2501,30.01.–03.02.,BSW,NA
BT03170211Q,Verian,2017-02-11,1966,02.02.–08.02.,CDUCSU,33
BT03170211Q,Verian,2017-02-11,1966,02.02.–08.02.,SPD,32
BT03170211Q,Verian,2017-02-11,1966,02.02.–08.02.,Gruene,7
BT03170211Q,Verian,2017-02-11,1966,02.02.–08.02.,FDP,6
BT03170211Q,Verian,2017-02-11,1966,02.02.–08.02.,Linke,8
BT03170211Q,Verian,2017-02-11,1966,02.02.–08.02.,AfD,10
BT03170211Q,Verian,2017-02-11,1966,02.02.–08.02.,BSW,NA
BT02170215U,Forsa,2017-02-15,2502,05.02.–10.02.,CDUCSU,34
BT02170215U,Forsa,2017-02-15,2502,05.02.–10.02.,SPD,31
BT02170215U,Forsa,2017-02-15,2502,05.02.–10.02.,Gruene,7
BT02170215U,Forsa,2017-02-15,2502,05.02.–10.02.,FDP,5
BT02170215U,Forsa,2017-02-15,2502,05.02.–10.02.,Linke,8
BT02170215U,Forsa,2017-02-15,2502,05.02.–10.02.,AfD,9
BT02170215U,Forsa,2017-02-15,2502,05.02.–10.02.,BSW,NA
BT03170218R,Verian,2017-02-18,1885,09.02.–15.02.,CDUCSU,32
BT03170218R,Verian,2017-02-18,1885,09.02.–15.02.,SPD,33
BT03170218R,Verian,2017-02-18,1885,09.02.–15.02.,Gruene,7
BT03170218R,Verian,2017-02-18,1885,09.02.–15.02.,FDP,6
BT03170218R,Verian,2017-02-18,1885,09.02.–15.02.,Linke,8
BT03170218R,Verian,2017-02-18,1885,09.02.–15.02.,AfD,9
BT03170218R,Verian,2017-02-18,1885,09.02.–15.02.,BSW,NA
BT02170222V,Forsa,2017-02-22,2502,13.02.–17.02.,CDUCSU,34
BT02170222V,Forsa,2017-02-22,2502,13.02.–17.02.,SPD,31
BT02170222V,Forsa,2017-02-22,2502,13.02.–17.02.,Gruene,7
BT02170222V,Forsa,2017-02-22,2502,13.02.–17.02.,FDP,6
BT02170222V,Forsa,2017-02-22,2502,13.02.–17.02.,Linke,8
BT02170222V,Forsa,2017-02-22,2502,13.02.–17.02.,AfD,8
BT02170222V,Forsa,2017-02-22,2502,13.02.–17.02.,BSW,NA
BT01170223S,Infratest dimap,2017-02-23,1047,20.02.–22.02.,CDUCSU,31
BT01170223S,Infratest dimap,2017-02-23,1047,20.02.–22.02.,SPD,32
BT01170223S,Infratest dimap,2017-02-23,1047,20.02.–22.02.,Gruene,8
BT01170223S,Infratest dimap,2017-02-23,1047,20.02.–22.02.,FDP,6
BT01170223S,Infratest dimap,2017-02-23,1047,20.02.–22.02.,Linke,7
BT01170223S,Infratest dimap,2017-02-23,1047,20.02.–22.02.,AfD,11
BT01170223S,Infratest dimap,2017-02-23,1047,20.02.–22.02.,BSW,NA
BT03170225S,Verian,2017-02-25,1880,16.02.–22.02.,CDUCSU,32
BT03170225S,Verian,2017-02-25,1880,16.02.–22.02.,SPD,32
BT03170225S,Verian,2017-02-25,1880,16.02.–22.02.,Gruene,7
BT03170225S,Verian,2017-02-25,1880,16.02.–22.02.,FDP,7
BT03170225S,Verian,2017-02-25,1880,16.02.–22.02.,Linke,8
BT03170225S,Verian,2017-02-25,1880,16.02.–22.02.,AfD,9
BT03170225S,Verian,2017-02-25,1880,16.02.–22.02.,BSW,NA
BT02170301W,Forsa,2017-03-01,2500,20.02.–24.02.,CDUCSU,33
BT02170301W,Forsa,2017-03-01,2500,20.02.–24.02.,SPD,31
BT02170301W,Forsa,2017-03-01,2500,20.02.–24.02.,Gruene,8
BT02170301W,Forsa,2017-03-01,2500,20.02.–24.02.,FDP,7
BT02170301W,Forsa,2017-03-01,2500,20.02.–24.02.,Linke,7
BT02170301W,Forsa,2017-03-01,2500,20.02.–24.02.,AfD,9
BT02170301W,Forsa,2017-03-01,2500,20.02.–24.02.,BSW,NA
BT03170304T,Verian,2017-03-04,1403,23.02.–01.03.,CDUCSU,33
BT03170304T,Verian,2017-03-04,1403,23.02.–01.03.,SPD,32
BT03170304T,Verian,2017-03-04,1403,23.02.–01.03.,Gruene,7
BT03170304T,Verian,2017-03-04,1403,23.02.–01.03.,FDP,6
BT03170304T,Verian,2017-03-04,1403,23.02.–01.03.,Linke,8
BT03170304T,Verian,2017-03-04,1403,23.02.–01.03.,AfD,10
BT03170304T,Verian,2017-03-04,1403,23.02.–01.03.,BSW,NA
BT02170308X,Forsa,2017-03-08,2502,27.02.–03.03.,CDUCSU,33
BT02170308X,Forsa,2017-03-08,2502,27.02.–03.03.,SPD,32
BT02170308X,Forsa,2017-03-08,2502,27.02.–03.03.,Gruene,8
BT02170308X,Forsa,2017-03-08,2502,27.02.–03.03.,FDP,6
BT02170308X,Forsa,2017-03-08,2502,27.02.–03.03.,Linke,7
BT02170308X,Forsa,2017-03-08,2502,27.02.–03.03.,AfD,8
BT02170308X,Forsa,2017-03-08,2502,27.02.–03.03.,BSW,NA
BT01170309T,Infratest dimap,2017-03-09,1502,06.03.–08.03.,CDUCSU,32
BT01170309T,Infratest dimap,2017-03-09,1502,06.03.–08.03.,SPD,31
BT01170309T,Infratest dimap,2017-03-09,1502,06.03.–08.03.,Gruene,8
BT01170309T,Infratest dimap,2017-03-09,1502,06.03.–08.03.,FDP,6
BT01170309T,Infratest dimap,2017-03-09,1502,06.03.–08.03.,Linke,8
BT01170309T,Infratest dimap,2017-03-09,1502,06.03.–08.03.,AfD,11
BT01170309T,Infratest dimap,2017-03-09,1502,06.03.–08.03.,BSW,NA
BT03170311U,Verian,2017-03-11,1882,02.03.–08.03.,CDUCSU,33
BT03170311U,Verian,2017-03-11,1882,02.03.–08.03.,SPD,33
BT03170311U,Verian,2017-03-11,1882,02.03.–08.03.,Gruene,7
BT03170311U,Verian,2017-03-11,1882,02.03.–08.03.,FDP,6
BT03170311U,Verian,2017-03-11,1882,02.03.–08.03.,Linke,8
BT03170311U,Verian,2017-03-11,1882,02.03.–08.03.,AfD,8
BT03170311U,Verian,2017-03-11,1882,02.03.–08.03.,BSW,NA
BT02170315Y,Forsa,2017-03-15,2505,06.03.–10.03.,CDUCSU,33
BT02170315Y,Forsa,2017-03-15,2505,06.03.–10.03.,SPD,32
BT02170315Y,Forsa,2017-03-15,2505,06.03.–10.03.,Gruene,7
BT02170315Y,Forsa,2017-03-15,2505,06.03.–10.03.,FDP,6
BT02170315Y,Forsa,2017-03-15,2505,06.03.–10.03.,Linke,7
BT02170315Y,Forsa,2017-03-15,2505,06.03.–10.03.,AfD,9
BT02170315Y,Forsa,2017-03-15,2505,06.03.–10.03.,BSW,NA
BT03170318V,Verian,2017-03-18,1832,09.03.–15.03.,CDUCSU,33
BT03170318V,Verian,2017-03-18,1832,09.03.–15.03.,SPD,32
BT03170318V,Verian,2017-03-18,1832,09.03.–15.03.,Gruene,8
BT03170318V,Verian,2017-03-18,1832,09.03.–15.03.,FDP,5
BT03170318V,Verian,2017-03-18,1832,09.03.–15.03.,Linke,8
BT03170318V,Verian,2017-03-18,1832,09.03.–15.03.,AfD,9
BT03170318V,Verian,2017-03-18,1832,09.03.–15.03.,BSW,NA
BT02170322A,Forsa,2017-03-22,2504,13.03.–17.03.,CDUCSU,34
BT02170322A,Forsa,2017-03-22,2504,13.03.–17.03.,SPD,31
BT02170322A,Forsa,2017-03-22,2504,13.03.–17.03.,Gruene,7
BT02170322A,Forsa,2017-03-22,2504,13.03.–17.03.,FDP,6
BT02170322A,Forsa,2017-03-22,2504,13.03.–17.03.,Linke,7
BT02170322A,Forsa,2017-03-22,2504,13.03.–17.03.,AfD,9
BT02170322A,Forsa,2017-03-22,2504,13.03.–17.03.,BSW,NA
BT01170323U,Infratest dimap,2017-03-23,1023,20.03.–22.03.,CDUCSU,32
BT01170323U,Infratest dimap,2017-03-23,1023,20.03.–22.03.,SPD,32
BT01170323U,Infratest dimap,2017-03-23,1023,20.03.–22.03.,Gruene,8
BT01170323U,Infratest dimap,2017-03-23,1023,20.03.–22.03.,FDP,6
BT01170323U,Infratest dimap,2017-03-23,1023,20.03.–22.03.,Linke,7
BT01170323U,Infratest dimap,2017-03-23,1023,20.03.–22.03.,AfD,11
BT01170323U,Infratest dimap,2017-03-23,1023,20.03.–22.03.,BSW,NA
BT03170325W,Verian,2017-03-25,2450,16.03.–22.03.,CDUCSU,33
BT03170325W,Verian,2017-03-25,2450,16.03.–22.03.,SPD,33
BT03170325W,Verian,2017-03-25,2450,16.03.–22.03.,Gruene,8
BT03170325W,Verian,2017-03-25,2450,16.03.–22.03.,FDP,5
BT03170325W,Verian,2017-03-25,2450,16.03.–22.03.,Linke,8
BT03170325W,Verian,2017-03-25,2450,16.03.–22.03.,AfD,9
BT03170325W,Verian,2017-03-25,2450,16.03.–22.03.,BSW,NA
BT02170329B,Forsa,2017-03-29,2501,20.03.–24.03.,CDUCSU,34
BT02170329B,Forsa,2017-03-29,2501,20.03.–24.03.,SPD,32
BT02170329B,Forsa,2017-03-29,2501,20.03.–24.03.,Gruene,7
BT02170329B,Forsa,2017-03-29,2501,20.03.–24.03.,FDP,6
BT02170329B,Forsa,2017-03-29,2501,20.03.–24.03.,Linke,8
BT02170329B,Forsa,2017-03-29,2501,20.03.–24.03.,AfD,7
BT02170329B,Forsa,2017-03-29,2501,20.03.–24.03.,BSW,NA
BT03170401X,Verian,2017-04-01,2416,23.03.–29.03.,CDUCSU,33
BT03170401X,Verian,2017-04-01,2416,23.03.–29.03.,SPD,33
BT03170401X,Verian,2017-04-01,2416,23.03.–29.03.,Gruene,7
BT03170401X,Verian,2017-04-01,2416,23.03.–29.03.,FDP,6
BT03170401X,Verian,2017-04-01,2416,23.03.–29.03.,Linke,8
BT03170401X,Verian,2017-04-01,2416,23.03.–29.03.,AfD,8
BT03170401X,Verian,2017-04-01,2416,23.03.–29.03.,BSW,NA
BT02170404C,Forsa,2017-04-04,2504,27.03.–31.03.,CDUCSU,36
BT02170404C,Forsa,2017-04-04,2504,27.03.–31.03.,SPD,29
BT02170404C,Forsa,2017-04-04,2504,27.03.–31.03.,Gruene,7
BT02170404C,Forsa,2017-04-04,2504,27.03.–31.03.,FDP,5
BT02170404C,Forsa,2017-04-04,2504,27.03.–31.03.,Linke,9
BT02170404C,Forsa,2017-04-04,2504,27.03.–31.03.,AfD,8
BT02170404C,Forsa,2017-04-04,2504,27.03.–31.03.,BSW,NA
BT03170408Y,Verian,2017-04-08,1958,30.03.–05.04.,CDUCSU,35
BT03170408Y,Verian,2017-04-08,1958,30.03.–05.04.,SPD,33
BT03170408Y,Verian,2017-04-08,1958,30.03.–05.04.,Gruene,7
BT03170408Y,Verian,2017-04-08,1958,30.03.–05.04.,FDP,5
BT03170408Y,Verian,2017-04-08,1958,30.03.–05.04.,Linke,8
BT03170408Y,Verian,2017-04-08,1958,30.03.–05.04.,AfD,9
BT03170408Y,Verian,2017-04-08,1958,30.03.–05.04.,BSW,NA
BT02170411D,Forsa,2017-04-11,2502,03.04.–07.04.,CDUCSU,36
BT02170411D,Forsa,2017-04-11,2502,03.04.–07.04.,SPD,30
BT02170411D,Forsa,2017-04-11,2502,03.04.–07.04.,Gruene,7
BT02170411D,Forsa,2017-04-11,2502,03.04.–07.04.,FDP,6
BT02170411D,Forsa,2017-04-11,2502,03.04.–07.04.,Linke,8
BT02170411D,Forsa,2017-04-11,2502,03.04.–07.04.,AfD,8
BT02170411D,Forsa,2017-04-11,2502,03.04.–07.04.,BSW,NA
BT01170413V,Infratest dimap,2017-04-13,1502,10.04.–12.04.,CDUCSU,34
BT01170413V,Infratest dimap,2017-04-13,1502,10.04.–12.04.,SPD,31
BT01170413V,Infratest dimap,2017-04-13,1502,10.04.–12.04.,Gruene,8
BT01170413V,Infratest dimap,2017-04-13,1502,10.04.–12.04.,FDP,6
BT01170413V,Infratest dimap,2017-04-13,1502,10.04.–12.04.,Linke,7
BT01170413V,Infratest dimap,2017-04-13,1502,10.04.–12.04.,AfD,11
BT01170413V,Infratest dimap,2017-04-13,1502,10.04.–12.04.,BSW,NA
BT03170415A,Verian,2017-04-15,2436,06.04.–12.04.,CDUCSU,35
BT03170415A,Verian,2017-04-15,2436,06.04.–12.04.,SPD,31
BT03170415A,Verian,2017-04-15,2436,06.04.–12.04.,Gruene,7
BT03170415A,Verian,2017-04-15,2436,06.04.–12.04.,FDP,6
BT03170415A,Verian,2017-04-15,2436,06.04.–12.04.,Linke,9
BT03170415A,Verian,2017-04-15,2436,06.04.–12.04.,AfD,9
BT03170415A,Verian,2017-04-15,2436,06.04.–12.04.,BSW,NA
BT02170419E,Forsa,2017-04-19,2007,10.04.–13.04.,CDUCSU,36
BT02170419E,Forsa,2017-04-19,2007,10.04.–13.04.,SPD,30
BT02170419E,Forsa,2017-04-19,2007,10.04.–13.04.,Gruene,6
BT02170419E,Forsa,2017-04-19,2007,10.04.–13.04.,FDP,6
BT02170419E,Forsa,2017-04-19,2007,10.04.–13.04.,Linke,9
BT02170419E,Forsa,2017-04-19,2007,10.04.–13.04.,AfD,8
BT02170419E,Forsa,2017-04-19,2007,10.04.–13.04.,BSW,NA
BT01170420W,Infratest dimap,2017-04-20,934,18.04.–19.04.,CDUCSU,35
BT01170420W,Infratest dimap,2017-04-20,934,18.04.–19.04.,SPD,30
BT01170420W,Infratest dimap,2017-04-20,934,18.04.–19.04.,Gruene,7
BT01170420W,Infratest dimap,2017-04-20,934,18.04.–19.04.,FDP,6
BT01170420W,Infratest dimap,2017-04-20,934,18.04.–19.04.,Linke,8
BT01170420W,Infratest dimap,2017-04-20,934,18.04.–19.04.,AfD,10
BT01170420W,Infratest dimap,2017-04-20,934,18.04.–19.04.,BSW,NA
BT03170422B,Verian,2017-04-22,1412,13.04.–19.04.,CDUCSU,36
BT03170422B,Verian,2017-04-22,1412,13.04.–19.04.,SPD,31
BT03170422B,Verian,2017-04-22,1412,13.04.–19.04.,Gruene,6
BT03170422B,Verian,2017-04-22,1412,13.04.–19.04.,FDP,5
BT03170422B,Verian,2017-04-22,1412,13.04.–19.04.,Linke,9
BT03170422B,Verian,2017-04-22,1412,13.04.–19.04.,AfD,9
BT03170422B,Verian,2017-04-22,1412,13.04.–19.04.,BSW,NA
BT02170426F,Forsa,2017-04-26,2002,18.04.–21.04.,CDUCSU,36
BT02170426F,Forsa,2017-04-26,2002,18.04.–21.04.,SPD,30
BT02170426F,Forsa,2017-04-26,2002,18.04.–21.04.,Gruene,7
BT02170426F,Forsa,2017-04-26,2002,18.04.–21.04.,FDP,6
BT02170426F,Forsa,2017-04-26,2002,18.04.–21.04.,Linke,8
BT02170426F,Forsa,2017-04-26,2002,18.04.–21.04.,AfD,9
BT02170426F,Forsa,2017-04-26,2002,18.04.–21.04.,BSW,NA
BT03170429C,Verian,2017-04-29,2439,20.04.–26.04.,CDUCSU,36
BT03170429C,Verian,2017-04-29,2439,20.04.–26.04.,SPD,29
BT03170429C,Verian,2017-04-29,2439,20.04.–26.04.,Gruene,7
BT03170429C,Verian,2017-04-29,2439,20.04.–26.04.,FDP,6
BT03170429C,Verian,2017-04-29,2439,20.04.–26.04.,Linke,9
BT03170429C,Verian,2017-04-29,2439,20.04.–26.04.,AfD,9
BT03170429C,Verian,2017-04-29,2439,20.04.–26.04.,BSW,NA
BT02170503G,Forsa,2017-05-03,2502,24.04.–28.04.,CDUCSU,36
BT02170503G,Forsa,2017-05-03,2502,24.04.–28.04.,SPD,28
BT02170503G,Forsa,2017-05-03,2502,24.04.–28.04.,Gruene,8
BT02170503G,Forsa,2017-05-03,2502,24.04.–28.04.,FDP,7
BT02170503G,Forsa,2017-05-03,2502,24.04.–28.04.,Linke,8
BT02170503G,Forsa,2017-05-03,2502,24.04.–28.04.,AfD,8
BT02170503G,Forsa,2017-05-03,2502,24.04.–28.04.,BSW,NA
BT13170505D,YouGov,2017-05-05,1957,27.04.–02.05.,CDUCSU,35
BT13170505D,YouGov,2017-05-05,1957,27.04.–02.05.,SPD,28
BT13170505D,YouGov,2017-05-05,1957,27.04.–02.05.,Gruene,7
BT13170505D,YouGov,2017-05-05,1957,27.04.–02.05.,FDP,7
BT13170505D,YouGov,2017-05-05,1957,27.04.–02.05.,Linke,9
BT13170505D,YouGov,2017-05-05,1957,27.04.–02.05.,AfD,9
BT13170505D,YouGov,2017-05-05,1957,27.04.–02.05.,BSW,NA
BT03170506D,Verian,2017-05-06,1935,27.04.–03.05.,CDUCSU,36
BT03170506D,Verian,2017-05-06,1935,27.04.–03.05.,SPD,28
BT03170506D,Verian,2017-05-06,1935,27.04.–03.05.,Gruene,7
BT03170506D,Verian,2017-05-06,1935,27.04.–03.05.,FDP,6
BT03170506D,Verian,2017-05-06,1935,27.04.–03.05.,Linke,9
BT03170506D,Verian,2017-05-06,1935,27.04.–03.05.,AfD,9
BT03170506D,Verian,2017-05-06,1935,27.04.–03.05.,BSW,NA
BT02170510H,Forsa,2017-05-10,2004,02.05.–05.05.,CDUCSU,36
BT02170510H,Forsa,2017-05-10,2004,02.05.–05.05.,SPD,29
BT02170510H,Forsa,2017-05-10,2004,02.05.–05.05.,Gruene,7
BT02170510H,Forsa,2017-05-10,2004,02.05.–05.05.,FDP,7
BT02170510H,Forsa,2017-05-10,2004,02.05.–05.05.,Linke,8
BT02170510H,Forsa,2017-05-10,2004,02.05.–05.05.,AfD,7
BT02170510H,Forsa,2017-05-10,2004,02.05.–05.05.,BSW,NA
BT01170511X,Infratest dimap,2017-05-11,1500,08.05.–10.05.,CDUCSU,37
BT01170511X,Infratest dimap,2017-05-11,1500,08.05.–10.05.,SPD,27
BT01170511X,Infratest dimap,2017-05-11,1500,08.05.–10.05.,Gruene,8
BT01170511X,Infratest dimap,2017-05-11,1500,08.05.–10.05.,FDP,8
BT01170511X,Infratest dimap,2017-05-11,1500,08.05.–10.05.,Linke,7
BT01170511X,Infratest dimap,2017-05-11,1500,08.05.–10.05.,AfD,10
BT01170511X,Infratest dimap,2017-05-11,1500,08.05.–10.05.,BSW,NA
BT13170512E,YouGov,2017-05-12,2010,08.05.–11.05.,CDUCSU,37
BT13170512E,YouGov,2017-05-12,2010,08.05.–11.05.,SPD,25
BT13170512E,YouGov,2017-05-12,2010,08.05.–11.05.,Gruene,7
BT13170512E,YouGov,2017-05-12,2010,08.05.–11.05.,FDP,9
BT13170512E,YouGov,2017-05-12,2010,08.05.–11.05.,Linke,8
BT13170512E,YouGov,2017-05-12,2010,08.05.–11.05.,AfD,9
BT13170512E,YouGov,2017-05-12,2010,08.05.–11.05.,BSW,NA
BT03170513E,Verian,2017-05-13,1837,04.05.–10.05.,CDUCSU,37
BT03170513E,Verian,2017-05-13,1837,04.05.–10.05.,SPD,27
BT03170513E,Verian,2017-05-13,1837,04.05.–10.05.,Gruene,8
BT03170513E,Verian,2017-05-13,1837,04.05.–10.05.,FDP,6
BT03170513E,Verian,2017-05-13,1837,04.05.–10.05.,Linke,10
BT03170513E,Verian,2017-05-13,1837,04.05.–10.05.,AfD,8
BT03170513E,Verian,2017-05-13,1837,04.05.–10.05.,BSW,NA
BT02170517I,Forsa,2017-05-17,2506,08.05.–12.05.,CDUCSU,38
BT02170517I,Forsa,2017-05-17,2506,08.05.–12.05.,SPD,26
BT02170517I,Forsa,2017-05-17,2506,08.05.–12.05.,Gruene,7
BT02170517I,Forsa,2017-05-17,2506,08.05.–12.05.,FDP,8
BT02170517I,Forsa,2017-05-17,2506,08.05.–12.05.,Linke,8
BT02170517I,Forsa,2017-05-17,2506,08.05.–12.05.,AfD,7
BT02170517I,Forsa,2017-05-17,2506,08.05.–12.05.,BSW,NA
BT01170518Y,Infratest dimap,2017-05-18,1017,16.05.–17.05.,CDUCSU,38
BT01170518Y,Infratest dimap,2017-05-18,1017,16.05.–17.05.,SPD,26
BT01170518Y,Infratest dimap,2017-05-18,1017,16.05.–17.05.,Gruene,8
BT01170518Y,Infratest dimap,2017-05-18,1017,16.05.–17.05.,FDP,9
BT01170518Y,Infratest dimap,2017-05-18,1017,16.05.–17.05.,Linke,6
BT01170518Y,Infratest dimap,2017-05-18,1017,16.05.–17.05.,AfD,9
BT01170518Y,Infratest dimap,2017-05-18,1017,16.05.–17.05.,BSW,NA
BT13170519F,YouGov,2017-05-19,2000,15.05.–17.05.,CDUCSU,38
BT13170519F,YouGov,2017-05-19,2000,15.05.–17.05.,SPD,25
BT13170519F,YouGov,2017-05-19,2000,15.05.–17.05.,Gruene,7
BT13170519F,YouGov,2017-05-19,2000,15.05.–17.05.,FDP,9
BT13170519F,YouGov,2017-05-19,2000,15.05.–17.05.,Linke,9
BT13170519F,YouGov,2017-05-19,2000,15.05.–17.05.,AfD,9
BT13170519F,YouGov,2017-05-19,2000,15.05.–17.05.,BSW,NA
BT03170520F,Verian,2017-05-20,2413,11.05.–17.05.,CDUCSU,38
BT03170520F,Verian,2017-05-20,2413,11.05.–17.05.,SPD,26
BT03170520F,Verian,2017-05-20,2413,11.05.–17.05.,Gruene,7
BT03170520F,Verian,2017-05-20,2413,11.05.–17.05.,FDP,7
BT03170520F,Verian,2017-05-20,2413,11.05.–17.05.,Linke,9
BT03170520F,Verian,2017-05-20,2413,11.05.–17.05.,AfD,8
BT03170520F,Verian,2017-05-20,2413,11.05.–17.05.,BSW,NA
BT02170523J,Forsa,2017-05-23,2502,15.05.–19.05.,CDUCSU,39
BT02170523J,Forsa,2017-05-23,2502,15.05.–19.05.,SPD,25
BT02170523J,Forsa,2017-05-23,2502,15.05.–19.05.,Gruene,7
BT02170523J,Forsa,2017-05-23,2502,15.05.–19.05.,FDP,9
BT02170523J,Forsa,2017-05-23,2502,15.05.–19.05.,Linke,8
BT02170523J,Forsa,2017-05-23,2502,15.05.–19.05.,AfD,7
BT02170523J,Forsa,2017-05-23,2502,15.05.–19.05.,BSW,NA
BT03170527G,Verian,2017-05-27,1703,18.05.–23.05.,CDUCSU,38
BT03170527G,Verian,2017-05-27,1703,18.05.–23.05.,SPD,25
BT03170527G,Verian,2017-05-27,1703,18.05.–23.05.,Gruene,8
BT03170527G,Verian,2017-05-27,1703,18.05.–23.05.,FDP,8
BT03170527G,Verian,2017-05-27,1703,18.05.–23.05.,Linke,8
BT03170527G,Verian,2017-05-27,1703,18.05.–23.05.,AfD,8
BT03170527G,Verian,2017-05-27,1703,18.05.–23.05.,BSW,NA
BT02170531K,Forsa,2017-05-31,2001,22.05.–26.05.,CDUCSU,38
BT02170531K,Forsa,2017-05-31,2001,22.05.–26.05.,SPD,25
BT02170531K,Forsa,2017-05-31,2001,22.05.–26.05.,Gruene,7
BT02170531K,Forsa,2017-05-31,2001,22.05.–26.05.,FDP,9
BT02170531K,Forsa,2017-05-31,2001,22.05.–26.05.,Linke,8
BT02170531K,Forsa,2017-05-31,2001,22.05.–26.05.,AfD,7
BT02170531K,Forsa,2017-05-31,2001,22.05.–26.05.,BSW,NA
BT13170602G,YouGov,2017-06-02,2040,29.05.–31.05.,CDUCSU,37
BT13170602G,YouGov,2017-06-02,2040,29.05.–31.05.,SPD,23
BT13170602G,YouGov,2017-06-02,2040,29.05.–31.05.,Gruene,8
BT13170602G,YouGov,2017-06-02,2040,29.05.–31.05.,FDP,9
BT13170602G,YouGov,2017-06-02,2040,29.05.–31.05.,Linke,10
BT13170602G,YouGov,2017-06-02,2040,29.05.–31.05.,AfD,9
BT13170602G,YouGov,2017-06-02,2040,29.05.–31.05.,BSW,NA
BT03170603H,Verian,2017-06-03,1838,24.05.–31.05.,CDUCSU,38
BT03170603H,Verian,2017-06-03,1838,24.05.–31.05.,SPD,27
BT03170603H,Verian,2017-06-03,1838,24.05.–31.05.,Gruene,7
BT03170603H,Verian,2017-06-03,1838,24.05.–31.05.,FDP,7
BT03170603H,Verian,2017-06-03,1838,24.05.–31.05.,Linke,8
BT03170603H,Verian,2017-06-03,1838,24.05.–31.05.,AfD,8
BT03170603H,Verian,2017-06-03,1838,24.05.–31.05.,BSW,NA
BT02170607L,Forsa,2017-06-07,2501,29.05.–02.06.,CDUCSU,39
BT02170607L,Forsa,2017-06-07,2501,29.05.–02.06.,SPD,24
BT02170607L,Forsa,2017-06-07,2501,29.05.–02.06.,Gruene,8
BT02170607L,Forsa,2017-06-07,2501,29.05.–02.06.,FDP,8
BT02170607L,Forsa,2017-06-07,2501,29.05.–02.06.,Linke,8
BT02170607L,Forsa,2017-06-07,2501,29.05.–02.06.,AfD,7
BT02170607L,Forsa,2017-06-07,2501,29.05.–02.06.,BSW,NA
BT01170608A,Infratest dimap,2017-06-08,1503,06.06.–07.06.,CDUCSU,38
BT01170608A,Infratest dimap,2017-06-08,1503,06.06.–07.06.,SPD,24
BT01170608A,Infratest dimap,2017-06-08,1503,06.06.–07.06.,Gruene,7
BT01170608A,Infratest dimap,2017-06-08,1503,06.06.–07.06.,FDP,10
BT01170608A,Infratest dimap,2017-06-08,1503,06.06.–07.06.,Linke,8
BT01170608A,Infratest dimap,2017-06-08,1503,06.06.–07.06.,AfD,9
BT01170608A,Infratest dimap,2017-06-08,1503,06.06.–07.06.,BSW,NA
BT03170610I,Verian,2017-06-10,1398,01.06.–07.06.,CDUCSU,39
BT03170610I,Verian,2017-06-10,1398,01.06.–07.06.,SPD,25
BT03170610I,Verian,2017-06-10,1398,01.06.–07.06.,Gruene,8
BT03170610I,Verian,2017-06-10,1398,01.06.–07.06.,FDP,7
BT03170610I,Verian,2017-06-10,1398,01.06.–07.06.,Linke,9
BT03170610I,Verian,2017-06-10,1398,01.06.–07.06.,AfD,8
BT03170610I,Verian,2017-06-10,1398,01.06.–07.06.,BSW,NA
BT02170613M,Forsa,2017-06-13,2004,06.06.–09.06.,CDUCSU,38
BT02170613M,Forsa,2017-06-13,2004,06.06.–09.06.,SPD,24
BT02170613M,Forsa,2017-06-13,2004,06.06.–09.06.,Gruene,8
BT02170613M,Forsa,2017-06-13,2004,06.06.–09.06.,FDP,9
BT02170613M,Forsa,2017-06-13,2004,06.06.–09.06.,Linke,8
BT02170613M,Forsa,2017-06-13,2004,06.06.–09.06.,AfD,7
BT02170613M,Forsa,2017-06-13,2004,06.06.–09.06.,BSW,NA
BT01170615B,Infratest dimap,2017-06-15,1018,12.06.–13.06.,CDUCSU,39
BT01170615B,Infratest dimap,2017-06-15,1018,12.06.–13.06.,SPD,24
BT01170615B,Infratest dimap,2017-06-15,1018,12.06.–13.06.,Gruene,7
BT01170615B,Infratest dimap,2017-06-15,1018,12.06.–13.06.,FDP,9
BT01170615B,Infratest dimap,2017-06-15,1018,12.06.–13.06.,Linke,8
BT01170615B,Infratest dimap,2017-06-15,1018,12.06.–13.06.,AfD,8
BT01170615B,Infratest dimap,2017-06-15,1018,12.06.–13.06.,BSW,NA
BT03170617J,Verian,2017-06-17,2054,08.06.–13.06.,CDUCSU,39
BT03170617J,Verian,2017-06-17,2054,08.06.–13.06.,SPD,25
BT03170617J,Verian,2017-06-17,2054,08.06.–13.06.,Gruene,7
BT03170617J,Verian,2017-06-17,2054,08.06.–13.06.,FDP,7
BT03170617J,Verian,2017-06-17,2054,08.06.–13.06.,Linke,9
BT03170617J,Verian,2017-06-17,2054,08.06.–13.06.,AfD,8
BT03170617J,Verian,2017-06-17,2054,08.06.–13.06.,BSW,NA
BT02170621N,Forsa,2017-06-21,2505,12.06.–16.06.,CDUCSU,39
BT02170621N,Forsa,2017-06-21,2505,12.06.–16.06.,SPD,23
BT02170621N,Forsa,2017-06-21,2505,12.06.–16.06.,Gruene,8
BT02170621N,Forsa,2017-06-21,2505,12.06.–16.06.,FDP,8
BT02170621N,Forsa,2017-06-21,2505,12.06.–16.06.,Linke,10
BT02170621N,Forsa,2017-06-21,2505,12.06.–16.06.,AfD,7
BT02170621N,Forsa,2017-06-21,2505,12.06.–16.06.,BSW,NA
BT13170623H,YouGov,2017-06-23,1523,19.06.–22.06.,CDUCSU,36
BT13170623H,YouGov,2017-06-23,1523,19.06.–22.06.,SPD,25
BT13170623H,YouGov,2017-06-23,1523,19.06.–22.06.,Gruene,8
BT13170623H,YouGov,2017-06-23,1523,19.06.–22.06.,FDP,9
BT13170623H,YouGov,2017-06-23,1523,19.06.–22.06.,Linke,10
BT13170623H,YouGov,2017-06-23,1523,19.06.–22.06.,AfD,7
BT13170623H,YouGov,2017-06-23,1523,19.06.–22.06.,BSW,NA
BT03170624K,Verian,2017-06-24,1363,16.06.–21.06.,CDUCSU,39
BT03170624K,Verian,2017-06-24,1363,16.06.–21.06.,SPD,24
BT03170624K,Verian,2017-06-24,1363,16.06.–21.06.,Gruene,8
BT03170624K,Verian,2017-06-24,1363,16.06.–21.06.,FDP,7
BT03170624K,Verian,2017-06-24,1363,16.06.–21.06.,Linke,9
BT03170624K,Verian,2017-06-24,1363,16.06.–21.06.,AfD,8
BT03170624K,Verian,2017-06-24,1363,16.06.–21.06.,BSW,NA
BT02170628O,Forsa,2017-06-28,2502,19.06.–23.06.,CDUCSU,40
BT02170628O,Forsa,2017-06-28,2502,19.06.–23.06.,SPD,23
BT02170628O,Forsa,2017-06-28,2502,19.06.–23.06.,Gruene,9
BT02170628O,Forsa,2017-06-28,2502,19.06.–23.06.,FDP,7
BT02170628O,Forsa,2017-06-28,2502,19.06.–23.06.,Linke,9
BT02170628O,Forsa,2017-06-28,2502,19.06.–23.06.,AfD,7
BT02170628O,Forsa,2017-06-28,2502,19.06.–23.06.,BSW,NA
BT02170629P,Forsa,2017-06-29,1507,26.06.–28.06.,CDUCSU,40
BT02170629P,Forsa,2017-06-29,1507,26.06.–28.06.,SPD,23
BT02170629P,Forsa,2017-06-29,1507,26.06.–28.06.,Gruene,9
BT02170629P,Forsa,2017-06-29,1507,26.06.–28.06.,FDP,8
BT02170629P,Forsa,2017-06-29,1507,26.06.–28.06.,Linke,9
BT02170629P,Forsa,2017-06-29,1507,26.06.–28.06.,AfD,7
BT02170629P,Forsa,2017-06-29,1507,26.06.–28.06.,BSW,NA
BT13170629I,YouGov,2017-06-29,2000,26.06.–28.06.,CDUCSU,38
BT13170629I,YouGov,2017-06-29,2000,26.06.–28.06.,SPD,25
BT13170629I,YouGov,2017-06-29,2000,26.06.–28.06.,Gruene,8
BT13170629I,YouGov,2017-06-29,2000,26.06.–28.06.,FDP,8
BT13170629I,YouGov,2017-06-29,2000,26.06.–28.06.,Linke,9
BT13170629I,YouGov,2017-06-29,2000,26.06.–28.06.,AfD,8
BT13170629I,YouGov,2017-06-29,2000,26.06.–28.06.,BSW,NA
BT03170701L,Verian,2017-07-01,936,22.06.–24.06.,CDUCSU,39
BT03170701L,Verian,2017-07-01,936,22.06.–24.06.,SPD,24
BT03170701L,Verian,2017-07-01,936,22.06.–24.06.,Gruene,8
BT03170701L,Verian,2017-07-01,936,22.06.–24.06.,FDP,8
BT03170701L,Verian,2017-07-01,936,22.06.–24.06.,Linke,9
BT03170701L,Verian,2017-07-01,936,22.06.–24.06.,AfD,7
BT03170701L,Verian,2017-07-01,936,22.06.–24.06.,BSW,NA
BT02170705Q,Forsa,2017-07-05,2503,26.06.–30.06.,CDUCSU,39
BT02170705Q,Forsa,2017-07-05,2503,26.06.–30.06.,SPD,23
BT02170705Q,Forsa,2017-07-05,2503,26.06.–30.06.,Gruene,8
BT02170705Q,Forsa,2017-07-05,2503,26.06.–30.06.,FDP,8
BT02170705Q,Forsa,2017-07-05,2503,26.06.–30.06.,Linke,9
BT02170705Q,Forsa,2017-07-05,2503,26.06.–30.06.,AfD,7
BT02170705Q,Forsa,2017-07-05,2503,26.06.–30.06.,BSW,NA
BT01170706C,Infratest dimap,2017-07-06,1500,03.07.–05.07.,CDUCSU,39
BT01170706C,Infratest dimap,2017-07-06,1500,03.07.–05.07.,SPD,23
BT01170706C,Infratest dimap,2017-07-06,1500,03.07.–05.07.,Gruene,8
BT01170706C,Infratest dimap,2017-07-06,1500,03.07.–05.07.,FDP,9
BT01170706C,Infratest dimap,2017-07-06,1500,03.07.–05.07.,Linke,9
BT01170706C,Infratest dimap,2017-07-06,1500,03.07.–05.07.,AfD,9
BT01170706C,Infratest dimap,2017-07-06,1500,03.07.–05.07.,BSW,NA
BT03170708M,Verian,2017-07-08,1878,30.06.–05.07.,CDUCSU,38
BT03170708M,Verian,2017-07-08,1878,30.06.–05.07.,SPD,25
BT03170708M,Verian,2017-07-08,1878,30.06.–05.07.,Gruene,8
BT03170708M,Verian,2017-07-08,1878,30.06.–05.07.,FDP,8
BT03170708M,Verian,2017-07-08,1878,30.06.–05.07.,Linke,9
BT03170708M,Verian,2017-07-08,1878,30.06.–05.07.,AfD,7
BT03170708M,Verian,2017-07-08,1878,30.06.–05.07.,BSW,NA
BT02170711R,Forsa,2017-07-11,2501,03.07.–07.07.,CDUCSU,39
BT02170711R,Forsa,2017-07-11,2501,03.07.–07.07.,SPD,22
BT02170711R,Forsa,2017-07-11,2501,03.07.–07.07.,Gruene,8
BT02170711R,Forsa,2017-07-11,2501,03.07.–07.07.,FDP,8
BT02170711R,Forsa,2017-07-11,2501,03.07.–07.07.,Linke,9
BT02170711R,Forsa,2017-07-11,2501,03.07.–07.07.,AfD,8
BT02170711R,Forsa,2017-07-11,2501,03.07.–07.07.,BSW,NA
BT13170712J,YouGov,2017-07-12,1535,10.07.–12.07.,CDUCSU,38
BT13170712J,YouGov,2017-07-12,1535,10.07.–12.07.,SPD,24
BT13170712J,YouGov,2017-07-12,1535,10.07.–12.07.,Gruene,8
BT13170712J,YouGov,2017-07-12,1535,10.07.–12.07.,FDP,9
BT13170712J,YouGov,2017-07-12,1535,10.07.–12.07.,Linke,9
BT13170712J,YouGov,2017-07-12,1535,10.07.–12.07.,AfD,8
BT13170712J,YouGov,2017-07-12,1535,10.07.–12.07.,BSW,NA
BT03170715N,Verian,2017-07-15,1263,06.07.–12.07.,CDUCSU,38
BT03170715N,Verian,2017-07-15,1263,06.07.–12.07.,SPD,25
BT03170715N,Verian,2017-07-15,1263,06.07.–12.07.,Gruene,8
BT03170715N,Verian,2017-07-15,1263,06.07.–12.07.,FDP,7
BT03170715N,Verian,2017-07-15,1263,06.07.–12.07.,Linke,9
BT03170715N,Verian,2017-07-15,1263,06.07.–12.07.,AfD,8
BT03170715N,Verian,2017-07-15,1263,06.07.–12.07.,BSW,NA
BT02170719S,Forsa,2017-07-19,2502,10.07.–14.07.,CDUCSU,40
BT02170719S,Forsa,2017-07-19,2502,10.07.–14.07.,SPD,22
BT02170719S,Forsa,2017-07-19,2502,10.07.–14.07.,Gruene,8
BT02170719S,Forsa,2017-07-19,2502,10.07.–14.07.,FDP,8
BT02170719S,Forsa,2017-07-19,2502,10.07.–14.07.,Linke,9
BT02170719S,Forsa,2017-07-19,2502,10.07.–14.07.,AfD,7
BT02170719S,Forsa,2017-07-19,2502,10.07.–14.07.,BSW,NA
BT03170722O,Verian,2017-07-22,2349,13.07.–19.07.,CDUCSU,38
BT03170722O,Verian,2017-07-22,2349,13.07.–19.07.,SPD,25
BT03170722O,Verian,2017-07-22,2349,13.07.–19.07.,Gruene,8
BT03170722O,Verian,2017-07-22,2349,13.07.–19.07.,FDP,8
BT03170722O,Verian,2017-07-22,2349,13.07.–19.07.,Linke,9
BT03170722O,Verian,2017-07-22,2349,13.07.–19.07.,AfD,8
BT03170722O,Verian,2017-07-22,2349,13.07.–19.07.,BSW,NA
BT02170726T,Forsa,2017-07-26,2507,17.07.–21.07.,CDUCSU,40
BT02170726T,Forsa,2017-07-26,2507,17.07.–21.07.,SPD,22
BT02170726T,Forsa,2017-07-26,2507,17.07.–21.07.,Gruene,8
BT02170726T,Forsa,2017-07-26,2507,17.07.–21.07.,FDP,8
BT02170726T,Forsa,2017-07-26,2507,17.07.–21.07.,Linke,9
BT02170726T,Forsa,2017-07-26,2507,17.07.–21.07.,AfD,7
BT02170726T,Forsa,2017-07-26,2507,17.07.–21.07.,BSW,NA
BT01170727D,Infratest dimap,2017-07-27,1004,25.07.–26.07.,CDUCSU,40
BT01170727D,Infratest dimap,2017-07-27,1004,25.07.–26.07.,SPD,23
BT01170727D,Infratest dimap,2017-07-27,1004,25.07.–26.07.,Gruene,8
BT01170727D,Infratest dimap,2017-07-27,1004,25.07.–26.07.,FDP,8
BT01170727D,Infratest dimap,2017-07-27,1004,25.07.–26.07.,Linke,8
BT01170727D,Infratest dimap,2017-07-27,1004,25.07.–26.07.,AfD,9
BT01170727D,Infratest dimap,2017-07-27,1004,25.07.–26.07.,BSW,NA
BT13170727K,YouGov,2017-07-27,2000,21.07.–25.07.,CDUCSU,38
BT13170727K,YouGov,2017-07-27,2000,21.07.–25.07.,SPD,25
BT13170727K,YouGov,2017-07-27,2000,21.07.–25.07.,Gruene,7
BT13170727K,YouGov,2017-07-27,2000,21.07.–25.07.,FDP,9
BT13170727K,YouGov,2017-07-27,2000,21.07.–25.07.,Linke,9
BT13170727K,YouGov,2017-07-27,2000,21.07.–25.07.,AfD,8
BT13170727K,YouGov,2017-07-27,2000,21.07.–25.07.,BSW,NA
BT03170729P,Verian,2017-07-29,1921,20.07.–26.07.,CDUCSU,38
BT03170729P,Verian,2017-07-29,1921,20.07.–26.07.,SPD,24
BT03170729P,Verian,2017-07-29,1921,20.07.–26.07.,Gruene,8
BT03170729P,Verian,2017-07-29,1921,20.07.–26.07.,FDP,8
BT03170729P,Verian,2017-07-29,1921,20.07.–26.07.,Linke,9
BT03170729P,Verian,2017-07-29,1921,20.07.–26.07.,AfD,9
BT03170729P,Verian,2017-07-29,1921,20.07.–26.07.,BSW,NA
BT02170802U,Forsa,2017-08-02,2501,24.07.–28.07.,CDUCSU,40
BT02170802U,Forsa,2017-08-02,2501,24.07.–28.07.,SPD,22
BT02170802U,Forsa,2017-08-02,2501,24.07.–28.07.,Gruene,8
BT02170802U,Forsa,2017-08-02,2501,24.07.–28.07.,FDP,8
BT02170802U,Forsa,2017-08-02,2501,24.07.–28.07.,Linke,8
BT02170802U,Forsa,2017-08-02,2501,24.07.–28.07.,AfD,8
BT02170802U,Forsa,2017-08-02,2501,24.07.–28.07.,BSW,NA
BT13170803L,YouGov,2017-08-03,2000,28.07.–01.08.,CDUCSU,37
BT13170803L,YouGov,2017-08-03,2000,28.07.–01.08.,SPD,25
BT13170803L,YouGov,2017-08-03,2000,28.07.–01.08.,Gruene,7
BT13170803L,YouGov,2017-08-03,2000,28.07.–01.08.,FDP,9
BT13170803L,YouGov,2017-08-03,2000,28.07.–01.08.,Linke,9
BT13170803L,YouGov,2017-08-03,2000,28.07.–01.08.,AfD,8
BT13170803L,YouGov,2017-08-03,2000,28.07.–01.08.,BSW,NA
BT03170805Q,Verian,2017-08-05,2453,27.07.–02.08.,CDUCSU,38
BT03170805Q,Verian,2017-08-05,2453,27.07.–02.08.,SPD,23
BT03170805Q,Verian,2017-08-05,2453,27.07.–02.08.,Gruene,8
BT03170805Q,Verian,2017-08-05,2453,27.07.–02.08.,FDP,8
BT03170805Q,Verian,2017-08-05,2453,27.07.–02.08.,Linke,10
BT03170805Q,Verian,2017-08-05,2453,27.07.–02.08.,AfD,8
BT03170805Q,Verian,2017-08-05,2453,27.07.–02.08.,BSW,NA
BT02170809V,Forsa,2017-08-09,2503,31.07.–04.08.,CDUCSU,40
BT02170809V,Forsa,2017-08-09,2503,31.07.–04.08.,SPD,23
BT02170809V,Forsa,2017-08-09,2503,31.07.–04.08.,Gruene,8
BT02170809V,Forsa,2017-08-09,2503,31.07.–04.08.,FDP,7
BT02170809V,Forsa,2017-08-09,2503,31.07.–04.08.,Linke,8
BT02170809V,Forsa,2017-08-09,2503,31.07.–04.08.,AfD,8
BT02170809V,Forsa,2017-08-09,2503,31.07.–04.08.,BSW,NA
BT01170809E,Infratest dimap,2017-08-09,1505,04.08.–08.08.,CDUCSU,39
BT01170809E,Infratest dimap,2017-08-09,1505,04.08.–08.08.,SPD,24
BT01170809E,Infratest dimap,2017-08-09,1505,04.08.–08.08.,Gruene,8
BT01170809E,Infratest dimap,2017-08-09,1505,04.08.–08.08.,FDP,8
BT01170809E,Infratest dimap,2017-08-09,1505,04.08.–08.08.,Linke,9
BT01170809E,Infratest dimap,2017-08-09,1505,04.08.–08.08.,AfD,8
BT01170809E,Infratest dimap,2017-08-09,1505,04.08.–08.08.,BSW,NA
BT13170810M,YouGov,2017-08-10,1513,04.08.–08.08.,CDUCSU,38
BT13170810M,YouGov,2017-08-10,1513,04.08.–08.08.,SPD,24
BT13170810M,YouGov,2017-08-10,1513,04.08.–08.08.,Gruene,6
BT13170810M,YouGov,2017-08-10,1513,04.08.–08.08.,FDP,9
BT13170810M,YouGov,2017-08-10,1513,04.08.–08.08.,Linke,9
BT13170810M,YouGov,2017-08-10,1513,04.08.–08.08.,AfD,9
BT13170810M,YouGov,2017-08-10,1513,04.08.–08.08.,BSW,NA
BT03170812R,Verian,2017-08-12,1886,03.08.–09.08.,CDUCSU,38
BT03170812R,Verian,2017-08-12,1886,03.08.–09.08.,SPD,24
BT03170812R,Verian,2017-08-12,1886,03.08.–09.08.,Gruene,7
BT03170812R,Verian,2017-08-12,1886,03.08.–09.08.,FDP,8
BT03170812R,Verian,2017-08-12,1886,03.08.–09.08.,Linke,10
BT03170812R,Verian,2017-08-12,1886,03.08.–09.08.,AfD,8
BT03170812R,Verian,2017-08-12,1886,03.08.–09.08.,BSW,NA
BT02170816W,Forsa,2017-08-16,2507,07.08.–11.08.,CDUCSU,39
BT02170816W,Forsa,2017-08-16,2507,07.08.–11.08.,SPD,23
BT02170816W,Forsa,2017-08-16,2507,07.08.–11.08.,Gruene,8
BT02170816W,Forsa,2017-08-16,2507,07.08.–11.08.,FDP,8
BT02170816W,Forsa,2017-08-16,2507,07.08.–11.08.,Linke,9
BT02170816W,Forsa,2017-08-16,2507,07.08.–11.08.,AfD,8
BT02170816W,Forsa,2017-08-16,2507,07.08.–11.08.,BSW,NA
BT13170816N,YouGov,2017-08-16,1538,11.08.–15.08.,CDUCSU,37
BT13170816N,YouGov,2017-08-16,1538,11.08.–15.08.,SPD,25
BT13170816N,YouGov,2017-08-16,1538,11.08.–15.08.,Gruene,7
BT13170816N,YouGov,2017-08-16,1538,11.08.–15.08.,FDP,9
BT13170816N,YouGov,2017-08-16,1538,11.08.–15.08.,Linke,9
BT13170816N,YouGov,2017-08-16,1538,11.08.–15.08.,AfD,9
BT13170816N,YouGov,2017-08-16,1538,11.08.–15.08.,BSW,NA
BT03170819S,Verian,2017-08-19,1426,10.08.–16.08.,CDUCSU,39
BT03170819S,Verian,2017-08-19,1426,10.08.–16.08.,SPD,24
BT03170819S,Verian,2017-08-19,1426,10.08.–16.08.,Gruene,8
BT03170819S,Verian,2017-08-19,1426,10.08.–16.08.,FDP,8
BT03170819S,Verian,2017-08-19,1426,10.08.–16.08.,Linke,9
BT03170819S,Verian,2017-08-19,1426,10.08.–16.08.,AfD,7
BT03170819S,Verian,2017-08-19,1426,10.08.–16.08.,BSW,NA
BT02170823X,Forsa,2017-08-23,2501,14.08.–18.08.,CDUCSU,38
BT02170823X,Forsa,2017-08-23,2501,14.08.–18.08.,SPD,24
BT02170823X,Forsa,2017-08-23,2501,14.08.–18.08.,Gruene,7
BT02170823X,Forsa,2017-08-23,2501,14.08.–18.08.,FDP,8
BT02170823X,Forsa,2017-08-23,2501,14.08.–18.08.,Linke,9
BT02170823X,Forsa,2017-08-23,2501,14.08.–18.08.,AfD,9
BT02170823X,Forsa,2017-08-23,2501,14.08.–18.08.,BSW,NA
BT01170824F,Infratest dimap,2017-08-24,1035,22.08.–23.08.,CDUCSU,38
BT01170824F,Infratest dimap,2017-08-24,1035,22.08.–23.08.,SPD,22
BT01170824F,Infratest dimap,2017-08-24,1035,22.08.–23.08.,Gruene,8
BT01170824F,Infratest dimap,2017-08-24,1035,22.08.–23.08.,FDP,9
BT01170824F,Infratest dimap,2017-08-24,1035,22.08.–23.08.,Linke,9
BT01170824F,Infratest dimap,2017-08-24,1035,22.08.–23.08.,AfD,10
BT01170824F,Infratest dimap,2017-08-24,1035,22.08.–23.08.,BSW,NA
BT13170824O,YouGov,2017-08-24,1520,18.08.–22.08.,CDUCSU,37
BT13170824O,YouGov,2017-08-24,1520,18.08.–22.08.,SPD,25
BT13170824O,YouGov,2017-08-24,1520,18.08.–22.08.,Gruene,7
BT13170824O,YouGov,2017-08-24,1520,18.08.–22.08.,FDP,8
BT13170824O,YouGov,2017-08-24,1520,18.08.–22.08.,Linke,9
BT13170824O,YouGov,2017-08-24,1520,18.08.–22.08.,AfD,9
BT13170824O,YouGov,2017-08-24,1520,18.08.–22.08.,BSW,NA
BT03170826T,Verian,2017-08-26,1979,17.08.–23.08.,CDUCSU,38
BT03170826T,Verian,2017-08-26,1979,17.08.–23.08.,SPD,23
BT03170826T,Verian,2017-08-26,1979,17.08.–23.08.,Gruene,7
BT03170826T,Verian,2017-08-26,1979,17.08.–23.08.,FDP,9
BT03170826T,Verian,2017-08-26,1979,17.08.–23.08.,Linke,9
BT03170826T,Verian,2017-08-26,1979,17.08.–23.08.,AfD,8
BT03170826T,Verian,2017-08-26,1979,17.08.–23.08.,BSW,NA
BT02170830Y,Forsa,2017-08-30,2501,21.08.–25.08.,CDUCSU,38
BT02170830Y,Forsa,2017-08-30,2501,21.08.–25.08.,SPD,24
BT02170830Y,Forsa,2017-08-30,2501,21.08.–25.08.,Gruene,7
BT02170830Y,Forsa,2017-08-30,2501,21.08.–25.08.,FDP,8
BT02170830Y,Forsa,2017-08-30,2501,21.08.–25.08.,Linke,9
BT02170830Y,Forsa,2017-08-30,2501,21.08.–25.08.,AfD,9
BT02170830Y,Forsa,2017-08-30,2501,21.08.–25.08.,BSW,NA
BT13170830P,YouGov,2017-08-30,1557,25.08.–29.08.,CDUCSU,36
BT13170830P,YouGov,2017-08-30,1557,25.08.–29.08.,SPD,25
BT13170830P,YouGov,2017-08-30,1557,25.08.–29.08.,Gruene,7
BT13170830P,YouGov,2017-08-30,1557,25.08.–29.08.,FDP,7
BT13170830P,YouGov,2017-08-30,1557,25.08.–29.08.,Linke,10
BT13170830P,YouGov,2017-08-30,1557,25.08.–29.08.,AfD,10
BT13170830P,YouGov,2017-08-30,1557,25.08.–29.08.,BSW,NA
BT01170831G,Infratest dimap,2017-08-31,1411,28.08.–30.08.,CDUCSU,37
BT01170831G,Infratest dimap,2017-08-31,1411,28.08.–30.08.,SPD,23
BT01170831G,Infratest dimap,2017-08-31,1411,28.08.–30.08.,Gruene,8
BT01170831G,Infratest dimap,2017-08-31,1411,28.08.–30.08.,FDP,8
BT01170831G,Infratest dimap,2017-08-31,1411,28.08.–30.08.,Linke,9
BT01170831G,Infratest dimap,2017-08-31,1411,28.08.–30.08.,AfD,11
BT01170831G,Infratest dimap,2017-08-31,1411,28.08.–30.08.,BSW,NA
BT03170902U,Verian,2017-09-02,1889,24.08.–30.08.,CDUCSU,38
BT03170902U,Verian,2017-09-02,1889,24.08.–30.08.,SPD,24
BT03170902U,Verian,2017-09-02,1889,24.08.–30.08.,Gruene,8
BT03170902U,Verian,2017-09-02,1889,24.08.–30.08.,FDP,8
BT03170902U,Verian,2017-09-02,1889,24.08.–30.08.,Linke,9
BT03170902U,Verian,2017-09-02,1889,24.08.–30.08.,AfD,8
BT03170902U,Verian,2017-09-02,1889,24.08.–30.08.,BSW,NA
BT02170906A,Forsa,2017-09-06,2503,28.08.–01.09.,CDUCSU,38
BT02170906A,Forsa,2017-09-06,2503,28.08.–01.09.,SPD,23
BT02170906A,Forsa,2017-09-06,2503,28.08.–01.09.,Gruene,8
BT02170906A,Forsa,2017-09-06,2503,28.08.–01.09.,FDP,8
BT02170906A,Forsa,2017-09-06,2503,28.08.–01.09.,Linke,9
BT02170906A,Forsa,2017-09-06,2503,28.08.–01.09.,AfD,9
BT02170906A,Forsa,2017-09-06,2503,28.08.–01.09.,BSW,NA
BT13170906B,YouGov,2017-09-06,1617,04.09.–06.09.,CDUCSU,34
BT13170906B,YouGov,2017-09-06,1617,04.09.–06.09.,SPD,24
BT13170906B,YouGov,2017-09-06,1617,04.09.–06.09.,Gruene,7
BT13170906B,YouGov,2017-09-06,1617,04.09.–06.09.,FDP,9
BT13170906B,YouGov,2017-09-06,1617,04.09.–06.09.,Linke,9
BT13170906B,YouGov,2017-09-06,1617,04.09.–06.09.,AfD,11
BT13170906B,YouGov,2017-09-06,1617,04.09.–06.09.,BSW,NA
BT01170907H,Infratest dimap,2017-09-07,1503,04.09.–06.09.,CDUCSU,37
BT01170907H,Infratest dimap,2017-09-07,1503,04.09.–06.09.,SPD,21
BT01170907H,Infratest dimap,2017-09-07,1503,04.09.–06.09.,Gruene,8
BT01170907H,Infratest dimap,2017-09-07,1503,04.09.–06.09.,FDP,9
BT01170907H,Infratest dimap,2017-09-07,1503,04.09.–06.09.,Linke,10
BT01170907H,Infratest dimap,2017-09-07,1503,04.09.–06.09.,AfD,11
BT01170907H,Infratest dimap,2017-09-07,1503,04.09.–06.09.,BSW,NA
BT02170908B,Forsa,2017-09-08,2001,04.09.–07.09.,CDUCSU,37
BT02170908B,Forsa,2017-09-08,2001,04.09.–07.09.,SPD,23
BT02170908B,Forsa,2017-09-08,2001,04.09.–07.09.,Gruene,8
BT02170908B,Forsa,2017-09-08,2001,04.09.–07.09.,FDP,9
BT02170908B,Forsa,2017-09-08,2001,04.09.–07.09.,Linke,10
BT02170908B,Forsa,2017-09-08,2001,04.09.–07.09.,AfD,9
BT02170908B,Forsa,2017-09-08,2001,04.09.–07.09.,BSW,NA
BT03170909V,Verian,2017-09-09,1869,31.08.–06.09.,CDUCSU,37
BT03170909V,Verian,2017-09-09,1869,31.08.–06.09.,SPD,24
BT03170909V,Verian,2017-09-09,1869,31.08.–06.09.,Gruene,8
BT03170909V,Verian,2017-09-09,1869,31.08.–06.09.,FDP,8
BT03170909V,Verian,2017-09-09,1869,31.08.–06.09.,Linke,9
BT03170909V,Verian,2017-09-09,1869,31.08.–06.09.,AfD,9
BT03170909V,Verian,2017-09-09,1869,31.08.–06.09.,BSW,NA
BT02170913C,Forsa,2017-09-13,2505,04.09.–08.09.,CDUCSU,37
BT02170913C,Forsa,2017-09-13,2505,04.09.–08.09.,SPD,23
BT02170913C,Forsa,2017-09-13,2505,04.09.–08.09.,Gruene,8
BT02170913C,Forsa,2017-09-13,2505,04.09.–08.09.,FDP,8
BT02170913C,Forsa,2017-09-13,2505,04.09.–08.09.,Linke,10
BT02170913C,Forsa,2017-09-13,2505,04.09.–08.09.,AfD,9
BT02170913C,Forsa,2017-09-13,2505,04.09.–08.09.,BSW,NA
BT13170913C,YouGov,2017-09-13,1600,08.09.–12.09.,CDUCSU,36
BT13170913C,YouGov,2017-09-13,1600,08.09.–12.09.,SPD,23
BT13170913C,YouGov,2017-09-13,1600,08.09.–12.09.,Gruene,8
BT13170913C,YouGov,2017-09-13,1600,08.09.–12.09.,FDP,9
BT13170913C,YouGov,2017-09-13,1600,08.09.–12.09.,Linke,10
BT13170913C,YouGov,2017-09-13,1600,08.09.–12.09.,AfD,10
BT13170913C,YouGov,2017-09-13,1600,08.09.–12.09.,BSW,NA
BT01170914I,Infratest dimap,2017-09-14,1503,12.09.–13.09.,CDUCSU,37
BT01170914I,Infratest dimap,2017-09-14,1503,12.09.–13.09.,SPD,20
BT01170914I,Infratest dimap,2017-09-14,1503,12.09.–13.09.,Gruene,7.5
BT01170914I,Infratest dimap,2017-09-14,1503,12.09.–13.09.,FDP,9.5
BT01170914I,Infratest dimap,2017-09-14,1503,12.09.–13.09.,Linke,9
BT01170914I,Infratest dimap,2017-09-14,1503,12.09.–13.09.,AfD,12
BT01170914I,Infratest dimap,2017-09-14,1503,12.09.–13.09.,BSW,NA
BT03170916W,Verian,2017-09-16,1888,07.09.–13.09.,CDUCSU,36
BT03170916W,Verian,2017-09-16,1888,07.09.–13.09.,SPD,22
BT03170916W,Verian,2017-09-16,1888,07.09.–13.09.,Gruene,8
BT03170916W,Verian,2017-09-16,1888,07.09.–13.09.,FDP,9
BT03170916W,Verian,2017-09-16,1888,07.09.–13.09.,Linke,10
BT03170916W,Verian,2017-09-16,1888,07.09.–13.09.,AfD,11
BT03170916W,Verian,2017-09-16,1888,07.09.–13.09.,BSW,NA
BT02170919D,Forsa,2017-09-19,2501,11.09.–15.09.,CDUCSU,36
BT02170919D,Forsa,2017-09-19,2501,11.09.–15.09.,SPD,23
BT02170919D,Forsa,2017-09-19,2501,11.09.–15.09.,Gruene,8
BT02170919D,Forsa,2017-09-19,2501,11.09.–15.09.,FDP,9
BT02170919D,Forsa,2017-09-19,2501,11.09.–15.09.,Linke,10
BT02170919D,Forsa,2017-09-19,2501,11.09.–15.09.,AfD,9
BT02170919D,Forsa,2017-09-19,2501,11.09.–15.09.,BSW,NA
BT13170921D,YouGov,2017-09-21,1862,15.09.–19.09.,CDUCSU,36
BT13170921D,YouGov,2017-09-21,1862,15.09.–19.09.,SPD,23
BT13170921D,YouGov,2017-09-21,1862,15.09.–19.09.,Gruene,7
BT13170921D,YouGov,2017-09-21,1862,15.09.–19.09.,FDP,9
BT13170921D,YouGov,2017-09-21,1862,15.09.–19.09.,Linke,10
BT13170921D,YouGov,2017-09-21,1862,15.09.–19.09.,AfD,10
BT13170921D,YouGov,2017-09-21,1862,15.09.–19.09.,BSW,NA
BT03170922X,Verian,2017-09-22,1994,14.09.–21.09.,CDUCSU,35
BT03170922X,Verian,2017-09-22,1994,14.09.–21.09.,SPD,22
BT03170922X,Verian,2017-09-22,1994,14.09.–21.09.,Gruene,8
BT03170922X,Verian,2017-09-22,1994,14.09.–21.09.,FDP,9
BT03170922X,Verian,2017-09-22,1994,14.09.–21.09.,Linke,10
BT03170922X,Verian,2017-09-22,1994,14.09.–21.09.,AfD,11
BT03170922X,Verian,2017-09-22,1994,14.09.–21.09.,BSW,NA
BT02170922E,Forsa,2017-09-22,2006,18.09.–21.09.,CDUCSU,36
BT02170922E,Forsa,2017-09-22,2006,18.09.–21.09.,SPD,22
BT02170922E,Forsa,2017-09-22,2006,18.09.–21.09.,Gruene,7
BT02170922E,Forsa,2017-09-22,2006,18.09.–21.09.,FDP,9.5
BT02170922E,Forsa,2017-09-22,2006,18.09.–21.09.,Linke,9.5
BT02170922E,Forsa,2017-09-22,2006,18.09.–21.09.,AfD,11
BT02170922E,Forsa,2017-09-22,2006,18.09.–21.09.,BSW,NA
BT06170929K,Forschungsgruppe Wahlen,2017-09-29,1425,26.09.–28.09.,CDUCSU,32
BT06170929K,Forschungsgruppe Wahlen,2017-09-29,1425,26.09.–28.09.,SPD,21
BT06170929K,Forschungsgruppe Wahlen,2017-09-29,1425,26.09.–28.09.,Gruene,11
BT06170929K,Forschungsgruppe Wahlen,2017-09-29,1425,26.09.–28.09.,FDP,10
BT06170929K,Forschungsgruppe Wahlen,2017-09-29,1425,26.09.–28.09.,Linke,10
BT06170929K,Forschungsgruppe Wahlen,2017-09-29,1425,26.09.–28.09.,AfD,12
BT06170929K,Forschungsgruppe Wahlen,2017-09-29,1425,26.09.–28.09.,BSW,NA
BT03170930Y,Verian,2017-09-30,1038,25.09.–27.09.,CDUCSU,33
BT03170930Y,Verian,2017-09-30,1038,25.09.–27.09.,SPD,21
BT03170930Y,Verian,2017-09-30,1038,25.09.–27.09.,Gruene,10
BT03170930Y,Verian,2017-09-30,1038,25.09.–27.09.,FDP,11
BT03170930Y,Verian,2017-09-30,1038,25.09.–27.09.,Linke,10
BT03170930Y,Verian,2017-09-30,1038,25.09.–27.09.,AfD,12
BT03170930Y,Verian,2017-09-30,1038,25.09.–27.09.,BSW,NA
BT02171004F,Forsa,2017-10-04,2005,25.09.–29.09.,CDUCSU,32
BT02171004F,Forsa,2017-10-04,2005,25.09.–29.09.,SPD,20
BT02171004F,Forsa,2017-10-04,2005,25.09.–29.09.,Gruene,10
BT02171004F,Forsa,2017-10-04,2005,25.09.–29.09.,FDP,11
BT02171004F,Forsa,2017-10-04,2005,25.09.–29.09.,Linke,10
BT02171004F,Forsa,2017-10-04,2005,25.09.–29.09.,AfD,12
BT02171004F,Forsa,2017-10-04,2005,25.09.–29.09.,BSW,NA
BT03171007A,Verian,2017-10-07,1490,28.09.–04.10.,CDUCSU,32
BT03171007A,Verian,2017-10-07,1490,28.09.–04.10.,SPD,22
BT03171007A,Verian,2017-10-07,1490,28.09.–04.10.,Gruene,9
BT03171007A,Verian,2017-10-07,1490,28.09.–04.10.,FDP,10
BT03171007A,Verian,2017-10-07,1490,28.09.–04.10.,Linke,10
BT03171007A,Verian,2017-10-07,1490,28.09.–04.10.,AfD,12
BT03171007A,Verian,2017-10-07,1490,28.09.–04.10.,BSW,NA
BT02171011G,Forsa,2017-10-11,2001,02.10.–06.10.,CDUCSU,32
BT02171011G,Forsa,2017-10-11,2001,02.10.–06.10.,SPD,20
BT02171011G,Forsa,2017-10-11,2001,02.10.–06.10.,Gruene,11
BT02171011G,Forsa,2017-10-11,2001,02.10.–06.10.,FDP,11
BT02171011G,Forsa,2017-10-11,2001,02.10.–06.10.,Linke,9
BT02171011G,Forsa,2017-10-11,2001,02.10.–06.10.,AfD,12
BT02171011G,Forsa,2017-10-11,2001,02.10.–06.10.,BSW,NA
BT01171012J,Infratest dimap,2017-10-12,1506,09.10.–11.10.,CDUCSU,32
BT01171012J,Infratest dimap,2017-10-12,1506,09.10.–11.10.,SPD,20
BT01171012J,Infratest dimap,2017-10-12,1506,09.10.–11.10.,Gruene,10
BT01171012J,Infratest dimap,2017-10-12,1506,09.10.–11.10.,FDP,11
BT01171012J,Infratest dimap,2017-10-12,1506,09.10.–11.10.,Linke,10
BT01171012J,Infratest dimap,2017-10-12,1506,09.10.–11.10.,AfD,11
BT01171012J,Infratest dimap,2017-10-12,1506,09.10.–11.10.,BSW,NA
BT06171013L,Forschungsgruppe Wahlen,2017-10-13,1180,10.10.–12.10.,CDUCSU,31
BT06171013L,Forschungsgruppe Wahlen,2017-10-13,1180,10.10.–12.10.,SPD,21
BT06171013L,Forschungsgruppe Wahlen,2017-10-13,1180,10.10.–12.10.,Gruene,11
BT06171013L,Forschungsgruppe Wahlen,2017-10-13,1180,10.10.–12.10.,FDP,11
BT06171013L,Forschungsgruppe Wahlen,2017-10-13,1180,10.10.–12.10.,Linke,10
BT06171013L,Forschungsgruppe Wahlen,2017-10-13,1180,10.10.–12.10.,AfD,12
BT06171013L,Forschungsgruppe Wahlen,2017-10-13,1180,10.10.–12.10.,BSW,NA
BT03171014B,Verian,2017-10-14,1960,05.10.–11.10.,CDUCSU,31
BT03171014B,Verian,2017-10-14,1960,05.10.–11.10.,SPD,21
BT03171014B,Verian,2017-10-14,1960,05.10.–11.10.,Gruene,10
BT03171014B,Verian,2017-10-14,1960,05.10.–11.10.,FDP,11
BT03171014B,Verian,2017-10-14,1960,05.10.–11.10.,Linke,10
BT03171014B,Verian,2017-10-14,1960,05.10.–11.10.,AfD,12
BT03171014B,Verian,2017-10-14,1960,05.10.–11.10.,BSW,NA
BT02171018H,Forsa,2017-10-18,2501,09.10.–13.10.,CDUCSU,32
BT02171018H,Forsa,2017-10-18,2501,09.10.–13.10.,SPD,20
BT02171018H,Forsa,2017-10-18,2501,09.10.–13.10.,Gruene,11
BT02171018H,Forsa,2017-10-18,2501,09.10.–13.10.,FDP,11
BT02171018H,Forsa,2017-10-18,2501,09.10.–13.10.,Linke,9
BT02171018H,Forsa,2017-10-18,2501,09.10.–13.10.,AfD,12
BT02171018H,Forsa,2017-10-18,2501,09.10.–13.10.,BSW,NA
BT04171019L,GMS,2017-10-19,1005,12.10.–18.10.,CDUCSU,31
BT04171019L,GMS,2017-10-19,1005,12.10.–18.10.,SPD,21
BT04171019L,GMS,2017-10-19,1005,12.10.–18.10.,Gruene,9
BT04171019L,GMS,2017-10-19,1005,12.10.–18.10.,FDP,12
BT04171019L,GMS,2017-10-19,1005,12.10.–18.10.,Linke,10
BT04171019L,GMS,2017-10-19,1005,12.10.–18.10.,AfD,13
BT04171019L,GMS,2017-10-19,1005,12.10.–18.10.,BSW,NA
BT01171020K,Infratest dimap,2017-10-20,1026,16.10.–18.10.,CDUCSU,31
BT01171020K,Infratest dimap,2017-10-20,1026,16.10.–18.10.,SPD,21
BT01171020K,Infratest dimap,2017-10-20,1026,16.10.–18.10.,Gruene,11
BT01171020K,Infratest dimap,2017-10-20,1026,16.10.–18.10.,FDP,12
BT01171020K,Infratest dimap,2017-10-20,1026,16.10.–18.10.,Linke,9
BT01171020K,Infratest dimap,2017-10-20,1026,16.10.–18.10.,AfD,12
BT01171020K,Infratest dimap,2017-10-20,1026,16.10.–18.10.,BSW,NA
BT03171021C,Verian,2017-10-21,2304,12.10.–18.10.,CDUCSU,32
BT03171021C,Verian,2017-10-21,2304,12.10.–18.10.,SPD,21
BT03171021C,Verian,2017-10-21,2304,12.10.–18.10.,Gruene,10
BT03171021C,Verian,2017-10-21,2304,12.10.–18.10.,FDP,11
BT03171021C,Verian,2017-10-21,2304,12.10.–18.10.,Linke,9
BT03171021C,Verian,2017-10-21,2304,12.10.–18.10.,AfD,12
BT03171021C,Verian,2017-10-21,2304,12.10.–18.10.,BSW,NA
BT09171025X,Allensbach,2017-10-25,1454,07.10.–19.10.,CDUCSU,33
BT09171025X,Allensbach,2017-10-25,1454,07.10.–19.10.,SPD,20.5
BT09171025X,Allensbach,2017-10-25,1454,07.10.–19.10.,Gruene,9.5
BT09171025X,Allensbach,2017-10-25,1454,07.10.–19.10.,FDP,12
BT09171025X,Allensbach,2017-10-25,1454,07.10.–19.10.,Linke,9
BT09171025X,Allensbach,2017-10-25,1454,07.10.–19.10.,AfD,12
BT09171025X,Allensbach,2017-10-25,1454,07.10.–19.10.,BSW,NA
BT02171025I,Forsa,2017-10-25,2503,16.10.–20.10.,CDUCSU,31
BT02171025I,Forsa,2017-10-25,2503,16.10.–20.10.,SPD,22
BT02171025I,Forsa,2017-10-25,2503,16.10.–20.10.,Gruene,10
BT02171025I,Forsa,2017-10-25,2503,16.10.–20.10.,FDP,11
BT02171025I,Forsa,2017-10-25,2503,16.10.–20.10.,Linke,10
BT02171025I,Forsa,2017-10-25,2503,16.10.–20.10.,AfD,11
BT02171025I,Forsa,2017-10-25,2503,16.10.–20.10.,BSW,NA
BT06171027M,Forschungsgruppe Wahlen,2017-10-27,1325,24.10.–26.10.,CDUCSU,33
BT06171027M,Forschungsgruppe Wahlen,2017-10-27,1325,24.10.–26.10.,SPD,21
BT06171027M,Forschungsgruppe Wahlen,2017-10-27,1325,24.10.–26.10.,Gruene,11
BT06171027M,Forschungsgruppe Wahlen,2017-10-27,1325,24.10.–26.10.,FDP,10
BT06171027M,Forschungsgruppe Wahlen,2017-10-27,1325,24.10.–26.10.,Linke,9
BT06171027M,Forschungsgruppe Wahlen,2017-10-27,1325,24.10.–26.10.,AfD,12
BT06171027M,Forschungsgruppe Wahlen,2017-10-27,1325,24.10.–26.10.,BSW,NA
BT03171028D,Verian,2017-10-28,2296,19.10.–25.10.,CDUCSU,31
BT03171028D,Verian,2017-10-28,2296,19.10.–25.10.,SPD,22
BT03171028D,Verian,2017-10-28,2296,19.10.–25.10.,Gruene,10
BT03171028D,Verian,2017-10-28,2296,19.10.–25.10.,FDP,11
BT03171028D,Verian,2017-10-28,2296,19.10.–25.10.,Linke,9
BT03171028D,Verian,2017-10-28,2296,19.10.–25.10.,AfD,12
BT03171028D,Verian,2017-10-28,2296,19.10.–25.10.,BSW,NA
BT02171101J,Forsa,2017-11-01,2500,23.10.–27.10.,CDUCSU,33
BT02171101J,Forsa,2017-11-01,2500,23.10.–27.10.,SPD,20
BT02171101J,Forsa,2017-11-01,2500,23.10.–27.10.,Gruene,11
BT02171101J,Forsa,2017-11-01,2500,23.10.–27.10.,FDP,11
BT02171101J,Forsa,2017-11-01,2500,23.10.–27.10.,Linke,9
BT02171101J,Forsa,2017-11-01,2500,23.10.–27.10.,AfD,11
BT02171101J,Forsa,2017-11-01,2500,23.10.–27.10.,BSW,NA
BT03171104E,Verian,2017-11-04,1476,26.10.–30.10.,CDUCSU,31
BT03171104E,Verian,2017-11-04,1476,26.10.–30.10.,SPD,21
BT03171104E,Verian,2017-11-04,1476,26.10.–30.10.,Gruene,11
BT03171104E,Verian,2017-11-04,1476,26.10.–30.10.,FDP,10
BT03171104E,Verian,2017-11-04,1476,26.10.–30.10.,Linke,10
BT03171104E,Verian,2017-11-04,1476,26.10.–30.10.,AfD,12
BT03171104E,Verian,2017-11-04,1476,26.10.–30.10.,BSW,NA
BT02171106K,Forsa,2017-11-06,2005,30.10.–03.11.,CDUCSU,32
BT02171106K,Forsa,2017-11-06,2005,30.10.–03.11.,SPD,21
BT02171106K,Forsa,2017-11-06,2005,30.10.–03.11.,Gruene,10
BT02171106K,Forsa,2017-11-06,2005,30.10.–03.11.,FDP,11
BT02171106K,Forsa,2017-11-06,2005,30.10.–03.11.,Linke,9
BT02171106K,Forsa,2017-11-06,2005,30.10.–03.11.,AfD,12
BT02171106K,Forsa,2017-11-06,2005,30.10.–03.11.,BSW,NA
BT01171109L,Infratest dimap,2017-11-09,1505,06.11.–08.11.,CDUCSU,30
BT01171109L,Infratest dimap,2017-11-09,1505,06.11.–08.11.,SPD,21
BT01171109L,Infratest dimap,2017-11-09,1505,06.11.–08.11.,Gruene,11
BT01171109L,Infratest dimap,2017-11-09,1505,06.11.–08.11.,FDP,12
BT01171109L,Infratest dimap,2017-11-09,1505,06.11.–08.11.,Linke,9
BT01171109L,Infratest dimap,2017-11-09,1505,06.11.–08.11.,AfD,13
BT01171109L,Infratest dimap,2017-11-09,1505,06.11.–08.11.,BSW,NA
BT03171111F,Verian,2017-11-11,1392,02.11.–08.11.,CDUCSU,30
BT03171111F,Verian,2017-11-11,1392,02.11.–08.11.,SPD,22
BT03171111F,Verian,2017-11-11,1392,02.11.–08.11.,Gruene,10
BT03171111F,Verian,2017-11-11,1392,02.11.–08.11.,FDP,11
BT03171111F,Verian,2017-11-11,1392,02.11.–08.11.,Linke,10
BT03171111F,Verian,2017-11-11,1392,02.11.–08.11.,AfD,13
BT03171111F,Verian,2017-11-11,1392,02.11.–08.11.,BSW,NA
BT02171113L,Forsa,2017-11-13,2506,06.11.–10.11.,CDUCSU,32
BT02171113L,Forsa,2017-11-13,2506,06.11.–10.11.,SPD,20
BT02171113L,Forsa,2017-11-13,2506,06.11.–10.11.,Gruene,10
BT02171113L,Forsa,2017-11-13,2506,06.11.–10.11.,FDP,12
BT02171113L,Forsa,2017-11-13,2506,06.11.–10.11.,Linke,9
BT02171113L,Forsa,2017-11-13,2506,06.11.–10.11.,AfD,12
BT02171113L,Forsa,2017-11-13,2506,06.11.–10.11.,BSW,NA
BT01171116M,Infratest dimap,2017-11-16,1382,10.11.–15.11.,CDUCSU,31
BT01171116M,Infratest dimap,2017-11-16,1382,10.11.–15.11.,SPD,21
BT01171116M,Infratest dimap,2017-11-16,1382,10.11.–15.11.,Gruene,11
BT01171116M,Infratest dimap,2017-11-16,1382,10.11.–15.11.,FDP,11
BT01171116M,Infratest dimap,2017-11-16,1382,10.11.–15.11.,Linke,10
BT01171116M,Infratest dimap,2017-11-16,1382,10.11.–15.11.,AfD,12
BT01171116M,Infratest dimap,2017-11-16,1382,10.11.–15.11.,BSW,NA
BT06171117N,Forschungsgruppe Wahlen,2017-11-17,1303,14.11.–16.11.,CDUCSU,33
BT06171117N,Forschungsgruppe Wahlen,2017-11-17,1303,14.11.–16.11.,SPD,21
BT06171117N,Forschungsgruppe Wahlen,2017-11-17,1303,14.11.–16.11.,Gruene,12
BT06171117N,Forschungsgruppe Wahlen,2017-11-17,1303,14.11.–16.11.,FDP,10
BT06171117N,Forschungsgruppe Wahlen,2017-11-17,1303,14.11.–16.11.,Linke,9
BT06171117N,Forschungsgruppe Wahlen,2017-11-17,1303,14.11.–16.11.,AfD,11
BT06171117N,Forschungsgruppe Wahlen,2017-11-17,1303,14.11.–16.11.,BSW,NA
BT03171118G,Verian,2017-11-18,1842,09.11.–15.11.,CDUCSU,31
BT03171118G,Verian,2017-11-18,1842,09.11.–15.11.,SPD,21
BT03171118G,Verian,2017-11-18,1842,09.11.–15.11.,Gruene,11
BT03171118G,Verian,2017-11-18,1842,09.11.–15.11.,FDP,10
BT03171118G,Verian,2017-11-18,1842,09.11.–15.11.,Linke,9
BT03171118G,Verian,2017-11-18,1842,09.11.–15.11.,AfD,13
BT03171118G,Verian,2017-11-18,1842,09.11.–15.11.,BSW,NA
BT02171120N,Forsa,2017-11-20,1789,20.11.,CDUCSU,31
BT02171120N,Forsa,2017-11-20,1789,20.11.,SPD,21
BT02171120N,Forsa,2017-11-20,1789,20.11.,Gruene,12
BT02171120N,Forsa,2017-11-20,1789,20.11.,FDP,10
BT02171120N,Forsa,2017-11-20,1789,20.11.,Linke,9
BT02171120N,Forsa,2017-11-20,1789,20.11.,AfD,12
BT02171120N,Forsa,2017-11-20,1789,20.11.,BSW,NA
BT02171120M,Forsa,2017-11-20,2505,13.11.–17.11.,CDUCSU,32
BT02171120M,Forsa,2017-11-20,2505,13.11.–17.11.,SPD,20
BT02171120M,Forsa,2017-11-20,2505,13.11.–17.11.,Gruene,11
BT02171120M,Forsa,2017-11-20,2505,13.11.–17.11.,FDP,12
BT02171120M,Forsa,2017-11-20,2505,13.11.–17.11.,Linke,8
BT02171120M,Forsa,2017-11-20,2505,13.11.–17.11.,AfD,12
BT02171120M,Forsa,2017-11-20,2505,13.11.–17.11.,BSW,NA
BT01171120N,Infratest dimap,2017-11-20,1011,20.11.,CDUCSU,32
BT01171120N,Infratest dimap,2017-11-20,1011,20.11.,SPD,22
BT01171120N,Infratest dimap,2017-11-20,1011,20.11.,Gruene,11
BT01171120N,Infratest dimap,2017-11-20,1011,20.11.,FDP,10
BT01171120N,Infratest dimap,2017-11-20,1011,20.11.,Linke,10
BT01171120N,Infratest dimap,2017-11-20,1011,20.11.,AfD,11
BT01171120N,Infratest dimap,2017-11-20,1011,20.11.,BSW,NA
BT03171125H,Verian,2017-11-25,1225,20.11.–23.11.,CDUCSU,33
BT03171125H,Verian,2017-11-25,1225,20.11.–23.11.,SPD,22
BT03171125H,Verian,2017-11-25,1225,20.11.–23.11.,Gruene,10
BT03171125H,Verian,2017-11-25,1225,20.11.–23.11.,FDP,9
BT03171125H,Verian,2017-11-25,1225,20.11.–23.11.,Linke,10
BT03171125H,Verian,2017-11-25,1225,20.11.–23.11.,AfD,11
BT03171125H,Verian,2017-11-25,1225,20.11.–23.11.,BSW,NA
BT02171127O,Forsa,2017-11-27,2508,20.11.–24.11.,CDUCSU,33
BT02171127O,Forsa,2017-11-27,2508,20.11.–24.11.,SPD,19
BT02171127O,Forsa,2017-11-27,2508,20.11.–24.11.,Gruene,12
BT02171127O,Forsa,2017-11-27,2508,20.11.–24.11.,FDP,10
BT02171127O,Forsa,2017-11-27,2508,20.11.–24.11.,Linke,9
BT02171127O,Forsa,2017-11-27,2508,20.11.–24.11.,AfD,11
BT02171127O,Forsa,2017-11-27,2508,20.11.–24.11.,BSW,NA
BT13171129E,YouGov,2017-11-29,1570,24.11.–28.11.,CDUCSU,32
BT13171129E,YouGov,2017-11-29,1570,24.11.–28.11.,SPD,21
BT13171129E,YouGov,2017-11-29,1570,24.11.–28.11.,Gruene,10
BT13171129E,YouGov,2017-11-29,1570,24.11.–28.11.,FDP,9
BT13171129E,YouGov,2017-11-29,1570,24.11.–28.11.,Linke,10
BT13171129E,YouGov,2017-11-29,1570,24.11.–28.11.,AfD,13
BT13171129E,YouGov,2017-11-29,1570,24.11.–28.11.,BSW,NA
BT09171130Y,Allensbach,2017-11-30,1299,22.11.–27.11.,CDUCSU,33
BT09171130Y,Allensbach,2017-11-30,1299,22.11.–27.11.,SPD,21.5
BT09171130Y,Allensbach,2017-11-30,1299,22.11.–27.11.,Gruene,11
BT09171130Y,Allensbach,2017-11-30,1299,22.11.–27.11.,FDP,10
BT09171130Y,Allensbach,2017-11-30,1299,22.11.–27.11.,Linke,9
BT09171130Y,Allensbach,2017-11-30,1299,22.11.–27.11.,AfD,11
BT09171130Y,Allensbach,2017-11-30,1299,22.11.–27.11.,BSW,NA
BT03171202I,Verian,2017-12-02,1888,23.11.–29.11.,CDUCSU,33
BT03171202I,Verian,2017-12-02,1888,23.11.–29.11.,SPD,21
BT03171202I,Verian,2017-12-02,1888,23.11.–29.11.,Gruene,10
BT03171202I,Verian,2017-12-02,1888,23.11.–29.11.,FDP,9
BT03171202I,Verian,2017-12-02,1888,23.11.–29.11.,Linke,10
BT03171202I,Verian,2017-12-02,1888,23.11.–29.11.,AfD,12
BT03171202I,Verian,2017-12-02,1888,23.11.–29.11.,BSW,NA
BT02171204P,Forsa,2017-12-04,2502,27.11.–01.12.,CDUCSU,34
BT02171204P,Forsa,2017-12-04,2502,27.11.–01.12.,SPD,20
BT02171204P,Forsa,2017-12-04,2502,27.11.–01.12.,Gruene,13
BT02171204P,Forsa,2017-12-04,2502,27.11.–01.12.,FDP,8
BT02171204P,Forsa,2017-12-04,2502,27.11.–01.12.,Linke,9
BT02171204P,Forsa,2017-12-04,2502,27.11.–01.12.,AfD,10
BT02171204P,Forsa,2017-12-04,2502,27.11.–01.12.,BSW,NA
BT04171204M,GMS,2017-12-04,1010,28.11.–01.12.,CDUCSU,32
BT04171204M,GMS,2017-12-04,1010,28.11.–01.12.,SPD,21
BT04171204M,GMS,2017-12-04,1010,28.11.–01.12.,Gruene,10
BT04171204M,GMS,2017-12-04,1010,28.11.–01.12.,FDP,10
BT04171204M,GMS,2017-12-04,1010,28.11.–01.12.,Linke,10
BT04171204M,GMS,2017-12-04,1010,28.11.–01.12.,AfD,13
BT04171204M,GMS,2017-12-04,1010,28.11.–01.12.,BSW,NA
BT01171207O,Infratest dimap,2017-12-07,1504,04.12.–06.12.,CDUCSU,32
BT01171207O,Infratest dimap,2017-12-07,1504,04.12.–06.12.,SPD,21
BT01171207O,Infratest dimap,2017-12-07,1504,04.12.–06.12.,Gruene,11
BT01171207O,Infratest dimap,2017-12-07,1504,04.12.–06.12.,FDP,9
BT01171207O,Infratest dimap,2017-12-07,1504,04.12.–06.12.,Linke,10
BT01171207O,Infratest dimap,2017-12-07,1504,04.12.–06.12.,AfD,13
BT01171207O,Infratest dimap,2017-12-07,1504,04.12.–06.12.,BSW,NA
BT06171208O,Forschungsgruppe Wahlen,2017-12-08,1353,05.12.–07.12.,CDUCSU,32
BT06171208O,Forschungsgruppe Wahlen,2017-12-08,1353,05.12.–07.12.,SPD,23
BT06171208O,Forschungsgruppe Wahlen,2017-12-08,1353,05.12.–07.12.,Gruene,12
BT06171208O,Forschungsgruppe Wahlen,2017-12-08,1353,05.12.–07.12.,FDP,8
BT06171208O,Forschungsgruppe Wahlen,2017-12-08,1353,05.12.–07.12.,Linke,9
BT06171208O,Forschungsgruppe Wahlen,2017-12-08,1353,05.12.–07.12.,AfD,12
BT06171208O,Forschungsgruppe Wahlen,2017-12-08,1353,05.12.–07.12.,BSW,NA
BT03171209J,Verian,2017-12-09,1880,30.11.–06.12.,CDUCSU,33
BT03171209J,Verian,2017-12-09,1880,30.11.–06.12.,SPD,21
BT03171209J,Verian,2017-12-09,1880,30.11.–06.12.,Gruene,11
BT03171209J,Verian,2017-12-09,1880,30.11.–06.12.,FDP,9
BT03171209J,Verian,2017-12-09,1880,30.11.–06.12.,Linke,10
BT03171209J,Verian,2017-12-09,1880,30.11.–06.12.,AfD,12
BT03171209J,Verian,2017-12-09,1880,30.11.–06.12.,BSW,NA
BT02171210R,Forsa,2017-12-10,1566,09.12.–10.12.,CDUCSU,34
BT02171210R,Forsa,2017-12-10,1566,09.12.–10.12.,SPD,20
BT02171210R,Forsa,2017-12-10,1566,09.12.–10.12.,Gruene,12
BT02171210R,Forsa,2017-12-10,1566,09.12.–10.12.,FDP,8
BT02171210R,Forsa,2017-12-10,1566,09.12.–10.12.,Linke,9
BT02171210R,Forsa,2017-12-10,1566,09.12.–10.12.,AfD,11
BT02171210R,Forsa,2017-12-10,1566,09.12.–10.12.,BSW,NA
BT02171210Q,Forsa,2017-12-10,2500,04.12.–08.12.,CDUCSU,34
BT02171210Q,Forsa,2017-12-10,2500,04.12.–08.12.,SPD,20
BT02171210Q,Forsa,2017-12-10,2500,04.12.–08.12.,Gruene,12
BT02171210Q,Forsa,2017-12-10,2500,04.12.–08.12.,FDP,8
BT02171210Q,Forsa,2017-12-10,2500,04.12.–08.12.,Linke,9
BT02171210Q,Forsa,2017-12-10,2500,04.12.–08.12.,AfD,11
BT02171210Q,Forsa,2017-12-10,2500,04.12.–08.12.,BSW,NA
BT01171214P,Infratest dimap,2017-12-14,1029,11.12.–13.12.,CDUCSU,32
BT01171214P,Infratest dimap,2017-12-14,1029,11.12.–13.12.,SPD,20
BT01171214P,Infratest dimap,2017-12-14,1029,11.12.–13.12.,Gruene,12
BT01171214P,Infratest dimap,2017-12-14,1029,11.12.–13.12.,FDP,9
BT01171214P,Infratest dimap,2017-12-14,1029,11.12.–13.12.,Linke,9
BT01171214P,Infratest dimap,2017-12-14,1029,11.12.–13.12.,AfD,13
BT01171214P,Infratest dimap,2017-12-14,1029,11.12.–13.12.,BSW,NA
BT03171216K,Verian,2017-12-16,1865,07.12.–13.12.,CDUCSU,32
BT03171216K,Verian,2017-12-16,1865,07.12.–13.12.,SPD,22
BT03171216K,Verian,2017-12-16,1865,07.12.–13.12.,Gruene,11
BT03171216K,Verian,2017-12-16,1865,07.12.–13.12.,FDP,8
BT03171216K,Verian,2017-12-16,1865,07.12.–13.12.,Linke,9
BT03171216K,Verian,2017-12-16,1865,07.12.–13.12.,AfD,13
BT03171216K,Verian,2017-12-16,1865,07.12.–13.12.,BSW,NA
BT02171216S,Forsa,2017-12-16,2501,11.12.–15.12.,CDUCSU,33
BT02171216S,Forsa,2017-12-16,2501,11.12.–15.12.,SPD,20
BT02171216S,Forsa,2017-12-16,2501,11.12.–15.12.,Gruene,12
BT02171216S,Forsa,2017-12-16,2501,11.12.–15.12.,FDP,8
BT02171216S,Forsa,2017-12-16,2501,11.12.–15.12.,Linke,10
BT02171216S,Forsa,2017-12-16,2501,11.12.–15.12.,AfD,12
BT02171216S,Forsa,2017-12-16,2501,11.12.–15.12.,BSW,NA
BT09171221A,Allensbach,2017-12-21,1443,01.12.–14.12.,CDUCSU,34
BT09171221A,Allensbach,2017-12-21,1443,01.12.–14.12.,SPD,21
BT09171221A,Allensbach,2017-12-21,1443,01.12.–14.12.,Gruene,11.5
BT09171221A,Allensbach,2017-12-21,1443,01.12.–14.12.,FDP,10
BT09171221A,Allensbach,2017-12-21,1443,01.12.–14.12.,Linke,9
BT09171221A,Allensbach,2017-12-21,1443,01.12.–14.12.,AfD,11
BT09171221A,Allensbach,2017-12-21,1443,01.12.–14.12.,BSW,NA
BT03171223L,Verian,2017-12-23,1861,14.12.–20.12.,CDUCSU,33
BT03171223L,Verian,2017-12-23,1861,14.12.–20.12.,SPD,21
BT03171223L,Verian,2017-12-23,1861,14.12.–20.12.,Gruene,11
BT03171223L,Verian,2017-12-23,1861,14.12.–20.12.,FDP,8
BT03171223L,Verian,2017-12-23,1861,14.12.–20.12.,Linke,10
BT03171223L,Verian,2017-12-23,1861,14.12.–20.12.,AfD,12
BT03171223L,Verian,2017-12-23,1861,14.12.–20.12.,BSW,NA
BT02171227T,Forsa,2017-12-27,2504,18.12.–22.12.,CDUCSU,34
BT02171227T,Forsa,2017-12-27,2504,18.12.–22.12.,SPD,19
BT02171227T,Forsa,2017-12-27,2504,18.12.–22.12.,Gruene,12
BT02171227T,Forsa,2017-12-27,2504,18.12.–22.12.,FDP,8
BT02171227T,Forsa,2017-12-27,2504,18.12.–22.12.,Linke,10
BT02171227T,Forsa,2017-12-27,2504,18.12.–22.12.,AfD,12
BT02171227T,Forsa,2017-12-27,2504,18.12.–22.12.,BSW,NA
BT13171228G,YouGov,2017-12-28,1489,25.12.–27.12.,CDUCSU,33
BT13171228G,YouGov,2017-12-28,1489,25.12.–27.12.,SPD,21
BT13171228G,YouGov,2017-12-28,1489,25.12.–27.12.,Gruene,10
BT13171228G,YouGov,2017-12-28,1489,25.12.–27.12.,FDP,9
BT13171228G,YouGov,2017-12-28,1489,25.12.–27.12.,Linke,10
BT13171228G,YouGov,2017-12-28,1489,25.12.–27.12.,AfD,13
BT13171228G,YouGov,2017-12-28,1489,25.12.–27.12.,BSW,NA
BT04180103N,GMS,2018-01-03,1005,27.12.–02.01.,CDUCSU,32
BT04180103N,GMS,2018-01-03,1005,27.12.–02.01.,SPD,20
BT04180103N,GMS,2018-01-03,1005,27.12.–02.01.,Gruene,11
BT04180103N,GMS,2018-01-03,1005,27.12.–02.01.,FDP,9
BT04180103N,GMS,2018-01-03,1005,27.12.–02.01.,Linke,10
BT04180103N,GMS,2018-01-03,1005,27.12.–02.01.,AfD,14
BT04180103N,GMS,2018-01-03,1005,27.12.–02.01.,BSW,NA
BT01180104Q,Infratest dimap,2018-01-04,1506,02.01.–03.01.,CDUCSU,33
BT01180104Q,Infratest dimap,2018-01-04,1506,02.01.–03.01.,SPD,21
BT01180104Q,Infratest dimap,2018-01-04,1506,02.01.–03.01.,Gruene,11
BT01180104Q,Infratest dimap,2018-01-04,1506,02.01.–03.01.,FDP,9
BT01180104Q,Infratest dimap,2018-01-04,1506,02.01.–03.01.,Linke,9
BT01180104Q,Infratest dimap,2018-01-04,1506,02.01.–03.01.,AfD,13
BT01180104Q,Infratest dimap,2018-01-04,1506,02.01.–03.01.,BSW,NA
BT03180106M,Verian,2018-01-06,1440,21.12.–03.01.,CDUCSU,33
BT03180106M,Verian,2018-01-06,1440,21.12.–03.01.,SPD,20
BT03180106M,Verian,2018-01-06,1440,21.12.–03.01.,Gruene,12
BT03180106M,Verian,2018-01-06,1440,21.12.–03.01.,FDP,9
BT03180106M,Verian,2018-01-06,1440,21.12.–03.01.,Linke,9
BT03180106M,Verian,2018-01-06,1440,21.12.–03.01.,AfD,12
BT03180106M,Verian,2018-01-06,1440,21.12.–03.01.,BSW,NA
BT02180107U,Forsa,2018-01-07,2003,02.01.–05.01.,CDUCSU,34
BT02180107U,Forsa,2018-01-07,2003,02.01.–05.01.,SPD,20
BT02180107U,Forsa,2018-01-07,2003,02.01.–05.01.,Gruene,12
BT02180107U,Forsa,2018-01-07,2003,02.01.–05.01.,FDP,9
BT02180107U,Forsa,2018-01-07,2003,02.01.–05.01.,Linke,9
BT02180107U,Forsa,2018-01-07,2003,02.01.–05.01.,AfD,10
BT02180107U,Forsa,2018-01-07,2003,02.01.–05.01.,BSW,NA
BT03180113N,Verian,2018-01-13,1899,04.01.–10.01.,CDUCSU,34
BT03180113N,Verian,2018-01-13,1899,04.01.–10.01.,SPD,21
BT03180113N,Verian,2018-01-13,1899,04.01.–10.01.,Gruene,11
BT03180113N,Verian,2018-01-13,1899,04.01.–10.01.,FDP,8
BT03180113N,Verian,2018-01-13,1899,04.01.–10.01.,Linke,9
BT03180113N,Verian,2018-01-13,1899,04.01.–10.01.,AfD,13
BT03180113N,Verian,2018-01-13,1899,04.01.–10.01.,BSW,NA
BT02180115V,Forsa,2018-01-15,2501,08.01.–12.01.,CDUCSU,33
BT02180115V,Forsa,2018-01-15,2501,08.01.–12.01.,SPD,20
BT02180115V,Forsa,2018-01-15,2501,08.01.–12.01.,Gruene,12
BT02180115V,Forsa,2018-01-15,2501,08.01.–12.01.,FDP,9
BT02180115V,Forsa,2018-01-15,2501,08.01.–12.01.,Linke,9
BT02180115V,Forsa,2018-01-15,2501,08.01.–12.01.,AfD,11
BT02180115V,Forsa,2018-01-15,2501,08.01.–12.01.,BSW,NA
BT02180118W,Forsa,2018-01-18,1504,15.01.–17.01.,CDUCSU,34
BT02180118W,Forsa,2018-01-18,1504,15.01.–17.01.,SPD,18
BT02180118W,Forsa,2018-01-18,1504,15.01.–17.01.,Gruene,12
BT02180118W,Forsa,2018-01-18,1504,15.01.–17.01.,FDP,8
BT02180118W,Forsa,2018-01-18,1504,15.01.–17.01.,Linke,10
BT02180118W,Forsa,2018-01-18,1504,15.01.–17.01.,AfD,12
BT02180118W,Forsa,2018-01-18,1504,15.01.–17.01.,BSW,NA
BT06180119P,Forschungsgruppe Wahlen,2018-01-19,1332,16.01.–18.01.,CDUCSU,33
BT06180119P,Forschungsgruppe Wahlen,2018-01-19,1332,16.01.–18.01.,SPD,20
BT06180119P,Forschungsgruppe Wahlen,2018-01-19,1332,16.01.–18.01.,Gruene,12
BT06180119P,Forschungsgruppe Wahlen,2018-01-19,1332,16.01.–18.01.,FDP,8
BT06180119P,Forschungsgruppe Wahlen,2018-01-19,1332,16.01.–18.01.,Linke,10
BT06180119P,Forschungsgruppe Wahlen,2018-01-19,1332,16.01.–18.01.,AfD,12
BT06180119P,Forschungsgruppe Wahlen,2018-01-19,1332,16.01.–18.01.,BSW,NA
BT03180120O,Verian,2018-01-20,1419,11.01.–17.01.,CDUCSU,33
BT03180120O,Verian,2018-01-20,1419,11.01.–17.01.,SPD,21
BT03180120O,Verian,2018-01-20,1419,11.01.–17.01.,Gruene,10
BT03180120O,Verian,2018-01-20,1419,11.01.–17.01.,FDP,8
BT03180120O,Verian,2018-01-20,1419,11.01.–17.01.,Linke,10
BT03180120O,Verian,2018-01-20,1419,11.01.–17.01.,AfD,13
BT03180120O,Verian,2018-01-20,1419,11.01.–17.01.,BSW,NA
BT02180121X,Forsa,2018-01-21,2501,15.01.–19.01.,CDUCSU,34
BT02180121X,Forsa,2018-01-21,2501,15.01.–19.01.,SPD,18
BT02180121X,Forsa,2018-01-21,2501,15.01.–19.01.,Gruene,12
BT02180121X,Forsa,2018-01-21,2501,15.01.–19.01.,FDP,8
BT02180121X,Forsa,2018-01-21,2501,15.01.–19.01.,Linke,10
BT02180121X,Forsa,2018-01-21,2501,15.01.–19.01.,AfD,12
BT02180121X,Forsa,2018-01-21,2501,15.01.–19.01.,BSW,NA
BT02180122Y,Forsa,2018-01-22,1282,22.01.,CDUCSU,34
BT02180122Y,Forsa,2018-01-22,1282,22.01.,SPD,17
BT02180122Y,Forsa,2018-01-22,1282,22.01.,Gruene,12
BT02180122Y,Forsa,2018-01-22,1282,22.01.,FDP,8
BT02180122Y,Forsa,2018-01-22,1282,22.01.,Linke,11
BT02180122Y,Forsa,2018-01-22,1282,22.01.,AfD,13
BT02180122Y,Forsa,2018-01-22,1282,22.01.,BSW,NA
BT09180125B,Allensbach,2018-01-25,1221,05.01.–18.01.,CDUCSU,34
BT09180125B,Allensbach,2018-01-25,1221,05.01.–18.01.,SPD,21
BT09180125B,Allensbach,2018-01-25,1221,05.01.–18.01.,Gruene,10.5
BT09180125B,Allensbach,2018-01-25,1221,05.01.–18.01.,FDP,10
BT09180125B,Allensbach,2018-01-25,1221,05.01.–18.01.,Linke,8.5
BT09180125B,Allensbach,2018-01-25,1221,05.01.–18.01.,AfD,12
BT09180125B,Allensbach,2018-01-25,1221,05.01.–18.01.,BSW,NA
BT01180125R,Infratest dimap,2018-01-25,1043,22.01.–24.01.,CDUCSU,33
BT01180125R,Infratest dimap,2018-01-25,1043,22.01.–24.01.,SPD,19
BT01180125R,Infratest dimap,2018-01-25,1043,22.01.–24.01.,Gruene,11
BT01180125R,Infratest dimap,2018-01-25,1043,22.01.–24.01.,FDP,10
BT01180125R,Infratest dimap,2018-01-25,1043,22.01.–24.01.,Linke,10
BT01180125R,Infratest dimap,2018-01-25,1043,22.01.–24.01.,AfD,12
BT01180125R,Infratest dimap,2018-01-25,1043,22.01.–24.01.,BSW,NA
BT13180125H,YouGov,2018-01-25,1566,19.01.–23.01.,CDUCSU,34
BT13180125H,YouGov,2018-01-25,1566,19.01.–23.01.,SPD,19
BT13180125H,YouGov,2018-01-25,1566,19.01.–23.01.,Gruene,10
BT13180125H,YouGov,2018-01-25,1566,19.01.–23.01.,FDP,8
BT13180125H,YouGov,2018-01-25,1566,19.01.–23.01.,Linke,11
BT13180125H,YouGov,2018-01-25,1566,19.01.–23.01.,AfD,14
BT13180125H,YouGov,2018-01-25,1566,19.01.–23.01.,BSW,NA
BT03180127P,Verian,2018-01-27,1513,18.01.–24.01.,CDUCSU,34
BT03180127P,Verian,2018-01-27,1513,18.01.–24.01.,SPD,20
BT03180127P,Verian,2018-01-27,1513,18.01.–24.01.,Gruene,11
BT03180127P,Verian,2018-01-27,1513,18.01.–24.01.,FDP,8
BT03180127P,Verian,2018-01-27,1513,18.01.–24.01.,Linke,10
BT03180127P,Verian,2018-01-27,1513,18.01.–24.01.,AfD,12
BT03180127P,Verian,2018-01-27,1513,18.01.–24.01.,BSW,NA
BT02180129A,Forsa,2018-01-29,2505,22.01.–26.01.,CDUCSU,34
BT02180129A,Forsa,2018-01-29,2505,22.01.–26.01.,SPD,18
BT02180129A,Forsa,2018-01-29,2505,22.01.–26.01.,Gruene,12
BT02180129A,Forsa,2018-01-29,2505,22.01.–26.01.,FDP,9
BT02180129A,Forsa,2018-01-29,2505,22.01.–26.01.,Linke,10
BT02180129A,Forsa,2018-01-29,2505,22.01.–26.01.,AfD,12
BT02180129A,Forsa,2018-01-29,2505,22.01.–26.01.,BSW,NA
BT01180201S,Infratest dimap,2018-02-01,1502,29.01.–31.01.,CDUCSU,33
BT01180201S,Infratest dimap,2018-02-01,1502,29.01.–31.01.,SPD,18
BT01180201S,Infratest dimap,2018-02-01,1502,29.01.–31.01.,Gruene,11
BT01180201S,Infratest dimap,2018-02-01,1502,29.01.–31.01.,FDP,10
BT01180201S,Infratest dimap,2018-02-01,1502,29.01.–31.01.,Linke,11
BT01180201S,Infratest dimap,2018-02-01,1502,29.01.–31.01.,AfD,14
BT01180201S,Infratest dimap,2018-02-01,1502,29.01.–31.01.,BSW,NA
BT06180202Q,Forschungsgruppe Wahlen,2018-02-02,1302,30.01.–01.02.,CDUCSU,31
BT06180202Q,Forschungsgruppe Wahlen,2018-02-02,1302,30.01.–01.02.,SPD,19
BT06180202Q,Forschungsgruppe Wahlen,2018-02-02,1302,30.01.–01.02.,Gruene,14
BT06180202Q,Forschungsgruppe Wahlen,2018-02-02,1302,30.01.–01.02.,FDP,7
BT06180202Q,Forschungsgruppe Wahlen,2018-02-02,1302,30.01.–01.02.,Linke,11
BT06180202Q,Forschungsgruppe Wahlen,2018-02-02,1302,30.01.–01.02.,AfD,14
BT06180202Q,Forschungsgruppe Wahlen,2018-02-02,1302,30.01.–01.02.,BSW,NA
BT03180203Q,Verian,2018-02-03,1247,25.01.–31.01.,CDUCSU,33
BT03180203Q,Verian,2018-02-03,1247,25.01.–31.01.,SPD,20
BT03180203Q,Verian,2018-02-03,1247,25.01.–31.01.,Gruene,11
BT03180203Q,Verian,2018-02-03,1247,25.01.–31.01.,FDP,9
BT03180203Q,Verian,2018-02-03,1247,25.01.–31.01.,Linke,10
BT03180203Q,Verian,2018-02-03,1247,25.01.–31.01.,AfD,13
BT03180203Q,Verian,2018-02-03,1247,25.01.–31.01.,BSW,NA
BT02180205B,Forsa,2018-02-05,2507,29.01.–02.02.,CDUCSU,33
BT02180205B,Forsa,2018-02-05,2507,29.01.–02.02.,SPD,18
BT02180205B,Forsa,2018-02-05,2507,29.01.–02.02.,Gruene,13
BT02180205B,Forsa,2018-02-05,2507,29.01.–02.02.,FDP,9
BT02180205B,Forsa,2018-02-05,2507,29.01.–02.02.,Linke,9
BT02180205B,Forsa,2018-02-05,2507,29.01.–02.02.,AfD,13
BT02180205B,Forsa,2018-02-05,2507,29.01.–02.02.,BSW,NA
BT04180208O,GMS,2018-02-08,1007,01.02.–07.02.,CDUCSU,32
BT04180208O,GMS,2018-02-08,1007,01.02.–07.02.,SPD,18
BT04180208O,GMS,2018-02-08,1007,01.02.–07.02.,Gruene,13
BT04180208O,GMS,2018-02-08,1007,01.02.–07.02.,FDP,9
BT04180208O,GMS,2018-02-08,1007,01.02.–07.02.,Linke,9
BT04180208O,GMS,2018-02-08,1007,01.02.–07.02.,AfD,14
BT04180208O,GMS,2018-02-08,1007,01.02.–07.02.,BSW,NA
BT02180209C,Forsa,2018-02-09,1003,07.02.–08.02.,CDUCSU,31
BT02180209C,Forsa,2018-02-09,1003,07.02.–08.02.,SPD,18
BT02180209C,Forsa,2018-02-09,1003,07.02.–08.02.,Gruene,13
BT02180209C,Forsa,2018-02-09,1003,07.02.–08.02.,FDP,10
BT02180209C,Forsa,2018-02-09,1003,07.02.–08.02.,Linke,10
BT02180209C,Forsa,2018-02-09,1003,07.02.–08.02.,AfD,13
BT02180209C,Forsa,2018-02-09,1003,07.02.–08.02.,BSW,NA
BT03180210R,Verian,2018-02-10,1226,01.02.–07.02.,CDUCSU,34
BT03180210R,Verian,2018-02-10,1226,01.02.–07.02.,SPD,20
BT03180210R,Verian,2018-02-10,1226,01.02.–07.02.,Gruene,11
BT03180210R,Verian,2018-02-10,1226,01.02.–07.02.,FDP,9
BT03180210R,Verian,2018-02-10,1226,01.02.–07.02.,Linke,9
BT03180210R,Verian,2018-02-10,1226,01.02.–07.02.,AfD,12
BT03180210R,Verian,2018-02-10,1226,01.02.–07.02.,BSW,NA
BT01180215T,Infratest dimap,2018-02-15,1001,13.02.–15.02.,CDUCSU,33
BT01180215T,Infratest dimap,2018-02-15,1001,13.02.–15.02.,SPD,16
BT01180215T,Infratest dimap,2018-02-15,1001,13.02.–15.02.,Gruene,13
BT01180215T,Infratest dimap,2018-02-15,1001,13.02.–15.02.,FDP,9
BT01180215T,Infratest dimap,2018-02-15,1001,13.02.–15.02.,Linke,11
BT01180215T,Infratest dimap,2018-02-15,1001,13.02.–15.02.,AfD,15
BT01180215T,Infratest dimap,2018-02-15,1001,13.02.–15.02.,BSW,NA
BT03180217S,Verian,2018-02-17,1478,08.02.–14.02.,CDUCSU,33
BT03180217S,Verian,2018-02-17,1478,08.02.–14.02.,SPD,19
BT03180217S,Verian,2018-02-17,1478,08.02.–14.02.,Gruene,11
BT03180217S,Verian,2018-02-17,1478,08.02.–14.02.,FDP,9
BT03180217S,Verian,2018-02-17,1478,08.02.–14.02.,Linke,10
BT03180217S,Verian,2018-02-17,1478,08.02.–14.02.,AfD,14
BT03180217S,Verian,2018-02-17,1478,08.02.–14.02.,BSW,NA
BT02180217D,Forsa,2018-02-17,2501,12.02.–16.02.,CDUCSU,34
BT02180217D,Forsa,2018-02-17,2501,12.02.–16.02.,SPD,16
BT02180217D,Forsa,2018-02-17,2501,12.02.–16.02.,Gruene,13
BT02180217D,Forsa,2018-02-17,2501,12.02.–16.02.,FDP,9
BT02180217D,Forsa,2018-02-17,2501,12.02.–16.02.,Linke,10
BT02180217D,Forsa,2018-02-17,2501,12.02.–16.02.,AfD,13
BT02180217D,Forsa,2018-02-17,2501,12.02.–16.02.,BSW,NA
BT01180222U,Infratest dimap,2018-02-22,1052,20.02.–21.02.,CDUCSU,34
BT01180222U,Infratest dimap,2018-02-22,1052,20.02.–21.02.,SPD,17
BT01180222U,Infratest dimap,2018-02-22,1052,20.02.–21.02.,Gruene,12
BT01180222U,Infratest dimap,2018-02-22,1052,20.02.–21.02.,FDP,9
BT01180222U,Infratest dimap,2018-02-22,1052,20.02.–21.02.,Linke,10
BT01180222U,Infratest dimap,2018-02-22,1052,20.02.–21.02.,AfD,14
BT01180222U,Infratest dimap,2018-02-22,1052,20.02.–21.02.,BSW,NA
BT09180223C,Allensbach,2018-02-23,1271,02.02.–15.02.,CDUCSU,32
BT09180223C,Allensbach,2018-02-23,1271,02.02.–15.02.,SPD,17.5
BT09180223C,Allensbach,2018-02-23,1271,02.02.–15.02.,Gruene,12
BT09180223C,Allensbach,2018-02-23,1271,02.02.–15.02.,FDP,11
BT09180223C,Allensbach,2018-02-23,1271,02.02.–15.02.,Linke,9.5
BT09180223C,Allensbach,2018-02-23,1271,02.02.–15.02.,AfD,13
BT09180223C,Allensbach,2018-02-23,1271,02.02.–15.02.,BSW,NA
BT06180223R,Forschungsgruppe Wahlen,2018-02-23,1360,20.02.–22.02.,CDUCSU,33
BT06180223R,Forschungsgruppe Wahlen,2018-02-23,1360,20.02.–22.02.,SPD,17
BT06180223R,Forschungsgruppe Wahlen,2018-02-23,1360,20.02.–22.02.,Gruene,12
BT06180223R,Forschungsgruppe Wahlen,2018-02-23,1360,20.02.–22.02.,FDP,8
BT06180223R,Forschungsgruppe Wahlen,2018-02-23,1360,20.02.–22.02.,Linke,11
BT06180223R,Forschungsgruppe Wahlen,2018-02-23,1360,20.02.–22.02.,AfD,14
BT06180223R,Forschungsgruppe Wahlen,2018-02-23,1360,20.02.–22.02.,BSW,NA
BT03180224T,Verian,2018-02-24,1985,15.02.–21.02.,CDUCSU,33
BT03180224T,Verian,2018-02-24,1985,15.02.–21.02.,SPD,17
BT03180224T,Verian,2018-02-24,1985,15.02.–21.02.,Gruene,11
BT03180224T,Verian,2018-02-24,1985,15.02.–21.02.,FDP,10
BT03180224T,Verian,2018-02-24,1985,15.02.–21.02.,Linke,11
BT03180224T,Verian,2018-02-24,1985,15.02.–21.02.,AfD,15
BT03180224T,Verian,2018-02-24,1985,15.02.–21.02.,BSW,NA
BT02180224E,Forsa,2018-02-24,2506,19.02.–23.02.,CDUCSU,35
BT02180224E,Forsa,2018-02-24,2506,19.02.–23.02.,SPD,18
BT02180224E,Forsa,2018-02-24,2506,19.02.–23.02.,Gruene,12
BT02180224E,Forsa,2018-02-24,2506,19.02.–23.02.,FDP,9
BT02180224E,Forsa,2018-02-24,2506,19.02.–23.02.,Linke,9
BT02180224E,Forsa,2018-02-24,2506,19.02.–23.02.,AfD,13
BT02180224E,Forsa,2018-02-24,2506,19.02.–23.02.,BSW,NA
BT13180228I,YouGov,2018-02-28,1585,26.02.–28.02.,CDUCSU,32
BT13180228I,YouGov,2018-02-28,1585,26.02.–28.02.,SPD,16
BT13180228I,YouGov,2018-02-28,1585,26.02.–28.02.,Gruene,12
BT13180228I,YouGov,2018-02-28,1585,26.02.–28.02.,FDP,8
BT13180228I,YouGov,2018-02-28,1585,26.02.–28.02.,Linke,12
BT13180228I,YouGov,2018-02-28,1585,26.02.–28.02.,AfD,16
BT13180228I,YouGov,2018-02-28,1585,26.02.–28.02.,BSW,NA
BT01180301V,Infratest dimap,2018-03-01,1502,26.02.–28.02.,CDUCSU,34
BT01180301V,Infratest dimap,2018-03-01,1502,26.02.–28.02.,SPD,18
BT01180301V,Infratest dimap,2018-03-01,1502,26.02.–28.02.,Gruene,11
BT01180301V,Infratest dimap,2018-03-01,1502,26.02.–28.02.,FDP,9
BT01180301V,Infratest dimap,2018-03-01,1502,26.02.–28.02.,Linke,9
BT01180301V,Infratest dimap,2018-03-01,1502,26.02.–28.02.,AfD,15
BT01180301V,Infratest dimap,2018-03-01,1502,26.02.–28.02.,BSW,NA
BT03180303U,Verian,2018-03-03,1890,22.02.–28.02.,CDUCSU,33
BT03180303U,Verian,2018-03-03,1890,22.02.–28.02.,SPD,16
BT03180303U,Verian,2018-03-03,1890,22.02.–28.02.,Gruene,12
BT03180303U,Verian,2018-03-03,1890,22.02.–28.02.,FDP,9
BT03180303U,Verian,2018-03-03,1890,22.02.–28.02.,Linke,11
BT03180303U,Verian,2018-03-03,1890,22.02.–28.02.,AfD,15
BT03180303U,Verian,2018-03-03,1890,22.02.–28.02.,BSW,NA
BT02180303F,Forsa,2018-03-03,2505,26.02.–02.03.,CDUCSU,35
BT02180303F,Forsa,2018-03-03,2505,26.02.–02.03.,SPD,18
BT02180303F,Forsa,2018-03-03,2505,26.02.–02.03.,Gruene,12
BT02180303F,Forsa,2018-03-03,2505,26.02.–02.03.,FDP,9
BT02180303F,Forsa,2018-03-03,2505,26.02.–02.03.,Linke,9
BT02180303F,Forsa,2018-03-03,2505,26.02.–02.03.,AfD,13
BT02180303F,Forsa,2018-03-03,2505,26.02.–02.03.,BSW,NA
BT02180305G,Forsa,2018-03-05,1502,04.03.–05.03.,CDUCSU,34
BT02180305G,Forsa,2018-03-05,1502,04.03.–05.03.,SPD,19
BT02180305G,Forsa,2018-03-05,1502,04.03.–05.03.,Gruene,12
BT02180305G,Forsa,2018-03-05,1502,04.03.–05.03.,FDP,9
BT02180305G,Forsa,2018-03-05,1502,04.03.–05.03.,Linke,9
BT02180305G,Forsa,2018-03-05,1502,04.03.–05.03.,AfD,13
BT02180305G,Forsa,2018-03-05,1502,04.03.–05.03.,BSW,NA
BT03180310V,Verian,2018-03-10,1869,01.03.–07.03.,CDUCSU,33
BT03180310V,Verian,2018-03-10,1869,01.03.–07.03.,SPD,19
BT03180310V,Verian,2018-03-10,1869,01.03.–07.03.,Gruene,12
BT03180310V,Verian,2018-03-10,1869,01.03.–07.03.,FDP,8
BT03180310V,Verian,2018-03-10,1869,01.03.–07.03.,Linke,10
BT03180310V,Verian,2018-03-10,1869,01.03.–07.03.,AfD,13
BT03180310V,Verian,2018-03-10,1869,01.03.–07.03.,BSW,NA
BT02180311H,Forsa,2018-03-11,2507,05.03.–09.03.,CDUCSU,34
BT02180311H,Forsa,2018-03-11,2507,05.03.–09.03.,SPD,18
BT02180311H,Forsa,2018-03-11,2507,05.03.–09.03.,Gruene,13
BT02180311H,Forsa,2018-03-11,2507,05.03.–09.03.,FDP,9
BT02180311H,Forsa,2018-03-11,2507,05.03.–09.03.,Linke,10
BT02180311H,Forsa,2018-03-11,2507,05.03.–09.03.,AfD,12
BT02180311H,Forsa,2018-03-11,2507,05.03.–09.03.,BSW,NA
BT06180316S,Forschungsgruppe Wahlen,2018-03-16,1214,13.03.–15.03.,CDUCSU,32
BT06180316S,Forschungsgruppe Wahlen,2018-03-16,1214,13.03.–15.03.,SPD,19
BT06180316S,Forschungsgruppe Wahlen,2018-03-16,1214,13.03.–15.03.,Gruene,12
BT06180316S,Forschungsgruppe Wahlen,2018-03-16,1214,13.03.–15.03.,FDP,9
BT06180316S,Forschungsgruppe Wahlen,2018-03-16,1214,13.03.–15.03.,Linke,11
BT06180316S,Forschungsgruppe Wahlen,2018-03-16,1214,13.03.–15.03.,AfD,13
BT06180316S,Forschungsgruppe Wahlen,2018-03-16,1214,13.03.–15.03.,BSW,NA
BT03180317W,Verian,2018-03-17,1959,08.03.–14.03.,CDUCSU,33
BT03180317W,Verian,2018-03-17,1959,08.03.–14.03.,SPD,19
BT03180317W,Verian,2018-03-17,1959,08.03.–14.03.,Gruene,11
BT03180317W,Verian,2018-03-17,1959,08.03.–14.03.,FDP,9
BT03180317W,Verian,2018-03-17,1959,08.03.–14.03.,Linke,10
BT03180317W,Verian,2018-03-17,1959,08.03.–14.03.,AfD,14
BT03180317W,Verian,2018-03-17,1959,08.03.–14.03.,BSW,NA
BT02180317I,Forsa,2018-03-17,2502,12.03.–16.03.,CDUCSU,34
BT02180317I,Forsa,2018-03-17,2502,12.03.–16.03.,SPD,19
BT02180317I,Forsa,2018-03-17,2502,12.03.–16.03.,Gruene,11
BT02180317I,Forsa,2018-03-17,2502,12.03.–16.03.,FDP,8
BT02180317I,Forsa,2018-03-17,2502,12.03.–16.03.,Linke,10
BT02180317I,Forsa,2018-03-17,2502,12.03.–16.03.,AfD,13
BT02180317I,Forsa,2018-03-17,2502,12.03.–16.03.,BSW,NA
BT09180321D,Allensbach,2018-03-21,1256,02.03.–15.03.,CDUCSU,34
BT09180321D,Allensbach,2018-03-21,1256,02.03.–15.03.,SPD,19
BT09180321D,Allensbach,2018-03-21,1256,02.03.–15.03.,Gruene,11
BT09180321D,Allensbach,2018-03-21,1256,02.03.–15.03.,FDP,10
BT09180321D,Allensbach,2018-03-21,1256,02.03.–15.03.,Linke,10
BT09180321D,Allensbach,2018-03-21,1256,02.03.–15.03.,AfD,12.5
BT09180321D,Allensbach,2018-03-21,1256,02.03.–15.03.,BSW,NA
BT04180322P,GMS,2018-03-22,1003,16.03.–21.03.,CDUCSU,33
BT04180322P,GMS,2018-03-22,1003,16.03.–21.03.,SPD,18
BT04180322P,GMS,2018-03-22,1003,16.03.–21.03.,Gruene,11
BT04180322P,GMS,2018-03-22,1003,16.03.–21.03.,FDP,10
BT04180322P,GMS,2018-03-22,1003,16.03.–21.03.,Linke,10
BT04180322P,GMS,2018-03-22,1003,16.03.–21.03.,AfD,13
BT04180322P,GMS,2018-03-22,1003,16.03.–21.03.,BSW,NA
BT01180322W,Infratest dimap,2018-03-22,1038,20.03.–21.03.,CDUCSU,33
BT01180322W,Infratest dimap,2018-03-22,1038,20.03.–21.03.,SPD,19
BT01180322W,Infratest dimap,2018-03-22,1038,20.03.–21.03.,Gruene,12
BT01180322W,Infratest dimap,2018-03-22,1038,20.03.–21.03.,FDP,9
BT01180322W,Infratest dimap,2018-03-22,1038,20.03.–21.03.,Linke,10
BT01180322W,Infratest dimap,2018-03-22,1038,20.03.–21.03.,AfD,13
BT01180322W,Infratest dimap,2018-03-22,1038,20.03.–21.03.,BSW,NA
BT03180324X,Verian,2018-03-24,1972,15.03.–21.03.,CDUCSU,34
BT03180324X,Verian,2018-03-24,1972,15.03.–21.03.,SPD,18
BT03180324X,Verian,2018-03-24,1972,15.03.–21.03.,Gruene,12
BT03180324X,Verian,2018-03-24,1972,15.03.–21.03.,FDP,9
BT03180324X,Verian,2018-03-24,1972,15.03.–21.03.,Linke,10
BT03180324X,Verian,2018-03-24,1972,15.03.–21.03.,AfD,13
BT03180324X,Verian,2018-03-24,1972,15.03.–21.03.,BSW,NA
BT02180324J,Forsa,2018-03-24,2502,19.03.–23.03.,CDUCSU,31
BT02180324J,Forsa,2018-03-24,2502,19.03.–23.03.,SPD,19
BT02180324J,Forsa,2018-03-24,2502,19.03.–23.03.,Gruene,12
BT02180324J,Forsa,2018-03-24,2502,19.03.–23.03.,FDP,9
BT02180324J,Forsa,2018-03-24,2502,19.03.–23.03.,Linke,11
BT02180324J,Forsa,2018-03-24,2502,19.03.–23.03.,AfD,14
BT02180324J,Forsa,2018-03-24,2502,19.03.–23.03.,BSW,NA
BT13180328J,YouGov,2018-03-28,1579,23.03.–27.03.,CDUCSU,34
BT13180328J,YouGov,2018-03-28,1579,23.03.–27.03.,SPD,17
BT13180328J,YouGov,2018-03-28,1579,23.03.–27.03.,Gruene,11
BT13180328J,YouGov,2018-03-28,1579,23.03.–27.03.,FDP,8
BT13180328J,YouGov,2018-03-28,1579,23.03.–27.03.,Linke,11
BT13180328J,YouGov,2018-03-28,1579,23.03.–27.03.,AfD,15
BT13180328J,YouGov,2018-03-28,1579,23.03.–27.03.,BSW,NA
BT03180331Y,Verian,2018-03-31,1982,22.03.–28.03.,CDUCSU,34
BT03180331Y,Verian,2018-03-31,1982,22.03.–28.03.,SPD,18
BT03180331Y,Verian,2018-03-31,1982,22.03.–28.03.,Gruene,12
BT03180331Y,Verian,2018-03-31,1982,22.03.–28.03.,FDP,8
BT03180331Y,Verian,2018-03-31,1982,22.03.–28.03.,Linke,11
BT03180331Y,Verian,2018-03-31,1982,22.03.–28.03.,AfD,12
BT03180331Y,Verian,2018-03-31,1982,22.03.–28.03.,BSW,NA
BT02180331K,Forsa,2018-03-31,2003,26.03.–29.03.,CDUCSU,33
BT02180331K,Forsa,2018-03-31,2003,26.03.–29.03.,SPD,18
BT02180331K,Forsa,2018-03-31,2003,26.03.–29.03.,Gruene,12
BT02180331K,Forsa,2018-03-31,2003,26.03.–29.03.,FDP,9
BT02180331K,Forsa,2018-03-31,2003,26.03.–29.03.,Linke,10
BT02180331K,Forsa,2018-03-31,2003,26.03.–29.03.,AfD,13
BT02180331K,Forsa,2018-03-31,2003,26.03.–29.03.,BSW,NA
BT01180405X,Infratest dimap,2018-04-05,1503,03.04.–04.04.,CDUCSU,33
BT01180405X,Infratest dimap,2018-04-05,1503,03.04.–04.04.,SPD,18
BT01180405X,Infratest dimap,2018-04-05,1503,03.04.–04.04.,Gruene,12
BT01180405X,Infratest dimap,2018-04-05,1503,03.04.–04.04.,FDP,9
BT01180405X,Infratest dimap,2018-04-05,1503,03.04.–04.04.,Linke,10
BT01180405X,Infratest dimap,2018-04-05,1503,03.04.–04.04.,AfD,14
BT01180405X,Infratest dimap,2018-04-05,1503,03.04.–04.04.,BSW,NA
BT03180407A,Verian,2018-04-07,1414,29.03.–05.04.,CDUCSU,34
BT03180407A,Verian,2018-04-07,1414,29.03.–05.04.,SPD,17
BT03180407A,Verian,2018-04-07,1414,29.03.–05.04.,Gruene,12
BT03180407A,Verian,2018-04-07,1414,29.03.–05.04.,FDP,8
BT03180407A,Verian,2018-04-07,1414,29.03.–05.04.,Linke,11
BT03180407A,Verian,2018-04-07,1414,29.03.–05.04.,AfD,13
BT03180407A,Verian,2018-04-07,1414,29.03.–05.04.,BSW,NA
BT02180407L,Forsa,2018-04-07,2005,03.04.–06.04.,CDUCSU,32
BT02180407L,Forsa,2018-04-07,2005,03.04.–06.04.,SPD,20
BT02180407L,Forsa,2018-04-07,2005,03.04.–06.04.,Gruene,11
BT02180407L,Forsa,2018-04-07,2005,03.04.–06.04.,FDP,9
BT02180407L,Forsa,2018-04-07,2005,03.04.–06.04.,Linke,10
BT02180407L,Forsa,2018-04-07,2005,03.04.–06.04.,AfD,13
BT02180407L,Forsa,2018-04-07,2005,03.04.–06.04.,BSW,NA
BT06180413T,Forschungsgruppe Wahlen,2018-04-13,1159,10.04.–12.04.,CDUCSU,33
BT06180413T,Forschungsgruppe Wahlen,2018-04-13,1159,10.04.–12.04.,SPD,19
BT06180413T,Forschungsgruppe Wahlen,2018-04-13,1159,10.04.–12.04.,Gruene,14
BT06180413T,Forschungsgruppe Wahlen,2018-04-13,1159,10.04.–12.04.,FDP,8
BT06180413T,Forschungsgruppe Wahlen,2018-04-13,1159,10.04.–12.04.,Linke,9
BT06180413T,Forschungsgruppe Wahlen,2018-04-13,1159,10.04.–12.04.,AfD,13
BT06180413T,Forschungsgruppe Wahlen,2018-04-13,1159,10.04.–12.04.,BSW,NA
BT03180414B,Verian,2018-04-14,1786,05.04.–11.04.,CDUCSU,33
BT03180414B,Verian,2018-04-14,1786,05.04.–11.04.,SPD,18
BT03180414B,Verian,2018-04-14,1786,05.04.–11.04.,Gruene,11
BT03180414B,Verian,2018-04-14,1786,05.04.–11.04.,FDP,9
BT03180414B,Verian,2018-04-14,1786,05.04.–11.04.,Linke,11
BT03180414B,Verian,2018-04-14,1786,05.04.–11.04.,AfD,14
BT03180414B,Verian,2018-04-14,1786,05.04.–11.04.,BSW,NA
BT02180414M,Forsa,2018-04-14,2506,09.04.–13.04.,CDUCSU,34
BT02180414M,Forsa,2018-04-14,2506,09.04.–13.04.,SPD,19
BT02180414M,Forsa,2018-04-14,2506,09.04.–13.04.,Gruene,12
BT02180414M,Forsa,2018-04-14,2506,09.04.–13.04.,FDP,9
BT02180414M,Forsa,2018-04-14,2506,09.04.–13.04.,Linke,10
BT02180414M,Forsa,2018-04-14,2506,09.04.–13.04.,AfD,12
BT02180414M,Forsa,2018-04-14,2506,09.04.–13.04.,BSW,NA
BT01180419Y,Infratest dimap,2018-04-19,1039,16.04.–18.04.,CDUCSU,32
BT01180419Y,Infratest dimap,2018-04-19,1039,16.04.–18.04.,SPD,17
BT01180419Y,Infratest dimap,2018-04-19,1039,16.04.–18.04.,Gruene,12
BT01180419Y,Infratest dimap,2018-04-19,1039,16.04.–18.04.,FDP,10
BT01180419Y,Infratest dimap,2018-04-19,1039,16.04.–18.04.,Linke,10
BT01180419Y,Infratest dimap,2018-04-19,1039,16.04.–18.04.,AfD,15
BT01180419Y,Infratest dimap,2018-04-19,1039,16.04.–18.04.,BSW,NA
BT03180421C,Verian,2018-04-21,2437,12.04.–18.04.,CDUCSU,33
BT03180421C,Verian,2018-04-21,2437,12.04.–18.04.,SPD,18
BT03180421C,Verian,2018-04-21,2437,12.04.–18.04.,Gruene,12
BT03180421C,Verian,2018-04-21,2437,12.04.–18.04.,FDP,9
BT03180421C,Verian,2018-04-21,2437,12.04.–18.04.,Linke,11
BT03180421C,Verian,2018-04-21,2437,12.04.–18.04.,AfD,13
BT03180421C,Verian,2018-04-21,2437,12.04.–18.04.,BSW,NA
BT02180423N,Forsa,2018-04-23,2503,16.04.–20.04.,CDUCSU,34
BT02180423N,Forsa,2018-04-23,2503,16.04.–20.04.,SPD,18
BT02180423N,Forsa,2018-04-23,2503,16.04.–20.04.,Gruene,13
BT02180423N,Forsa,2018-04-23,2503,16.04.–20.04.,FDP,9
BT02180423N,Forsa,2018-04-23,2503,16.04.–20.04.,Linke,10
BT02180423N,Forsa,2018-04-23,2503,16.04.–20.04.,AfD,12
BT02180423N,Forsa,2018-04-23,2503,16.04.–20.04.,BSW,NA
BT09180425E,Allensbach,2018-04-25,1279,03.04.–17.04.,CDUCSU,34
BT09180425E,Allensbach,2018-04-25,1279,03.04.–17.04.,SPD,20.5
BT09180425E,Allensbach,2018-04-25,1279,03.04.–17.04.,Gruene,11
BT09180425E,Allensbach,2018-04-25,1279,03.04.–17.04.,FDP,10
BT09180425E,Allensbach,2018-04-25,1279,03.04.–17.04.,Linke,9
BT09180425E,Allensbach,2018-04-25,1279,03.04.–17.04.,AfD,12
BT09180425E,Allensbach,2018-04-25,1279,03.04.–17.04.,BSW,NA
BT13180425K,YouGov,2018-04-25,1573,20.04.–24.04.,CDUCSU,32
BT13180425K,YouGov,2018-04-25,1573,20.04.–24.04.,SPD,18
BT13180425K,YouGov,2018-04-25,1573,20.04.–24.04.,Gruene,12
BT13180425K,YouGov,2018-04-25,1573,20.04.–24.04.,FDP,9
BT13180425K,YouGov,2018-04-25,1573,20.04.–24.04.,Linke,10
BT13180425K,YouGov,2018-04-25,1573,20.04.–24.04.,AfD,15
BT13180425K,YouGov,2018-04-25,1573,20.04.–24.04.,BSW,NA
BT06180427U,Forschungsgruppe Wahlen,2018-04-27,1285,24.04.–26.04.,CDUCSU,34
BT06180427U,Forschungsgruppe Wahlen,2018-04-27,1285,24.04.–26.04.,SPD,20
BT06180427U,Forschungsgruppe Wahlen,2018-04-27,1285,24.04.–26.04.,Gruene,13
BT06180427U,Forschungsgruppe Wahlen,2018-04-27,1285,24.04.–26.04.,FDP,7
BT06180427U,Forschungsgruppe Wahlen,2018-04-27,1285,24.04.–26.04.,Linke,10
BT06180427U,Forschungsgruppe Wahlen,2018-04-27,1285,24.04.–26.04.,AfD,13
BT06180427U,Forschungsgruppe Wahlen,2018-04-27,1285,24.04.–26.04.,BSW,NA
BT04180427Q,GMS,2018-04-27,1005,20.04.–26.04.,CDUCSU,33
BT04180427Q,GMS,2018-04-27,1005,20.04.–26.04.,SPD,17
BT04180427Q,GMS,2018-04-27,1005,20.04.–26.04.,Gruene,12
BT04180427Q,GMS,2018-04-27,1005,20.04.–26.04.,FDP,9
BT04180427Q,GMS,2018-04-27,1005,20.04.–26.04.,Linke,11
BT04180427Q,GMS,2018-04-27,1005,20.04.–26.04.,AfD,13
BT04180427Q,GMS,2018-04-27,1005,20.04.–26.04.,BSW,NA
BT03180428D,Verian,2018-04-28,2350,19.04.–25.04.,CDUCSU,32
BT03180428D,Verian,2018-04-28,2350,19.04.–25.04.,SPD,18
BT03180428D,Verian,2018-04-28,2350,19.04.–25.04.,Gruene,12
BT03180428D,Verian,2018-04-28,2350,19.04.–25.04.,FDP,9
BT03180428D,Verian,2018-04-28,2350,19.04.–25.04.,Linke,11
BT03180428D,Verian,2018-04-28,2350,19.04.–25.04.,AfD,14
BT03180428D,Verian,2018-04-28,2350,19.04.–25.04.,BSW,NA
BT02180428O,Forsa,2018-04-28,2507,23.04.–27.04.,CDUCSU,34
BT02180428O,Forsa,2018-04-28,2507,23.04.–27.04.,SPD,17
BT02180428O,Forsa,2018-04-28,2507,23.04.–27.04.,Gruene,13
BT02180428O,Forsa,2018-04-28,2507,23.04.–27.04.,FDP,9
BT02180428O,Forsa,2018-04-28,2507,23.04.–27.04.,Linke,10
BT02180428O,Forsa,2018-04-28,2507,23.04.–27.04.,AfD,12
BT02180428O,Forsa,2018-04-28,2507,23.04.–27.04.,BSW,NA
BT03180505E,Verian,2018-05-05,1507,26.04.–02.05.,CDUCSU,34
BT03180505E,Verian,2018-05-05,1507,26.04.–02.05.,SPD,17
BT03180505E,Verian,2018-05-05,1507,26.04.–02.05.,Gruene,12
BT03180505E,Verian,2018-05-05,1507,26.04.–02.05.,FDP,8
BT03180505E,Verian,2018-05-05,1507,26.04.–02.05.,Linke,10
BT03180505E,Verian,2018-05-05,1507,26.04.–02.05.,AfD,14
BT03180505E,Verian,2018-05-05,1507,26.04.–02.05.,BSW,NA
BT02180505P,Forsa,2018-05-05,2003,30.04.–04.05.,CDUCSU,34
BT02180505P,Forsa,2018-05-05,2003,30.04.–04.05.,SPD,18
BT02180505P,Forsa,2018-05-05,2003,30.04.–04.05.,Gruene,11
BT02180505P,Forsa,2018-05-05,2003,30.04.–04.05.,FDP,9
BT02180505P,Forsa,2018-05-05,2003,30.04.–04.05.,Linke,10
BT02180505P,Forsa,2018-05-05,2003,30.04.–04.05.,AfD,13
BT02180505P,Forsa,2018-05-05,2003,30.04.–04.05.,BSW,NA
BT01180509A,Infratest dimap,2018-05-09,1507,07.05.–08.05.,CDUCSU,32
BT01180509A,Infratest dimap,2018-05-09,1507,07.05.–08.05.,SPD,18
BT01180509A,Infratest dimap,2018-05-09,1507,07.05.–08.05.,Gruene,13
BT01180509A,Infratest dimap,2018-05-09,1507,07.05.–08.05.,FDP,8
BT01180509A,Infratest dimap,2018-05-09,1507,07.05.–08.05.,Linke,9
BT01180509A,Infratest dimap,2018-05-09,1507,07.05.–08.05.,AfD,15
BT01180509A,Infratest dimap,2018-05-09,1507,07.05.–08.05.,BSW,NA
BT03180512F,Verian,2018-05-12,1489,03.05.–08.05.,CDUCSU,33
BT03180512F,Verian,2018-05-12,1489,03.05.–08.05.,SPD,17
BT03180512F,Verian,2018-05-12,1489,03.05.–08.05.,Gruene,12
BT03180512F,Verian,2018-05-12,1489,03.05.–08.05.,FDP,9
BT03180512F,Verian,2018-05-12,1489,03.05.–08.05.,Linke,10
BT03180512F,Verian,2018-05-12,1489,03.05.–08.05.,AfD,14
BT03180512F,Verian,2018-05-12,1489,03.05.–08.05.,BSW,NA
BT02180512Q,Forsa,2018-05-12,2004,07.05.–11.05.,CDUCSU,34
BT02180512Q,Forsa,2018-05-12,2004,07.05.–11.05.,SPD,17
BT02180512Q,Forsa,2018-05-12,2004,07.05.–11.05.,Gruene,13
BT02180512Q,Forsa,2018-05-12,2004,07.05.–11.05.,FDP,8
BT02180512Q,Forsa,2018-05-12,2004,07.05.–11.05.,Linke,10
BT02180512Q,Forsa,2018-05-12,2004,07.05.–11.05.,AfD,13
BT02180512Q,Forsa,2018-05-12,2004,07.05.–11.05.,BSW,NA
BT09180517F,Allensbach,2018-05-17,1253,24.04.–08.05.,CDUCSU,34
BT09180517F,Allensbach,2018-05-17,1253,24.04.–08.05.,SPD,20
BT09180517F,Allensbach,2018-05-17,1253,24.04.–08.05.,Gruene,11
BT09180517F,Allensbach,2018-05-17,1253,24.04.–08.05.,FDP,9
BT09180517F,Allensbach,2018-05-17,1253,24.04.–08.05.,Linke,10
BT09180517F,Allensbach,2018-05-17,1253,24.04.–08.05.,AfD,11.5
BT09180517F,Allensbach,2018-05-17,1253,24.04.–08.05.,BSW,NA
BT04180517R,GMS,2018-05-17,1003,11.05.–16.05.,CDUCSU,34
BT04180517R,GMS,2018-05-17,1003,11.05.–16.05.,SPD,16
BT04180517R,GMS,2018-05-17,1003,11.05.–16.05.,Gruene,12
BT04180517R,GMS,2018-05-17,1003,11.05.–16.05.,FDP,9
BT04180517R,GMS,2018-05-17,1003,11.05.–16.05.,Linke,10
BT04180517R,GMS,2018-05-17,1003,11.05.–16.05.,AfD,14
BT04180517R,GMS,2018-05-17,1003,11.05.–16.05.,BSW,NA
BT01180517B,Infratest dimap,2018-05-17,1009,14.05.–16.05.,CDUCSU,33
BT01180517B,Infratest dimap,2018-05-17,1009,14.05.–16.05.,SPD,17
BT01180517B,Infratest dimap,2018-05-17,1009,14.05.–16.05.,Gruene,13
BT01180517B,Infratest dimap,2018-05-17,1009,14.05.–16.05.,FDP,8
BT01180517B,Infratest dimap,2018-05-17,1009,14.05.–16.05.,Linke,10
BT01180517B,Infratest dimap,2018-05-17,1009,14.05.–16.05.,AfD,14
BT01180517B,Infratest dimap,2018-05-17,1009,14.05.–16.05.,BSW,NA
BT06180518V,Forschungsgruppe Wahlen,2018-05-18,1200,15.05.–17.05.,CDUCSU,34
BT06180518V,Forschungsgruppe Wahlen,2018-05-18,1200,15.05.–17.05.,SPD,20
BT06180518V,Forschungsgruppe Wahlen,2018-05-18,1200,15.05.–17.05.,Gruene,12
BT06180518V,Forschungsgruppe Wahlen,2018-05-18,1200,15.05.–17.05.,FDP,8
BT06180518V,Forschungsgruppe Wahlen,2018-05-18,1200,15.05.–17.05.,Linke,9
BT06180518V,Forschungsgruppe Wahlen,2018-05-18,1200,15.05.–17.05.,AfD,14
BT06180518V,Forschungsgruppe Wahlen,2018-05-18,1200,15.05.–17.05.,BSW,NA
BT03180519G,Verian,2018-05-19,2030,09.05.–16.05.,CDUCSU,33
BT03180519G,Verian,2018-05-19,2030,09.05.–16.05.,SPD,17
BT03180519G,Verian,2018-05-19,2030,09.05.–16.05.,Gruene,13
BT03180519G,Verian,2018-05-19,2030,09.05.–16.05.,FDP,9
BT03180519G,Verian,2018-05-19,2030,09.05.–16.05.,Linke,10
BT03180519G,Verian,2018-05-19,2030,09.05.–16.05.,AfD,14
BT03180519G,Verian,2018-05-19,2030,09.05.–16.05.,BSW,NA
BT02180519R,Forsa,2018-05-19,2502,14.05.–18.05.,CDUCSU,33
BT02180519R,Forsa,2018-05-19,2502,14.05.–18.05.,SPD,18
BT02180519R,Forsa,2018-05-19,2502,14.05.–18.05.,Gruene,12
BT02180519R,Forsa,2018-05-19,2502,14.05.–18.05.,FDP,9
BT02180519R,Forsa,2018-05-19,2502,14.05.–18.05.,Linke,9
BT02180519R,Forsa,2018-05-19,2502,14.05.–18.05.,AfD,13
BT02180519R,Forsa,2018-05-19,2502,14.05.–18.05.,BSW,NA
BT03180526H,Verian,2018-05-26,1946,17.05.–23.05.,CDUCSU,33
BT03180526H,Verian,2018-05-26,1946,17.05.–23.05.,SPD,17
BT03180526H,Verian,2018-05-26,1946,17.05.–23.05.,Gruene,13
BT03180526H,Verian,2018-05-26,1946,17.05.–23.05.,FDP,8
BT03180526H,Verian,2018-05-26,1946,17.05.–23.05.,Linke,11
BT03180526H,Verian,2018-05-26,1946,17.05.–23.05.,AfD,14
BT03180526H,Verian,2018-05-26,1946,17.05.–23.05.,BSW,NA
BT02180527S,Forsa,2018-05-27,2002,22.05.–25.05.,CDUCSU,33
BT02180527S,Forsa,2018-05-27,2002,22.05.–25.05.,SPD,18
BT02180527S,Forsa,2018-05-27,2002,22.05.–25.05.,Gruene,13
BT02180527S,Forsa,2018-05-27,2002,22.05.–25.05.,FDP,8
BT02180527S,Forsa,2018-05-27,2002,22.05.–25.05.,Linke,10
BT02180527S,Forsa,2018-05-27,2002,22.05.–25.05.,AfD,13
BT02180527S,Forsa,2018-05-27,2002,22.05.–25.05.,BSW,NA
BT13180530L,YouGov,2018-05-30,1556,25.05.–29.05.,CDUCSU,33
BT13180530L,YouGov,2018-05-30,1556,25.05.–29.05.,SPD,17
BT13180530L,YouGov,2018-05-30,1556,25.05.–29.05.,Gruene,11
BT13180530L,YouGov,2018-05-30,1556,25.05.–29.05.,FDP,9
BT13180530L,YouGov,2018-05-30,1556,25.05.–29.05.,Linke,11
BT13180530L,YouGov,2018-05-30,1556,25.05.–29.05.,AfD,16
BT13180530L,YouGov,2018-05-30,1556,25.05.–29.05.,BSW,NA
BT03180602I,Verian,2018-06-02,1397,24.05.–29.05.,CDUCSU,32
BT03180602I,Verian,2018-06-02,1397,24.05.–29.05.,SPD,18
BT03180602I,Verian,2018-06-02,1397,24.05.–29.05.,Gruene,13
BT03180602I,Verian,2018-06-02,1397,24.05.–29.05.,FDP,7
BT03180602I,Verian,2018-06-02,1397,24.05.–29.05.,Linke,11
BT03180602I,Verian,2018-06-02,1397,24.05.–29.05.,AfD,15
BT03180602I,Verian,2018-06-02,1397,24.05.–29.05.,BSW,NA
BT02180602T,Forsa,2018-06-02,2506,28.05.–01.06.,CDUCSU,34
BT02180602T,Forsa,2018-06-02,2506,28.05.–01.06.,SPD,18
BT02180602T,Forsa,2018-06-02,2506,28.05.–01.06.,Gruene,12
BT02180602T,Forsa,2018-06-02,2506,28.05.–01.06.,FDP,8
BT02180602T,Forsa,2018-06-02,2506,28.05.–01.06.,Linke,10
BT02180602T,Forsa,2018-06-02,2506,28.05.–01.06.,AfD,13
BT02180602T,Forsa,2018-06-02,2506,28.05.–01.06.,BSW,NA
BT06180608W,Forschungsgruppe Wahlen,2018-06-08,1284,05.06.–07.06.,CDUCSU,33
BT06180608W,Forschungsgruppe Wahlen,2018-06-08,1284,05.06.–07.06.,SPD,20
BT06180608W,Forschungsgruppe Wahlen,2018-06-08,1284,05.06.–07.06.,Gruene,13
BT06180608W,Forschungsgruppe Wahlen,2018-06-08,1284,05.06.–07.06.,FDP,8
BT06180608W,Forschungsgruppe Wahlen,2018-06-08,1284,05.06.–07.06.,Linke,10
BT06180608W,Forschungsgruppe Wahlen,2018-06-08,1284,05.06.–07.06.,AfD,13
BT06180608W,Forschungsgruppe Wahlen,2018-06-08,1284,05.06.–07.06.,BSW,NA
BT03180609J,Verian,2018-06-09,1950,30.05.–06.06.,CDUCSU,32
BT03180609J,Verian,2018-06-09,1950,30.05.–06.06.,SPD,19
BT03180609J,Verian,2018-06-09,1950,30.05.–06.06.,Gruene,12
BT03180609J,Verian,2018-06-09,1950,30.05.–06.06.,FDP,8
BT03180609J,Verian,2018-06-09,1950,30.05.–06.06.,Linke,11
BT03180609J,Verian,2018-06-09,1950,30.05.–06.06.,AfD,14
BT03180609J,Verian,2018-06-09,1950,30.05.–06.06.,BSW,NA
BT02180609U,Forsa,2018-06-09,2504,04.06.–08.06.,CDUCSU,33
BT02180609U,Forsa,2018-06-09,2504,04.06.–08.06.,SPD,18
BT02180609U,Forsa,2018-06-09,2504,04.06.–08.06.,Gruene,12
BT02180609U,Forsa,2018-06-09,2504,04.06.–08.06.,FDP,9
BT02180609U,Forsa,2018-06-09,2504,04.06.–08.06.,Linke,10
BT02180609U,Forsa,2018-06-09,2504,04.06.–08.06.,AfD,13
BT02180609U,Forsa,2018-06-09,2504,04.06.–08.06.,BSW,NA
BT01180614C,Infratest dimap,2018-06-14,1506,11.06.–13.06.,CDUCSU,31
BT01180614C,Infratest dimap,2018-06-14,1506,11.06.–13.06.,SPD,18
BT01180614C,Infratest dimap,2018-06-14,1506,11.06.–13.06.,Gruene,13
BT01180614C,Infratest dimap,2018-06-14,1506,11.06.–13.06.,FDP,8
BT01180614C,Infratest dimap,2018-06-14,1506,11.06.–13.06.,Linke,10
BT01180614C,Infratest dimap,2018-06-14,1506,11.06.–13.06.,AfD,15
BT01180614C,Infratest dimap,2018-06-14,1506,11.06.–13.06.,BSW,NA
BT03180616K,Verian,2018-06-16,2310,07.06.–13.06.,CDUCSU,33
BT03180616K,Verian,2018-06-16,2310,07.06.–13.06.,SPD,18
BT03180616K,Verian,2018-06-16,2310,07.06.–13.06.,Gruene,11
BT03180616K,Verian,2018-06-16,2310,07.06.–13.06.,FDP,8
BT03180616K,Verian,2018-06-16,2310,07.06.–13.06.,Linke,11
BT03180616K,Verian,2018-06-16,2310,07.06.–13.06.,AfD,15
BT03180616K,Verian,2018-06-16,2310,07.06.–13.06.,BSW,NA
BT02180616W,Forsa,2018-06-16,1001,14.06.–15.06.,CDUCSU,30
BT02180616W,Forsa,2018-06-16,1001,14.06.–15.06.,SPD,16
BT02180616W,Forsa,2018-06-16,1001,14.06.–15.06.,Gruene,14
BT02180616W,Forsa,2018-06-16,1001,14.06.–15.06.,FDP,10
BT02180616W,Forsa,2018-06-16,1001,14.06.–15.06.,Linke,9
BT02180616W,Forsa,2018-06-16,1001,14.06.–15.06.,AfD,15
BT02180616W,Forsa,2018-06-16,1001,14.06.–15.06.,BSW,NA
BT02180616V,Forsa,2018-06-16,1501,11.06.–13.06.,CDUCSU,34
BT02180616V,Forsa,2018-06-16,1501,11.06.–13.06.,SPD,18
BT02180616V,Forsa,2018-06-16,1501,11.06.–13.06.,Gruene,12
BT02180616V,Forsa,2018-06-16,1501,11.06.–13.06.,FDP,9
BT02180616V,Forsa,2018-06-16,1501,11.06.–13.06.,Linke,8
BT02180616V,Forsa,2018-06-16,1501,11.06.–13.06.,AfD,13
BT02180616V,Forsa,2018-06-16,1501,11.06.–13.06.,BSW,NA
BT09180620G,Allensbach,2018-06-20,1279,01.06.–13.06.,CDUCSU,33
BT09180620G,Allensbach,2018-06-20,1279,01.06.–13.06.,SPD,21
BT09180620G,Allensbach,2018-06-20,1279,01.06.–13.06.,Gruene,11
BT09180620G,Allensbach,2018-06-20,1279,01.06.–13.06.,FDP,9.5
BT09180620G,Allensbach,2018-06-20,1279,01.06.–13.06.,Linke,9.5
BT09180620G,Allensbach,2018-06-20,1279,01.06.–13.06.,AfD,13
BT09180620G,Allensbach,2018-06-20,1279,01.06.–13.06.,BSW,NA
BT03180623L,Verian,2018-06-23,2336,14.06.–20.06.,CDUCSU,31
BT03180623L,Verian,2018-06-23,2336,14.06.–20.06.,SPD,18
BT03180623L,Verian,2018-06-23,2336,14.06.–20.06.,Gruene,12
BT03180623L,Verian,2018-06-23,2336,14.06.–20.06.,FDP,9
BT03180623L,Verian,2018-06-23,2336,14.06.–20.06.,Linke,10
BT03180623L,Verian,2018-06-23,2336,14.06.–20.06.,AfD,16
BT03180623L,Verian,2018-06-23,2336,14.06.–20.06.,BSW,NA
BT02180624X,Forsa,2018-06-24,2503,18.06.–22.06.,CDUCSU,30
BT02180624X,Forsa,2018-06-24,2503,18.06.–22.06.,SPD,17
BT02180624X,Forsa,2018-06-24,2503,18.06.–22.06.,Gruene,13
BT02180624X,Forsa,2018-06-24,2503,18.06.–22.06.,FDP,9
BT02180624X,Forsa,2018-06-24,2503,18.06.–22.06.,Linke,10
BT02180624X,Forsa,2018-06-24,2503,18.06.–22.06.,AfD,15
BT02180624X,Forsa,2018-06-24,2503,18.06.–22.06.,BSW,NA
BT01180627D,Infratest dimap,2018-06-27,1025,25.06.–26.06.,CDUCSU,32
BT01180627D,Infratest dimap,2018-06-27,1025,25.06.–26.06.,SPD,19
BT01180627D,Infratest dimap,2018-06-27,1025,25.06.–26.06.,Gruene,13
BT01180627D,Infratest dimap,2018-06-27,1025,25.06.–26.06.,FDP,8
BT01180627D,Infratest dimap,2018-06-27,1025,25.06.–26.06.,Linke,9
BT01180627D,Infratest dimap,2018-06-27,1025,25.06.–26.06.,AfD,14
BT01180627D,Infratest dimap,2018-06-27,1025,25.06.–26.06.,BSW,NA
BT13180627M,YouGov,2018-06-27,1525,22.06.–26.06.,CDUCSU,30
BT13180627M,YouGov,2018-06-27,1525,22.06.–26.06.,SPD,17
BT13180627M,YouGov,2018-06-27,1525,22.06.–26.06.,Gruene,12
BT13180627M,YouGov,2018-06-27,1525,22.06.–26.06.,FDP,10
BT13180627M,YouGov,2018-06-27,1525,22.06.–26.06.,Linke,11
BT13180627M,YouGov,2018-06-27,1525,22.06.–26.06.,AfD,16
BT13180627M,YouGov,2018-06-27,1525,22.06.–26.06.,BSW,NA
BT06180629X,Forschungsgruppe Wahlen,2018-06-29,1290,25.06.–28.06.,CDUCSU,32
BT06180629X,Forschungsgruppe Wahlen,2018-06-29,1290,25.06.–28.06.,SPD,18
BT06180629X,Forschungsgruppe Wahlen,2018-06-29,1290,25.06.–28.06.,Gruene,14
BT06180629X,Forschungsgruppe Wahlen,2018-06-29,1290,25.06.–28.06.,FDP,9
BT06180629X,Forschungsgruppe Wahlen,2018-06-29,1290,25.06.–28.06.,Linke,10
BT06180629X,Forschungsgruppe Wahlen,2018-06-29,1290,25.06.–28.06.,AfD,14
BT06180629X,Forschungsgruppe Wahlen,2018-06-29,1290,25.06.–28.06.,BSW,NA
BT03180630M,Verian,2018-06-30,1954,21.06.–28.06.,CDUCSU,32
BT03180630M,Verian,2018-06-30,1954,21.06.–28.06.,SPD,19
BT03180630M,Verian,2018-06-30,1954,21.06.–28.06.,Gruene,12
BT03180630M,Verian,2018-06-30,1954,21.06.–28.06.,FDP,9
BT03180630M,Verian,2018-06-30,1954,21.06.–28.06.,Linke,9
BT03180630M,Verian,2018-06-30,1954,21.06.–28.06.,AfD,14
BT03180630M,Verian,2018-06-30,1954,21.06.–28.06.,BSW,NA
BT02180630Y,Forsa,2018-06-30,2508,25.06.–29.06.,CDUCSU,31
BT02180630Y,Forsa,2018-06-30,2508,25.06.–29.06.,SPD,17
BT02180630Y,Forsa,2018-06-30,2508,25.06.–29.06.,Gruene,12
BT02180630Y,Forsa,2018-06-30,2508,25.06.–29.06.,FDP,10
BT02180630Y,Forsa,2018-06-30,2508,25.06.–29.06.,Linke,10
BT02180630Y,Forsa,2018-06-30,2508,25.06.–29.06.,AfD,15
BT02180630Y,Forsa,2018-06-30,2508,25.06.–29.06.,BSW,NA
BT01180705E,Infratest dimap,2018-07-05,1505,03.07.–04.07.,CDUCSU,30
BT01180705E,Infratest dimap,2018-07-05,1505,03.07.–04.07.,SPD,18
BT01180705E,Infratest dimap,2018-07-05,1505,03.07.–04.07.,Gruene,14
BT01180705E,Infratest dimap,2018-07-05,1505,03.07.–04.07.,FDP,8
BT01180705E,Infratest dimap,2018-07-05,1505,03.07.–04.07.,Linke,9
BT01180705E,Infratest dimap,2018-07-05,1505,03.07.–04.07.,AfD,16
BT01180705E,Infratest dimap,2018-07-05,1505,03.07.–04.07.,BSW,NA
BT03180707N,Verian,2018-07-07,1894,28.06.–04.07.,CDUCSU,30
BT03180707N,Verian,2018-07-07,1894,28.06.–04.07.,SPD,17
BT03180707N,Verian,2018-07-07,1894,28.06.–04.07.,Gruene,12
BT03180707N,Verian,2018-07-07,1894,28.06.–04.07.,FDP,9
BT03180707N,Verian,2018-07-07,1894,28.06.–04.07.,Linke,9
BT03180707N,Verian,2018-07-07,1894,28.06.–04.07.,AfD,17
BT03180707N,Verian,2018-07-07,1894,28.06.–04.07.,BSW,NA
BT02180707A,Forsa,2018-07-07,2502,02.07.–06.07.,CDUCSU,30
BT02180707A,Forsa,2018-07-07,2502,02.07.–06.07.,SPD,17
BT02180707A,Forsa,2018-07-07,2502,02.07.–06.07.,Gruene,13
BT02180707A,Forsa,2018-07-07,2502,02.07.–06.07.,FDP,10
BT02180707A,Forsa,2018-07-07,2502,02.07.–06.07.,Linke,9
BT02180707A,Forsa,2018-07-07,2502,02.07.–06.07.,AfD,16
BT02180707A,Forsa,2018-07-07,2502,02.07.–06.07.,BSW,NA
BT04180712S,GMS,2018-07-12,1006,05.07.–11.07.,CDUCSU,30
BT04180712S,GMS,2018-07-12,1006,05.07.–11.07.,SPD,17
BT04180712S,GMS,2018-07-12,1006,05.07.–11.07.,Gruene,12
BT04180712S,GMS,2018-07-12,1006,05.07.–11.07.,FDP,9
BT04180712S,GMS,2018-07-12,1006,05.07.–11.07.,Linke,10
BT04180712S,GMS,2018-07-12,1006,05.07.–11.07.,AfD,17
BT04180712S,GMS,2018-07-12,1006,05.07.–11.07.,BSW,NA
BT06180713Y,Forschungsgruppe Wahlen,2018-07-13,1340,09.07.–12.07.,CDUCSU,31
BT06180713Y,Forschungsgruppe Wahlen,2018-07-13,1340,09.07.–12.07.,SPD,18
BT06180713Y,Forschungsgruppe Wahlen,2018-07-13,1340,09.07.–12.07.,Gruene,14
BT06180713Y,Forschungsgruppe Wahlen,2018-07-13,1340,09.07.–12.07.,FDP,7
BT06180713Y,Forschungsgruppe Wahlen,2018-07-13,1340,09.07.–12.07.,Linke,11
BT06180713Y,Forschungsgruppe Wahlen,2018-07-13,1340,09.07.–12.07.,AfD,15
BT06180713Y,Forschungsgruppe Wahlen,2018-07-13,1340,09.07.–12.07.,BSW,NA
BT03180714O,Verian,2018-07-14,2368,05.07.–11.07.,CDUCSU,30
BT03180714O,Verian,2018-07-14,2368,05.07.–11.07.,SPD,18
BT03180714O,Verian,2018-07-14,2368,05.07.–11.07.,Gruene,12
BT03180714O,Verian,2018-07-14,2368,05.07.–11.07.,FDP,9
BT03180714O,Verian,2018-07-14,2368,05.07.–11.07.,Linke,10
BT03180714O,Verian,2018-07-14,2368,05.07.–11.07.,AfD,16
BT03180714O,Verian,2018-07-14,2368,05.07.–11.07.,BSW,NA
BT02180714B,Forsa,2018-07-14,2505,09.07.–13.07.,CDUCSU,31
BT02180714B,Forsa,2018-07-14,2505,09.07.–13.07.,SPD,17
BT02180714B,Forsa,2018-07-14,2505,09.07.–13.07.,Gruene,13
BT02180714B,Forsa,2018-07-14,2505,09.07.–13.07.,FDP,9
BT02180714B,Forsa,2018-07-14,2505,09.07.–13.07.,Linke,9
BT02180714B,Forsa,2018-07-14,2505,09.07.–13.07.,AfD,16
BT02180714B,Forsa,2018-07-14,2505,09.07.–13.07.,BSW,NA
BT09180717H,Allensbach,2018-07-17,1295,01.07.–12.07.,CDUCSU,30.5
BT09180717H,Allensbach,2018-07-17,1295,01.07.–12.07.,SPD,20
BT09180717H,Allensbach,2018-07-17,1295,01.07.–12.07.,Gruene,12
BT09180717H,Allensbach,2018-07-17,1295,01.07.–12.07.,FDP,9.5
BT09180717H,Allensbach,2018-07-17,1295,01.07.–12.07.,Linke,9
BT09180717H,Allensbach,2018-07-17,1295,01.07.–12.07.,AfD,15
BT09180717H,Allensbach,2018-07-17,1295,01.07.–12.07.,BSW,NA
BT03180721P,Verian,2018-07-21,2476,12.07.–18.07.,CDUCSU,30
BT03180721P,Verian,2018-07-21,2476,12.07.–18.07.,SPD,19
BT03180721P,Verian,2018-07-21,2476,12.07.–18.07.,Gruene,12
BT03180721P,Verian,2018-07-21,2476,12.07.–18.07.,FDP,9
BT03180721P,Verian,2018-07-21,2476,12.07.–18.07.,Linke,10
BT03180721P,Verian,2018-07-21,2476,12.07.–18.07.,AfD,15
BT03180721P,Verian,2018-07-21,2476,12.07.–18.07.,BSW,NA
BT02180721C,Forsa,2018-07-21,2505,16.07.–20.07.,CDUCSU,31
BT02180721C,Forsa,2018-07-21,2505,16.07.–20.07.,SPD,18
BT02180721C,Forsa,2018-07-21,2505,16.07.–20.07.,Gruene,13
BT02180721C,Forsa,2018-07-21,2505,16.07.–20.07.,FDP,8
BT02180721C,Forsa,2018-07-21,2505,16.07.–20.07.,Linke,10
BT02180721C,Forsa,2018-07-21,2505,16.07.–20.07.,AfD,15
BT02180721C,Forsa,2018-07-21,2505,16.07.–20.07.,BSW,NA
BT13180725N,YouGov,2018-07-25,1520,20.07.–24.07.,CDUCSU,30
BT13180725N,YouGov,2018-07-25,1520,20.07.–24.07.,SPD,17
BT13180725N,YouGov,2018-07-25,1520,20.07.–24.07.,Gruene,12
BT13180725N,YouGov,2018-07-25,1520,20.07.–24.07.,FDP,9
BT13180725N,YouGov,2018-07-25,1520,20.07.–24.07.,Linke,11
BT13180725N,YouGov,2018-07-25,1520,20.07.–24.07.,AfD,17
BT13180725N,YouGov,2018-07-25,1520,20.07.–24.07.,BSW,NA
BT01180726F,Infratest dimap,2018-07-26,1047,24.07.–25.07.,CDUCSU,30
BT01180726F,Infratest dimap,2018-07-26,1047,24.07.–25.07.,SPD,18
BT01180726F,Infratest dimap,2018-07-26,1047,24.07.–25.07.,Gruene,15
BT01180726F,Infratest dimap,2018-07-26,1047,24.07.–25.07.,FDP,8
BT01180726F,Infratest dimap,2018-07-26,1047,24.07.–25.07.,Linke,8
BT01180726F,Infratest dimap,2018-07-26,1047,24.07.–25.07.,AfD,16
BT01180726F,Infratest dimap,2018-07-26,1047,24.07.–25.07.,BSW,NA
BT03180728Q,Verian,2018-07-28,2001,19.07.–25.07.,CDUCSU,29
BT03180728Q,Verian,2018-07-28,2001,19.07.–25.07.,SPD,18
BT03180728Q,Verian,2018-07-28,2001,19.07.–25.07.,Gruene,14
BT03180728Q,Verian,2018-07-28,2001,19.07.–25.07.,FDP,9
BT03180728Q,Verian,2018-07-28,2001,19.07.–25.07.,Linke,10
BT03180728Q,Verian,2018-07-28,2001,19.07.–25.07.,AfD,15
BT03180728Q,Verian,2018-07-28,2001,19.07.–25.07.,BSW,NA
BT02180728D,Forsa,2018-07-28,2505,23.07.–27.07.,CDUCSU,32
BT02180728D,Forsa,2018-07-28,2505,23.07.–27.07.,SPD,18
BT02180728D,Forsa,2018-07-28,2505,23.07.–27.07.,Gruene,13
BT02180728D,Forsa,2018-07-28,2505,23.07.–27.07.,FDP,9
BT02180728D,Forsa,2018-07-28,2505,23.07.–27.07.,Linke,9
BT02180728D,Forsa,2018-07-28,2505,23.07.–27.07.,AfD,14
BT02180728D,Forsa,2018-07-28,2505,23.07.–27.07.,BSW,NA
BT04180801T,GMS,2018-08-01,1005,25.07.–31.07.,CDUCSU,30
BT04180801T,GMS,2018-08-01,1005,25.07.–31.07.,SPD,17
BT04180801T,GMS,2018-08-01,1005,25.07.–31.07.,Gruene,13
BT04180801T,GMS,2018-08-01,1005,25.07.–31.07.,FDP,10
BT04180801T,GMS,2018-08-01,1005,25.07.–31.07.,Linke,10
BT04180801T,GMS,2018-08-01,1005,25.07.–31.07.,AfD,16
BT04180801T,GMS,2018-08-01,1005,25.07.–31.07.,BSW,NA
BT01180802G,Infratest dimap,2018-08-02,1508,30.07.–01.08.,CDUCSU,29
BT01180802G,Infratest dimap,2018-08-02,1508,30.07.–01.08.,SPD,18
BT01180802G,Infratest dimap,2018-08-02,1508,30.07.–01.08.,Gruene,15
BT01180802G,Infratest dimap,2018-08-02,1508,30.07.–01.08.,FDP,7
BT01180802G,Infratest dimap,2018-08-02,1508,30.07.–01.08.,Linke,9
BT01180802G,Infratest dimap,2018-08-02,1508,30.07.–01.08.,AfD,17
BT01180802G,Infratest dimap,2018-08-02,1508,30.07.–01.08.,BSW,NA
BT03180804R,Verian,2018-08-04,2478,26.07.–01.08.,CDUCSU,30
BT03180804R,Verian,2018-08-04,2478,26.07.–01.08.,SPD,18
BT03180804R,Verian,2018-08-04,2478,26.07.–01.08.,Gruene,15
BT03180804R,Verian,2018-08-04,2478,26.07.–01.08.,FDP,8
BT03180804R,Verian,2018-08-04,2478,26.07.–01.08.,Linke,9
BT03180804R,Verian,2018-08-04,2478,26.07.–01.08.,AfD,15
BT03180804R,Verian,2018-08-04,2478,26.07.–01.08.,BSW,NA
BT02180804E,Forsa,2018-08-04,2508,30.07.–03.08.,CDUCSU,31
BT02180804E,Forsa,2018-08-04,2508,30.07.–03.08.,SPD,18
BT02180804E,Forsa,2018-08-04,2508,30.07.–03.08.,Gruene,13
BT02180804E,Forsa,2018-08-04,2508,30.07.–03.08.,FDP,10
BT02180804E,Forsa,2018-08-04,2508,30.07.–03.08.,Linke,9
BT02180804E,Forsa,2018-08-04,2508,30.07.–03.08.,AfD,14
BT02180804E,Forsa,2018-08-04,2508,30.07.–03.08.,BSW,NA
BT06180810A,Forschungsgruppe Wahlen,2018-08-10,1294,07.08.–09.08.,CDUCSU,31
BT06180810A,Forschungsgruppe Wahlen,2018-08-10,1294,07.08.–09.08.,SPD,18
BT06180810A,Forschungsgruppe Wahlen,2018-08-10,1294,07.08.–09.08.,Gruene,15
BT06180810A,Forschungsgruppe Wahlen,2018-08-10,1294,07.08.–09.08.,FDP,8
BT06180810A,Forschungsgruppe Wahlen,2018-08-10,1294,07.08.–09.08.,Linke,9
BT06180810A,Forschungsgruppe Wahlen,2018-08-10,1294,07.08.–09.08.,AfD,16
BT06180810A,Forschungsgruppe Wahlen,2018-08-10,1294,07.08.–09.08.,BSW,NA
BT03180811S,Verian,2018-08-11,2502,02.08.–08.08.,CDUCSU,31
BT03180811S,Verian,2018-08-11,2502,02.08.–08.08.,SPD,17
BT03180811S,Verian,2018-08-11,2502,02.08.–08.08.,Gruene,15
BT03180811S,Verian,2018-08-11,2502,02.08.–08.08.,FDP,8
BT03180811S,Verian,2018-08-11,2502,02.08.–08.08.,Linke,10
BT03180811S,Verian,2018-08-11,2502,02.08.–08.08.,AfD,14
BT03180811S,Verian,2018-08-11,2502,02.08.–08.08.,BSW,NA
BT02180811F,Forsa,2018-08-11,2505,06.08.–10.08.,CDUCSU,30
BT02180811F,Forsa,2018-08-11,2505,06.08.–10.08.,SPD,18
BT02180811F,Forsa,2018-08-11,2505,06.08.–10.08.,Gruene,15
BT02180811F,Forsa,2018-08-11,2505,06.08.–10.08.,FDP,10
BT02180811F,Forsa,2018-08-11,2505,06.08.–10.08.,Linke,9
BT02180811F,Forsa,2018-08-11,2505,06.08.–10.08.,AfD,14
BT02180811F,Forsa,2018-08-11,2505,06.08.–10.08.,BSW,NA
BT09180815I,Allensbach,2018-08-15,1295,27.07.–09.08.,CDUCSU,31
BT09180815I,Allensbach,2018-08-15,1295,27.07.–09.08.,SPD,20
BT09180815I,Allensbach,2018-08-15,1295,27.07.–09.08.,Gruene,12.5
BT09180815I,Allensbach,2018-08-15,1295,27.07.–09.08.,FDP,9
BT09180815I,Allensbach,2018-08-15,1295,27.07.–09.08.,Linke,9
BT09180815I,Allensbach,2018-08-15,1295,27.07.–09.08.,AfD,14.5
BT09180815I,Allensbach,2018-08-15,1295,27.07.–09.08.,BSW,NA
BT03180818T,Verian,2018-08-18,2942,09.08.–15.08.,CDUCSU,30
BT03180818T,Verian,2018-08-18,2942,09.08.–15.08.,SPD,17
BT03180818T,Verian,2018-08-18,2942,09.08.–15.08.,Gruene,15
BT03180818T,Verian,2018-08-18,2942,09.08.–15.08.,FDP,9
BT03180818T,Verian,2018-08-18,2942,09.08.–15.08.,Linke,9
BT03180818T,Verian,2018-08-18,2942,09.08.–15.08.,AfD,15
BT03180818T,Verian,2018-08-18,2942,09.08.–15.08.,BSW,NA
BT02180818G,Forsa,2018-08-18,2503,13.08.–17.08.,CDUCSU,30
BT02180818G,Forsa,2018-08-18,2503,13.08.–17.08.,SPD,18
BT02180818G,Forsa,2018-08-18,2503,13.08.–17.08.,Gruene,15
BT02180818G,Forsa,2018-08-18,2503,13.08.–17.08.,FDP,9
BT02180818G,Forsa,2018-08-18,2503,13.08.–17.08.,Linke,10
BT02180818G,Forsa,2018-08-18,2503,13.08.–17.08.,AfD,14
BT02180818G,Forsa,2018-08-18,2503,13.08.–17.08.,BSW,NA
BT01180823H,Infratest dimap,2018-08-23,1047,20.08.–22.08.,CDUCSU,29
BT01180823H,Infratest dimap,2018-08-23,1047,20.08.–22.08.,SPD,18
BT01180823H,Infratest dimap,2018-08-23,1047,20.08.–22.08.,Gruene,14
BT01180823H,Infratest dimap,2018-08-23,1047,20.08.–22.08.,FDP,8
BT01180823H,Infratest dimap,2018-08-23,1047,20.08.–22.08.,Linke,9
BT01180823H,Infratest dimap,2018-08-23,1047,20.08.–22.08.,AfD,17
BT01180823H,Infratest dimap,2018-08-23,1047,20.08.–22.08.,BSW,NA
BT03180825U,Verian,2018-08-25,1891,16.08.–22.08.,CDUCSU,30
BT03180825U,Verian,2018-08-25,1891,16.08.–22.08.,SPD,18
BT03180825U,Verian,2018-08-25,1891,16.08.–22.08.,Gruene,15
BT03180825U,Verian,2018-08-25,1891,16.08.–22.08.,FDP,9
BT03180825U,Verian,2018-08-25,1891,16.08.–22.08.,Linke,9
BT03180825U,Verian,2018-08-25,1891,16.08.–22.08.,AfD,14
BT03180825U,Verian,2018-08-25,1891,16.08.–22.08.,BSW,NA
BT02180825H,Forsa,2018-08-25,2502,20.08.–24.08.,CDUCSU,30
BT02180825H,Forsa,2018-08-25,2502,20.08.–24.08.,SPD,18
BT02180825H,Forsa,2018-08-25,2502,20.08.–24.08.,Gruene,15
BT02180825H,Forsa,2018-08-25,2502,20.08.–24.08.,FDP,8
BT02180825H,Forsa,2018-08-25,2502,20.08.–24.08.,Linke,10
BT02180825H,Forsa,2018-08-25,2502,20.08.–24.08.,AfD,14
BT02180825H,Forsa,2018-08-25,2502,20.08.–24.08.,BSW,NA
BT13180830O,YouGov,2018-08-30,1538,24.08.–28.08.,CDUCSU,28
BT13180830O,YouGov,2018-08-30,1538,24.08.–28.08.,SPD,17
BT13180830O,YouGov,2018-08-30,1538,24.08.–28.08.,Gruene,13
BT13180830O,YouGov,2018-08-30,1538,24.08.–28.08.,FDP,9
BT13180830O,YouGov,2018-08-30,1538,24.08.–28.08.,Linke,11
BT13180830O,YouGov,2018-08-30,1538,24.08.–28.08.,AfD,17
BT13180830O,YouGov,2018-08-30,1538,24.08.–28.08.,BSW,NA
BT06180831B,Forschungsgruppe Wahlen,2018-08-31,1216,28.08.–30.08.,CDUCSU,31
BT06180831B,Forschungsgruppe Wahlen,2018-08-31,1216,28.08.–30.08.,SPD,18
BT06180831B,Forschungsgruppe Wahlen,2018-08-31,1216,28.08.–30.08.,Gruene,14
BT06180831B,Forschungsgruppe Wahlen,2018-08-31,1216,28.08.–30.08.,FDP,8
BT06180831B,Forschungsgruppe Wahlen,2018-08-31,1216,28.08.–30.08.,Linke,8
BT06180831B,Forschungsgruppe Wahlen,2018-08-31,1216,28.08.–30.08.,AfD,17
BT06180831B,Forschungsgruppe Wahlen,2018-08-31,1216,28.08.–30.08.,BSW,NA
BT03180901V,Verian,2018-09-01,2390,23.08.–29.08.,CDUCSU,30
BT03180901V,Verian,2018-09-01,2390,23.08.–29.08.,SPD,19
BT03180901V,Verian,2018-09-01,2390,23.08.–29.08.,Gruene,14
BT03180901V,Verian,2018-09-01,2390,23.08.–29.08.,FDP,9
BT03180901V,Verian,2018-09-01,2390,23.08.–29.08.,Linke,9
BT03180901V,Verian,2018-09-01,2390,23.08.–29.08.,AfD,15
BT03180901V,Verian,2018-09-01,2390,23.08.–29.08.,BSW,NA
BT02180901I,Forsa,2018-09-01,2503,27.08.–31.08.,CDUCSU,30
BT02180901I,Forsa,2018-09-01,2503,27.08.–31.08.,SPD,17
BT02180901I,Forsa,2018-09-01,2503,27.08.–31.08.,Gruene,16
BT02180901I,Forsa,2018-09-01,2503,27.08.–31.08.,FDP,8
BT02180901I,Forsa,2018-09-01,2503,27.08.–31.08.,Linke,8
BT02180901I,Forsa,2018-09-01,2503,27.08.–31.08.,AfD,16
BT02180901I,Forsa,2018-09-01,2503,27.08.–31.08.,BSW,NA
BT01180906I,Infratest dimap,2018-09-06,1502,03.09.–05.09.,CDUCSU,29
BT01180906I,Infratest dimap,2018-09-06,1502,03.09.–05.09.,SPD,18
BT01180906I,Infratest dimap,2018-09-06,1502,03.09.–05.09.,Gruene,14
BT01180906I,Infratest dimap,2018-09-06,1502,03.09.–05.09.,FDP,8
BT01180906I,Infratest dimap,2018-09-06,1502,03.09.–05.09.,Linke,10
BT01180906I,Infratest dimap,2018-09-06,1502,03.09.–05.09.,AfD,16
BT01180906I,Infratest dimap,2018-09-06,1502,03.09.–05.09.,BSW,NA
BT03180908W,Verian,2018-09-08,2472,30.08.–05.09.,CDUCSU,29
BT03180908W,Verian,2018-09-08,2472,30.08.–05.09.,SPD,17
BT03180908W,Verian,2018-09-08,2472,30.08.–05.09.,Gruene,14
BT03180908W,Verian,2018-09-08,2472,30.08.–05.09.,FDP,9
BT03180908W,Verian,2018-09-08,2472,30.08.–05.09.,Linke,10
BT03180908W,Verian,2018-09-08,2472,30.08.–05.09.,AfD,15
BT03180908W,Verian,2018-09-08,2472,30.08.–05.09.,BSW,NA
BT02180908J,Forsa,2018-09-08,2507,03.09.–07.09.,CDUCSU,31
BT02180908J,Forsa,2018-09-08,2507,03.09.–07.09.,SPD,16
BT02180908J,Forsa,2018-09-08,2507,03.09.–07.09.,Gruene,15
BT02180908J,Forsa,2018-09-08,2507,03.09.–07.09.,FDP,9
BT02180908J,Forsa,2018-09-08,2507,03.09.–07.09.,Linke,10
BT02180908J,Forsa,2018-09-08,2507,03.09.–07.09.,AfD,14
BT02180908J,Forsa,2018-09-08,2507,03.09.–07.09.,BSW,NA
BT04180911U,GMS,2018-09-11,1003,04.09.–10.09.,CDUCSU,29
BT04180911U,GMS,2018-09-11,1003,04.09.–10.09.,SPD,17
BT04180911U,GMS,2018-09-11,1003,04.09.–10.09.,Gruene,14
BT04180911U,GMS,2018-09-11,1003,04.09.–10.09.,FDP,9
BT04180911U,GMS,2018-09-11,1003,04.09.–10.09.,Linke,9
BT04180911U,GMS,2018-09-11,1003,04.09.–10.09.,AfD,16
BT04180911U,GMS,2018-09-11,1003,04.09.–10.09.,BSW,NA
BT06180914C,Forschungsgruppe Wahlen,2018-09-14,1339,11.09.–13.09.,CDUCSU,30
BT06180914C,Forschungsgruppe Wahlen,2018-09-14,1339,11.09.–13.09.,SPD,20
BT06180914C,Forschungsgruppe Wahlen,2018-09-14,1339,11.09.–13.09.,Gruene,16
BT06180914C,Forschungsgruppe Wahlen,2018-09-14,1339,11.09.–13.09.,FDP,7
BT06180914C,Forschungsgruppe Wahlen,2018-09-14,1339,11.09.–13.09.,Linke,8
BT06180914C,Forschungsgruppe Wahlen,2018-09-14,1339,11.09.–13.09.,AfD,15
BT06180914C,Forschungsgruppe Wahlen,2018-09-14,1339,11.09.–13.09.,BSW,NA
BT03180915X,Verian,2018-09-15,1978,06.09.–12.09.,CDUCSU,30
BT03180915X,Verian,2018-09-15,1978,06.09.–12.09.,SPD,18
BT03180915X,Verian,2018-09-15,1978,06.09.–12.09.,Gruene,13
BT03180915X,Verian,2018-09-15,1978,06.09.–12.09.,FDP,9
BT03180915X,Verian,2018-09-15,1978,06.09.–12.09.,Linke,10
BT03180915X,Verian,2018-09-15,1978,06.09.–12.09.,AfD,15
BT03180915X,Verian,2018-09-15,1978,06.09.–12.09.,BSW,NA
BT02180915K,Forsa,2018-09-15,2507,10.09.–14.09.,CDUCSU,30
BT02180915K,Forsa,2018-09-15,2507,10.09.–14.09.,SPD,18
BT02180915K,Forsa,2018-09-15,2507,10.09.–14.09.,Gruene,16
BT02180915K,Forsa,2018-09-15,2507,10.09.–14.09.,FDP,8
BT02180915K,Forsa,2018-09-15,2507,10.09.–14.09.,Linke,10
BT02180915K,Forsa,2018-09-15,2507,10.09.–14.09.,AfD,13
BT02180915K,Forsa,2018-09-15,2507,10.09.–14.09.,BSW,NA
BT09180918J,Allensbach,2018-09-18,1258,01.09.–13.09.,CDUCSU,31.5
BT09180918J,Allensbach,2018-09-18,1258,01.09.–13.09.,SPD,19.5
BT09180918J,Allensbach,2018-09-18,1258,01.09.–13.09.,Gruene,12.5
BT09180918J,Allensbach,2018-09-18,1258,01.09.–13.09.,FDP,8.5
BT09180918J,Allensbach,2018-09-18,1258,01.09.–13.09.,Linke,9
BT09180918J,Allensbach,2018-09-18,1258,01.09.–13.09.,AfD,15
BT09180918J,Allensbach,2018-09-18,1258,01.09.–13.09.,BSW,NA
BT01180920J,Infratest dimap,2018-09-20,1035,17.09.–19.09.,CDUCSU,28
BT01180920J,Infratest dimap,2018-09-20,1035,17.09.–19.09.,SPD,17
BT01180920J,Infratest dimap,2018-09-20,1035,17.09.–19.09.,Gruene,15
BT01180920J,Infratest dimap,2018-09-20,1035,17.09.–19.09.,FDP,9
BT01180920J,Infratest dimap,2018-09-20,1035,17.09.–19.09.,Linke,10
BT01180920J,Infratest dimap,2018-09-20,1035,17.09.–19.09.,AfD,18
BT01180920J,Infratest dimap,2018-09-20,1035,17.09.–19.09.,BSW,NA
BT03180922Y,Verian,2018-09-22,2368,13.09.–19.09.,CDUCSU,28
BT03180922Y,Verian,2018-09-22,2368,13.09.–19.09.,SPD,17
BT03180922Y,Verian,2018-09-22,2368,13.09.–19.09.,Gruene,14
BT03180922Y,Verian,2018-09-22,2368,13.09.–19.09.,FDP,9
BT03180922Y,Verian,2018-09-22,2368,13.09.–19.09.,Linke,11
BT03180922Y,Verian,2018-09-22,2368,13.09.–19.09.,AfD,16
BT03180922Y,Verian,2018-09-22,2368,13.09.–19.09.,BSW,NA
BT02180922L,Forsa,2018-09-22,2502,17.09.–21.09.,CDUCSU,28
BT02180922L,Forsa,2018-09-22,2502,17.09.–21.09.,SPD,17
BT02180922L,Forsa,2018-09-22,2502,17.09.–21.09.,Gruene,16
BT02180922L,Forsa,2018-09-22,2502,17.09.–21.09.,FDP,9
BT02180922L,Forsa,2018-09-22,2502,17.09.–21.09.,Linke,10
BT02180922L,Forsa,2018-09-22,2502,17.09.–21.09.,AfD,15
BT02180922L,Forsa,2018-09-22,2502,17.09.–21.09.,BSW,NA
BT04180927V,GMS,2018-09-27,1005,20.09.–26.09.,CDUCSU,27
BT04180927V,GMS,2018-09-27,1005,20.09.–26.09.,SPD,16
BT04180927V,GMS,2018-09-27,1005,20.09.–26.09.,Gruene,15
BT04180927V,GMS,2018-09-27,1005,20.09.–26.09.,FDP,9
BT04180927V,GMS,2018-09-27,1005,20.09.–26.09.,Linke,10
BT04180927V,GMS,2018-09-27,1005,20.09.–26.09.,AfD,18
BT04180927V,GMS,2018-09-27,1005,20.09.–26.09.,BSW,NA
BT13180927P,YouGov,2018-09-27,1504,21.09.–25.09.,CDUCSU,27
BT13180927P,YouGov,2018-09-27,1504,21.09.–25.09.,SPD,17
BT13180927P,YouGov,2018-09-27,1504,21.09.–25.09.,Gruene,14
BT13180927P,YouGov,2018-09-27,1504,21.09.–25.09.,FDP,9
BT13180927P,YouGov,2018-09-27,1504,21.09.–25.09.,Linke,11
BT13180927P,YouGov,2018-09-27,1504,21.09.–25.09.,AfD,18
BT13180927P,YouGov,2018-09-27,1504,21.09.–25.09.,BSW,NA
BT06180928D,Forschungsgruppe Wahlen,2018-09-28,1260,25.09.–27.09.,CDUCSU,28
BT06180928D,Forschungsgruppe Wahlen,2018-09-28,1260,25.09.–27.09.,SPD,17
BT06180928D,Forschungsgruppe Wahlen,2018-09-28,1260,25.09.–27.09.,Gruene,17
BT06180928D,Forschungsgruppe Wahlen,2018-09-28,1260,25.09.–27.09.,FDP,8
BT06180928D,Forschungsgruppe Wahlen,2018-09-28,1260,25.09.–27.09.,Linke,10
BT06180928D,Forschungsgruppe Wahlen,2018-09-28,1260,25.09.–27.09.,AfD,16
BT06180928D,Forschungsgruppe Wahlen,2018-09-28,1260,25.09.–27.09.,BSW,NA
BT03180929A,Verian,2018-09-29,1902,20.09.–26.09.,CDUCSU,27
BT03180929A,Verian,2018-09-29,1902,20.09.–26.09.,SPD,16
BT03180929A,Verian,2018-09-29,1902,20.09.–26.09.,Gruene,15
BT03180929A,Verian,2018-09-29,1902,20.09.–26.09.,FDP,10
BT03180929A,Verian,2018-09-29,1902,20.09.–26.09.,Linke,11
BT03180929A,Verian,2018-09-29,1902,20.09.–26.09.,AfD,17
BT03180929A,Verian,2018-09-29,1902,20.09.–26.09.,BSW,NA
BT02180929M,Forsa,2018-09-29,2501,24.09.–28.09.,CDUCSU,28
BT02180929M,Forsa,2018-09-29,2501,24.09.–28.09.,SPD,16
BT02180929M,Forsa,2018-09-29,2501,24.09.–28.09.,Gruene,17
BT02180929M,Forsa,2018-09-29,2501,24.09.–28.09.,FDP,9
BT02180929M,Forsa,2018-09-29,2501,24.09.–28.09.,Linke,10
BT02180929M,Forsa,2018-09-29,2501,24.09.–28.09.,AfD,15
BT02180929M,Forsa,2018-09-29,2501,24.09.–28.09.,BSW,NA
BT03181006B,Verian,2018-10-06,1515,27.09.–02.10.,CDUCSU,27
BT03181006B,Verian,2018-10-06,1515,27.09.–02.10.,SPD,17
BT03181006B,Verian,2018-10-06,1515,27.09.–02.10.,Gruene,16
BT03181006B,Verian,2018-10-06,1515,27.09.–02.10.,FDP,9
BT03181006B,Verian,2018-10-06,1515,27.09.–02.10.,Linke,10
BT03181006B,Verian,2018-10-06,1515,27.09.–02.10.,AfD,16
BT03181006B,Verian,2018-10-06,1515,27.09.–02.10.,BSW,NA
BT02181006N,Forsa,2018-10-06,2002,01.10.–05.10.,CDUCSU,28
BT02181006N,Forsa,2018-10-06,2002,01.10.–05.10.,SPD,16
BT02181006N,Forsa,2018-10-06,2002,01.10.–05.10.,Gruene,18
BT02181006N,Forsa,2018-10-06,2002,01.10.–05.10.,FDP,9
BT02181006N,Forsa,2018-10-06,2002,01.10.–05.10.,Linke,10
BT02181006N,Forsa,2018-10-06,2002,01.10.–05.10.,AfD,14
BT02181006N,Forsa,2018-10-06,2002,01.10.–05.10.,BSW,NA
BT04181011W,GMS,2018-10-11,1007,04.10.–10.10.,CDUCSU,27
BT04181011W,GMS,2018-10-11,1007,04.10.–10.10.,SPD,15
BT04181011W,GMS,2018-10-11,1007,04.10.–10.10.,Gruene,16
BT04181011W,GMS,2018-10-11,1007,04.10.–10.10.,FDP,10
BT04181011W,GMS,2018-10-11,1007,04.10.–10.10.,Linke,10
BT04181011W,GMS,2018-10-11,1007,04.10.–10.10.,AfD,18
BT04181011W,GMS,2018-10-11,1007,04.10.–10.10.,BSW,NA
BT01181011K,Infratest dimap,2018-10-11,1508,08.10.–10.10.,CDUCSU,26
BT01181011K,Infratest dimap,2018-10-11,1508,08.10.–10.10.,SPD,15
BT01181011K,Infratest dimap,2018-10-11,1508,08.10.–10.10.,Gruene,17
BT01181011K,Infratest dimap,2018-10-11,1508,08.10.–10.10.,FDP,10
BT01181011K,Infratest dimap,2018-10-11,1508,08.10.–10.10.,Linke,10
BT01181011K,Infratest dimap,2018-10-11,1508,08.10.–10.10.,AfD,16
BT01181011K,Infratest dimap,2018-10-11,1508,08.10.–10.10.,BSW,NA
BT03181013C,Verian,2018-10-13,1899,04.10.–10.10.,CDUCSU,26
BT03181013C,Verian,2018-10-13,1899,04.10.–10.10.,SPD,17
BT03181013C,Verian,2018-10-13,1899,04.10.–10.10.,Gruene,17
BT03181013C,Verian,2018-10-13,1899,04.10.–10.10.,FDP,9
BT03181013C,Verian,2018-10-13,1899,04.10.–10.10.,Linke,11
BT03181013C,Verian,2018-10-13,1899,04.10.–10.10.,AfD,15
BT03181013C,Verian,2018-10-13,1899,04.10.–10.10.,BSW,NA
BT02181013O,Forsa,2018-10-13,2504,08.10.–12.10.,CDUCSU,28
BT02181013O,Forsa,2018-10-13,2504,08.10.–12.10.,SPD,16
BT02181013O,Forsa,2018-10-13,2504,08.10.–12.10.,Gruene,19
BT02181013O,Forsa,2018-10-13,2504,08.10.–12.10.,FDP,9
BT02181013O,Forsa,2018-10-13,2504,08.10.–12.10.,Linke,9
BT02181013O,Forsa,2018-10-13,2504,08.10.–12.10.,AfD,14
BT02181013O,Forsa,2018-10-13,2504,08.10.–12.10.,BSW,NA
BT09181018K,Allensbach,2018-10-18,1259,28.09.–11.10.,CDUCSU,29
BT09181018K,Allensbach,2018-10-18,1259,28.09.–11.10.,SPD,19
BT09181018K,Allensbach,2018-10-18,1259,28.09.–11.10.,Gruene,15
BT09181018K,Allensbach,2018-10-18,1259,28.09.–11.10.,FDP,8.5
BT09181018K,Allensbach,2018-10-18,1259,28.09.–11.10.,Linke,9
BT09181018K,Allensbach,2018-10-18,1259,28.09.–11.10.,AfD,15
BT09181018K,Allensbach,2018-10-18,1259,28.09.–11.10.,BSW,NA
BT01181018L,Infratest dimap,2018-10-18,1040,16.10.–17.10.,CDUCSU,25
BT01181018L,Infratest dimap,2018-10-18,1040,16.10.–17.10.,SPD,14
BT01181018L,Infratest dimap,2018-10-18,1040,16.10.–17.10.,Gruene,19
BT01181018L,Infratest dimap,2018-10-18,1040,16.10.–17.10.,FDP,11
BT01181018L,Infratest dimap,2018-10-18,1040,16.10.–17.10.,Linke,9
BT01181018L,Infratest dimap,2018-10-18,1040,16.10.–17.10.,AfD,16
BT01181018L,Infratest dimap,2018-10-18,1040,16.10.–17.10.,BSW,NA
BT06181019E,Forschungsgruppe Wahlen,2018-10-19,1117,16.10.–18.10.,CDUCSU,27
BT06181019E,Forschungsgruppe Wahlen,2018-10-19,1117,16.10.–18.10.,SPD,14
BT06181019E,Forschungsgruppe Wahlen,2018-10-19,1117,16.10.–18.10.,Gruene,20
BT06181019E,Forschungsgruppe Wahlen,2018-10-19,1117,16.10.–18.10.,FDP,8
BT06181019E,Forschungsgruppe Wahlen,2018-10-19,1117,16.10.–18.10.,Linke,10
BT06181019E,Forschungsgruppe Wahlen,2018-10-19,1117,16.10.–18.10.,AfD,16
BT06181019E,Forschungsgruppe Wahlen,2018-10-19,1117,16.10.–18.10.,BSW,NA
BT03181020D,Verian,2018-10-20,1609,11.10.–17.10.,CDUCSU,25
BT03181020D,Verian,2018-10-20,1609,11.10.–17.10.,SPD,15
BT03181020D,Verian,2018-10-20,1609,11.10.–17.10.,Gruene,19
BT03181020D,Verian,2018-10-20,1609,11.10.–17.10.,FDP,10
BT03181020D,Verian,2018-10-20,1609,11.10.–17.10.,Linke,10
BT03181020D,Verian,2018-10-20,1609,11.10.–17.10.,AfD,15
BT03181020D,Verian,2018-10-20,1609,11.10.–17.10.,BSW,NA
BT02181020P,Forsa,2018-10-20,2502,15.10.–19.10.,CDUCSU,27
BT02181020P,Forsa,2018-10-20,2502,15.10.–19.10.,SPD,14
BT02181020P,Forsa,2018-10-20,2502,15.10.–19.10.,Gruene,21
BT02181020P,Forsa,2018-10-20,2502,15.10.–19.10.,FDP,9
BT02181020P,Forsa,2018-10-20,2502,15.10.–19.10.,Linke,9
BT02181020P,Forsa,2018-10-20,2502,15.10.–19.10.,AfD,15
BT02181020P,Forsa,2018-10-20,2502,15.10.–19.10.,BSW,NA
BT03181027E,Verian,2018-10-27,1905,18.10.–24.10.,CDUCSU,24
BT03181027E,Verian,2018-10-27,1905,18.10.–24.10.,SPD,15
BT03181027E,Verian,2018-10-27,1905,18.10.–24.10.,Gruene,20
BT03181027E,Verian,2018-10-27,1905,18.10.–24.10.,FDP,10
BT03181027E,Verian,2018-10-27,1905,18.10.–24.10.,Linke,10
BT03181027E,Verian,2018-10-27,1905,18.10.–24.10.,AfD,16
BT03181027E,Verian,2018-10-27,1905,18.10.–24.10.,BSW,NA
BT02181027Q,Forsa,2018-10-27,2509,22.10.–26.10.,CDUCSU,26
BT02181027Q,Forsa,2018-10-27,2509,22.10.–26.10.,SPD,14
BT02181027Q,Forsa,2018-10-27,2509,22.10.–26.10.,Gruene,21
BT02181027Q,Forsa,2018-10-27,2509,22.10.–26.10.,FDP,9
BT02181027Q,Forsa,2018-10-27,2509,22.10.–26.10.,Linke,10
BT02181027Q,Forsa,2018-10-27,2509,22.10.–26.10.,AfD,14
BT02181027Q,Forsa,2018-10-27,2509,22.10.–26.10.,BSW,NA
BT03181103F,Verian,2018-11-03,1815,25.10.–31.10.,CDUCSU,25
BT03181103F,Verian,2018-11-03,1815,25.10.–31.10.,SPD,14
BT03181103F,Verian,2018-11-03,1815,25.10.–31.10.,Gruene,21
BT03181103F,Verian,2018-11-03,1815,25.10.–31.10.,FDP,9
BT03181103F,Verian,2018-11-03,1815,25.10.–31.10.,Linke,10
BT03181103F,Verian,2018-11-03,1815,25.10.–31.10.,AfD,15
BT03181103F,Verian,2018-11-03,1815,25.10.–31.10.,BSW,NA
BT02181103R,Forsa,2018-11-03,2502,29.10.–02.11.,CDUCSU,27
BT02181103R,Forsa,2018-11-03,2502,29.10.–02.11.,SPD,13
BT02181103R,Forsa,2018-11-03,2502,29.10.–02.11.,Gruene,24
BT02181103R,Forsa,2018-11-03,2502,29.10.–02.11.,FDP,9
BT02181103R,Forsa,2018-11-03,2502,29.10.–02.11.,Linke,9
BT02181103R,Forsa,2018-11-03,2502,29.10.–02.11.,AfD,13
BT02181103R,Forsa,2018-11-03,2502,29.10.–02.11.,BSW,NA
BT13181107Q,YouGov,2018-11-07,1542,28.10.–04.11.,CDUCSU,25
BT13181107Q,YouGov,2018-11-07,1542,28.10.–04.11.,SPD,14
BT13181107Q,YouGov,2018-11-07,1542,28.10.–04.11.,Gruene,21
BT13181107Q,YouGov,2018-11-07,1542,28.10.–04.11.,FDP,10
BT13181107Q,YouGov,2018-11-07,1542,28.10.–04.11.,Linke,10
BT13181107Q,YouGov,2018-11-07,1542,28.10.–04.11.,AfD,16
BT13181107Q,YouGov,2018-11-07,1542,28.10.–04.11.,BSW,NA
BT06181109F,Forschungsgruppe Wahlen,2018-11-09,1200,06.11.–08.11.,CDUCSU,27
BT06181109F,Forschungsgruppe Wahlen,2018-11-09,1200,06.11.–08.11.,SPD,14
BT06181109F,Forschungsgruppe Wahlen,2018-11-09,1200,06.11.–08.11.,Gruene,22
BT06181109F,Forschungsgruppe Wahlen,2018-11-09,1200,06.11.–08.11.,FDP,9
BT06181109F,Forschungsgruppe Wahlen,2018-11-09,1200,06.11.–08.11.,Linke,9
BT06181109F,Forschungsgruppe Wahlen,2018-11-09,1200,06.11.–08.11.,AfD,14
BT06181109F,Forschungsgruppe Wahlen,2018-11-09,1200,06.11.–08.11.,BSW,NA
BT03181110G,Verian,2018-11-10,1518,05.11.–07.11.,CDUCSU,25
BT03181110G,Verian,2018-11-10,1518,05.11.–07.11.,SPD,15
BT03181110G,Verian,2018-11-10,1518,05.11.–07.11.,Gruene,22
BT03181110G,Verian,2018-11-10,1518,05.11.–07.11.,FDP,8
BT03181110G,Verian,2018-11-10,1518,05.11.–07.11.,Linke,9
BT03181110G,Verian,2018-11-10,1518,05.11.–07.11.,AfD,15
BT03181110G,Verian,2018-11-10,1518,05.11.–07.11.,BSW,NA
BT02181111S,Forsa,2018-11-11,2504,05.11.–09.11.,CDUCSU,27
BT02181111S,Forsa,2018-11-11,2504,05.11.–09.11.,SPD,14
BT02181111S,Forsa,2018-11-11,2504,05.11.–09.11.,Gruene,23
BT02181111S,Forsa,2018-11-11,2504,05.11.–09.11.,FDP,9
BT02181111S,Forsa,2018-11-11,2504,05.11.–09.11.,Linke,9
BT02181111S,Forsa,2018-11-11,2504,05.11.–09.11.,AfD,13
BT02181111S,Forsa,2018-11-11,2504,05.11.–09.11.,BSW,NA
BT01181115M,Infratest dimap,2018-11-15,1506,12.11.–14.11.,CDUCSU,26
BT01181115M,Infratest dimap,2018-11-15,1506,12.11.–14.11.,SPD,14
BT01181115M,Infratest dimap,2018-11-15,1506,12.11.–14.11.,Gruene,23
BT01181115M,Infratest dimap,2018-11-15,1506,12.11.–14.11.,FDP,8
BT01181115M,Infratest dimap,2018-11-15,1506,12.11.–14.11.,Linke,9
BT01181115M,Infratest dimap,2018-11-15,1506,12.11.–14.11.,AfD,14
BT01181115M,Infratest dimap,2018-11-15,1506,12.11.–14.11.,BSW,NA
BT03181117H,Verian,2018-11-17,1987,08.11.–14.11.,CDUCSU,26
BT03181117H,Verian,2018-11-17,1987,08.11.–14.11.,SPD,15
BT03181117H,Verian,2018-11-17,1987,08.11.–14.11.,Gruene,21
BT03181117H,Verian,2018-11-17,1987,08.11.–14.11.,FDP,8
BT03181117H,Verian,2018-11-17,1987,08.11.–14.11.,Linke,9
BT03181117H,Verian,2018-11-17,1987,08.11.–14.11.,AfD,15
BT03181117H,Verian,2018-11-17,1987,08.11.–14.11.,BSW,NA
BT02181117T,Forsa,2018-11-17,2503,12.11.–16.11.,CDUCSU,28
BT02181117T,Forsa,2018-11-17,2503,12.11.–16.11.,SPD,14
BT02181117T,Forsa,2018-11-17,2503,12.11.–16.11.,Gruene,23
BT02181117T,Forsa,2018-11-17,2503,12.11.–16.11.,FDP,9
BT02181117T,Forsa,2018-11-17,2503,12.11.–16.11.,Linke,9
BT02181117T,Forsa,2018-11-17,2503,12.11.–16.11.,AfD,12
BT02181117T,Forsa,2018-11-17,2503,12.11.–16.11.,BSW,NA
BT06181123G,Forschungsgruppe Wahlen,2018-11-23,1336,20.11.–22.11.,CDUCSU,27
BT06181123G,Forschungsgruppe Wahlen,2018-11-23,1336,20.11.–22.11.,SPD,14
BT06181123G,Forschungsgruppe Wahlen,2018-11-23,1336,20.11.–22.11.,Gruene,22
BT06181123G,Forschungsgruppe Wahlen,2018-11-23,1336,20.11.–22.11.,FDP,8
BT06181123G,Forschungsgruppe Wahlen,2018-11-23,1336,20.11.–22.11.,Linke,9
BT06181123G,Forschungsgruppe Wahlen,2018-11-23,1336,20.11.–22.11.,AfD,16
BT06181123G,Forschungsgruppe Wahlen,2018-11-23,1336,20.11.–22.11.,BSW,NA
BT03181124I,Verian,2018-11-24,2361,15.11.–21.11.,CDUCSU,26
BT03181124I,Verian,2018-11-24,2361,15.11.–21.11.,SPD,15
BT03181124I,Verian,2018-11-24,2361,15.11.–21.11.,Gruene,21
BT03181124I,Verian,2018-11-24,2361,15.11.–21.11.,FDP,9
BT03181124I,Verian,2018-11-24,2361,15.11.–21.11.,Linke,9
BT03181124I,Verian,2018-11-24,2361,15.11.–21.11.,AfD,15
BT03181124I,Verian,2018-11-24,2361,15.11.–21.11.,BSW,NA
BT02181124U,Forsa,2018-11-24,2507,19.11.–23.11.,CDUCSU,27
BT02181124U,Forsa,2018-11-24,2507,19.11.–23.11.,SPD,14
BT02181124U,Forsa,2018-11-24,2507,19.11.–23.11.,Gruene,23
BT02181124U,Forsa,2018-11-24,2507,19.11.–23.11.,FDP,9
BT02181124U,Forsa,2018-11-24,2507,19.11.–23.11.,Linke,8
BT02181124U,Forsa,2018-11-24,2507,19.11.–23.11.,AfD,14
BT02181124U,Forsa,2018-11-24,2507,19.11.–23.11.,BSW,NA
BT13181128R,YouGov,2018-11-28,1580,23.11.–27.11.,CDUCSU,27
BT13181128R,YouGov,2018-11-28,1580,23.11.–27.11.,SPD,15
BT13181128R,YouGov,2018-11-28,1580,23.11.–27.11.,Gruene,21
BT13181128R,YouGov,2018-11-28,1580,23.11.–27.11.,FDP,9
BT13181128R,YouGov,2018-11-28,1580,23.11.–27.11.,Linke,10
BT13181128R,YouGov,2018-11-28,1580,23.11.–27.11.,AfD,14
BT13181128R,YouGov,2018-11-28,1580,23.11.–27.11.,BSW,NA
BT01181129N,Infratest dimap,2018-11-29,1052,27.11.–28.11.,CDUCSU,28
BT01181129N,Infratest dimap,2018-11-29,1052,27.11.–28.11.,SPD,14
BT01181129N,Infratest dimap,2018-11-29,1052,27.11.–28.11.,Gruene,21
BT01181129N,Infratest dimap,2018-11-29,1052,27.11.–28.11.,FDP,9
BT01181129N,Infratest dimap,2018-11-29,1052,27.11.–28.11.,Linke,8
BT01181129N,Infratest dimap,2018-11-29,1052,27.11.–28.11.,AfD,15
BT01181129N,Infratest dimap,2018-11-29,1052,27.11.–28.11.,BSW,NA
BT09181130L,Allensbach,2018-11-30,1242,02.11.–15.11.,CDUCSU,28
BT09181130L,Allensbach,2018-11-30,1242,02.11.–15.11.,SPD,17
BT09181130L,Allensbach,2018-11-30,1242,02.11.–15.11.,Gruene,19
BT09181130L,Allensbach,2018-11-30,1242,02.11.–15.11.,FDP,9.5
BT09181130L,Allensbach,2018-11-30,1242,02.11.–15.11.,Linke,9
BT09181130L,Allensbach,2018-11-30,1242,02.11.–15.11.,AfD,13.5
BT09181130L,Allensbach,2018-11-30,1242,02.11.–15.11.,BSW,NA
BT03181201J,Verian,2018-12-01,1531,22.11.–28.11.,CDUCSU,28
BT03181201J,Verian,2018-12-01,1531,22.11.–28.11.,SPD,15
BT03181201J,Verian,2018-12-01,1531,22.11.–28.11.,Gruene,19
BT03181201J,Verian,2018-12-01,1531,22.11.–28.11.,FDP,9
BT03181201J,Verian,2018-12-01,1531,22.11.–28.11.,Linke,9
BT03181201J,Verian,2018-12-01,1531,22.11.–28.11.,AfD,15
BT03181201J,Verian,2018-12-01,1531,22.11.–28.11.,BSW,NA
BT02181201V,Forsa,2018-12-01,2505,26.11.–30.11.,CDUCSU,27
BT02181201V,Forsa,2018-12-01,2505,26.11.–30.11.,SPD,14
BT02181201V,Forsa,2018-12-01,2505,26.11.–30.11.,Gruene,22
BT02181201V,Forsa,2018-12-01,2505,26.11.–30.11.,FDP,9
BT02181201V,Forsa,2018-12-01,2505,26.11.–30.11.,Linke,8
BT02181201V,Forsa,2018-12-01,2505,26.11.–30.11.,AfD,14
BT02181201V,Forsa,2018-12-01,2505,26.11.–30.11.,BSW,NA
BT01181206O,Infratest dimap,2018-12-06,1502,03.12.–05.12.,CDUCSU,30
BT01181206O,Infratest dimap,2018-12-06,1502,03.12.–05.12.,SPD,14
BT01181206O,Infratest dimap,2018-12-06,1502,03.12.–05.12.,Gruene,20
BT01181206O,Infratest dimap,2018-12-06,1502,03.12.–05.12.,FDP,8
BT01181206O,Infratest dimap,2018-12-06,1502,03.12.–05.12.,Linke,8
BT01181206O,Infratest dimap,2018-12-06,1502,03.12.–05.12.,AfD,14
BT01181206O,Infratest dimap,2018-12-06,1502,03.12.–05.12.,BSW,NA
BT02181207W,Forsa,2018-12-07,2006,03.12.–06.12.,CDUCSU,29
BT02181207W,Forsa,2018-12-07,2006,03.12.–06.12.,SPD,14
BT02181207W,Forsa,2018-12-07,2006,03.12.–06.12.,Gruene,22
BT02181207W,Forsa,2018-12-07,2006,03.12.–06.12.,FDP,8
BT02181207W,Forsa,2018-12-07,2006,03.12.–06.12.,Linke,8
BT02181207W,Forsa,2018-12-07,2006,03.12.–06.12.,AfD,13
BT02181207W,Forsa,2018-12-07,2006,03.12.–06.12.,BSW,NA
BT03181208K,Verian,2018-12-08,2469,29.11.–05.12.,CDUCSU,29
BT03181208K,Verian,2018-12-08,2469,29.11.–05.12.,SPD,15
BT03181208K,Verian,2018-12-08,2469,29.11.–05.12.,Gruene,19
BT03181208K,Verian,2018-12-08,2469,29.11.–05.12.,FDP,9
BT03181208K,Verian,2018-12-08,2469,29.11.–05.12.,Linke,9
BT03181208K,Verian,2018-12-08,2469,29.11.–05.12.,AfD,14
BT03181208K,Verian,2018-12-08,2469,29.11.–05.12.,BSW,NA
BT02181210X,Forsa,2018-12-10,1506,07.12.–09.12.,CDUCSU,32
BT02181210X,Forsa,2018-12-10,1506,07.12.–09.12.,SPD,14
BT02181210X,Forsa,2018-12-10,1506,07.12.–09.12.,Gruene,19
BT02181210X,Forsa,2018-12-10,1506,07.12.–09.12.,FDP,8
BT02181210X,Forsa,2018-12-10,1506,07.12.–09.12.,Linke,8
BT02181210X,Forsa,2018-12-10,1506,07.12.–09.12.,AfD,13
BT02181210X,Forsa,2018-12-10,1506,07.12.–09.12.,BSW,NA
BT04181213X,GMS,2018-12-13,1005,06.12.–12.12.,CDUCSU,30
BT04181213X,GMS,2018-12-13,1005,06.12.–12.12.,SPD,14
BT04181213X,GMS,2018-12-13,1005,06.12.–12.12.,Gruene,19
BT04181213X,GMS,2018-12-13,1005,06.12.–12.12.,FDP,9
BT04181213X,GMS,2018-12-13,1005,06.12.–12.12.,Linke,9
BT04181213X,GMS,2018-12-13,1005,06.12.–12.12.,AfD,15
BT04181213X,GMS,2018-12-13,1005,06.12.–12.12.,BSW,NA
BT01181213P,Infratest dimap,2018-12-13,1048,11.12.–12.12.,CDUCSU,31
BT01181213P,Infratest dimap,2018-12-13,1048,11.12.–12.12.,SPD,15
BT01181213P,Infratest dimap,2018-12-13,1048,11.12.–12.12.,Gruene,20
BT01181213P,Infratest dimap,2018-12-13,1048,11.12.–12.12.,FDP,8
BT01181213P,Infratest dimap,2018-12-13,1048,11.12.–12.12.,Linke,8
BT01181213P,Infratest dimap,2018-12-13,1048,11.12.–12.12.,AfD,13
BT01181213P,Infratest dimap,2018-12-13,1048,11.12.–12.12.,BSW,NA
BT06181214H,Forschungsgruppe Wahlen,2018-12-14,1268,11.12.–13.12.,CDUCSU,30
BT06181214H,Forschungsgruppe Wahlen,2018-12-14,1268,11.12.–13.12.,SPD,15
BT06181214H,Forschungsgruppe Wahlen,2018-12-14,1268,11.12.–13.12.,Gruene,19
BT06181214H,Forschungsgruppe Wahlen,2018-12-14,1268,11.12.–13.12.,FDP,7
BT06181214H,Forschungsgruppe Wahlen,2018-12-14,1268,11.12.–13.12.,Linke,9
BT06181214H,Forschungsgruppe Wahlen,2018-12-14,1268,11.12.–13.12.,AfD,15
BT06181214H,Forschungsgruppe Wahlen,2018-12-14,1268,11.12.–13.12.,BSW,NA
BT03181215L,Verian,2018-12-15,1997,06.12.–12.12.,CDUCSU,30
BT03181215L,Verian,2018-12-15,1997,06.12.–12.12.,SPD,15
BT03181215L,Verian,2018-12-15,1997,06.12.–12.12.,Gruene,20
BT03181215L,Verian,2018-12-15,1997,06.12.–12.12.,FDP,8
BT03181215L,Verian,2018-12-15,1997,06.12.–12.12.,Linke,8
BT03181215L,Verian,2018-12-15,1997,06.12.–12.12.,AfD,14
BT03181215L,Verian,2018-12-15,1997,06.12.–12.12.,BSW,NA
BT02181215Y,Forsa,2018-12-15,2507,10.12.–14.12.,CDUCSU,32
BT02181215Y,Forsa,2018-12-15,2507,10.12.–14.12.,SPD,15
BT02181215Y,Forsa,2018-12-15,2507,10.12.–14.12.,Gruene,19
BT02181215Y,Forsa,2018-12-15,2507,10.12.–14.12.,FDP,8
BT02181215Y,Forsa,2018-12-15,2507,10.12.–14.12.,Linke,8
BT02181215Y,Forsa,2018-12-15,2507,10.12.–14.12.,AfD,12
BT02181215Y,Forsa,2018-12-15,2507,10.12.–14.12.,BSW,NA
BT09181220M,Allensbach,2018-12-20,1295,01.12.–12.12.,CDUCSU,29
BT09181220M,Allensbach,2018-12-20,1295,01.12.–12.12.,SPD,16.5
BT09181220M,Allensbach,2018-12-20,1295,01.12.–12.12.,Gruene,19
BT09181220M,Allensbach,2018-12-20,1295,01.12.–12.12.,FDP,8.5
BT09181220M,Allensbach,2018-12-20,1295,01.12.–12.12.,Linke,9
BT09181220M,Allensbach,2018-12-20,1295,01.12.–12.12.,AfD,14
BT09181220M,Allensbach,2018-12-20,1295,01.12.–12.12.,BSW,NA
BT03181222M,Verian,2018-12-22,1889,13.12.–19.12.,CDUCSU,29
BT03181222M,Verian,2018-12-22,1889,13.12.–19.12.,SPD,15
BT03181222M,Verian,2018-12-22,1889,13.12.–19.12.,Gruene,19
BT03181222M,Verian,2018-12-22,1889,13.12.–19.12.,FDP,9
BT03181222M,Verian,2018-12-22,1889,13.12.–19.12.,Linke,9
BT03181222M,Verian,2018-12-22,1889,13.12.–19.12.,AfD,14
BT03181222M,Verian,2018-12-22,1889,13.12.–19.12.,BSW,NA
BT02181222A,Forsa,2018-12-22,2504,17.12.–21.12.,CDUCSU,31
BT02181222A,Forsa,2018-12-22,2504,17.12.–21.12.,SPD,14
BT02181222A,Forsa,2018-12-22,2504,17.12.–21.12.,Gruene,20
BT02181222A,Forsa,2018-12-22,2504,17.12.–21.12.,FDP,8
BT02181222A,Forsa,2018-12-22,2504,17.12.–21.12.,Linke,8
BT02181222A,Forsa,2018-12-22,2504,17.12.–21.12.,AfD,13
BT02181222A,Forsa,2018-12-22,2504,17.12.–21.12.,BSW,NA
BT13181228S,YouGov,2018-12-28,1665,21.12.–27.12.,CDUCSU,30
BT13181228S,YouGov,2018-12-28,1665,21.12.–27.12.,SPD,16
BT13181228S,YouGov,2018-12-28,1665,21.12.–27.12.,Gruene,18
BT13181228S,YouGov,2018-12-28,1665,21.12.–27.12.,FDP,8
BT13181228S,YouGov,2018-12-28,1665,21.12.–27.12.,Linke,10
BT13181228S,YouGov,2018-12-28,1665,21.12.–27.12.,AfD,14
BT13181228S,YouGov,2018-12-28,1665,21.12.–27.12.,BSW,NA
BT02190105B,Forsa,2019-01-05,1503,02.01.–04.01.,CDUCSU,32
BT02190105B,Forsa,2019-01-05,1503,02.01.–04.01.,SPD,15
BT02190105B,Forsa,2019-01-05,1503,02.01.–04.01.,Gruene,19
BT02190105B,Forsa,2019-01-05,1503,02.01.–04.01.,FDP,8
BT02190105B,Forsa,2019-01-05,1503,02.01.–04.01.,Linke,9
BT02190105B,Forsa,2019-01-05,1503,02.01.–04.01.,AfD,12
BT02190105B,Forsa,2019-01-05,1503,02.01.–04.01.,BSW,NA
BT01190110Q,Infratest dimap,2019-01-10,1505,07.01.–09.01.,CDUCSU,29
BT01190110Q,Infratest dimap,2019-01-10,1505,07.01.–09.01.,SPD,15
BT01190110Q,Infratest dimap,2019-01-10,1505,07.01.–09.01.,Gruene,20
BT01190110Q,Infratest dimap,2019-01-10,1505,07.01.–09.01.,FDP,9
BT01190110Q,Infratest dimap,2019-01-10,1505,07.01.–09.01.,Linke,9
BT01190110Q,Infratest dimap,2019-01-10,1505,07.01.–09.01.,AfD,14
BT01190110Q,Infratest dimap,2019-01-10,1505,07.01.–09.01.,BSW,NA
BT06190111I,Forschungsgruppe Wahlen,2019-01-11,1267,08.01.–10.01.,CDUCSU,29
BT06190111I,Forschungsgruppe Wahlen,2019-01-11,1267,08.01.–10.01.,SPD,14
BT06190111I,Forschungsgruppe Wahlen,2019-01-11,1267,08.01.–10.01.,Gruene,21
BT06190111I,Forschungsgruppe Wahlen,2019-01-11,1267,08.01.–10.01.,FDP,8
BT06190111I,Forschungsgruppe Wahlen,2019-01-11,1267,08.01.–10.01.,Linke,9
BT06190111I,Forschungsgruppe Wahlen,2019-01-11,1267,08.01.–10.01.,AfD,14
BT06190111I,Forschungsgruppe Wahlen,2019-01-11,1267,08.01.–10.01.,BSW,NA
BT03190112N,Verian,2019-01-12,1964,03.01.–09.01.,CDUCSU,31
BT03190112N,Verian,2019-01-12,1964,03.01.–09.01.,SPD,15
BT03190112N,Verian,2019-01-12,1964,03.01.–09.01.,Gruene,18
BT03190112N,Verian,2019-01-12,1964,03.01.–09.01.,FDP,8
BT03190112N,Verian,2019-01-12,1964,03.01.–09.01.,Linke,9
BT03190112N,Verian,2019-01-12,1964,03.01.–09.01.,AfD,14
BT03190112N,Verian,2019-01-12,1964,03.01.–09.01.,BSW,NA
BT02190112C,Forsa,2019-01-12,2504,07.01.–11.01.,CDUCSU,32
BT02190112C,Forsa,2019-01-12,2504,07.01.–11.01.,SPD,15
BT02190112C,Forsa,2019-01-12,2504,07.01.–11.01.,Gruene,19
BT02190112C,Forsa,2019-01-12,2504,07.01.–11.01.,FDP,9
BT02190112C,Forsa,2019-01-12,2504,07.01.–11.01.,Linke,8
BT02190112C,Forsa,2019-01-12,2504,07.01.–11.01.,AfD,12
BT02190112C,Forsa,2019-01-12,2504,07.01.–11.01.,BSW,NA
BT03190119O,Verian,2019-01-19,1448,10.01.–16.01.,CDUCSU,30
BT03190119O,Verian,2019-01-19,1448,10.01.–16.01.,SPD,15
BT03190119O,Verian,2019-01-19,1448,10.01.–16.01.,Gruene,18
BT03190119O,Verian,2019-01-19,1448,10.01.–16.01.,FDP,8
BT03190119O,Verian,2019-01-19,1448,10.01.–16.01.,Linke,9
BT03190119O,Verian,2019-01-19,1448,10.01.–16.01.,AfD,14
BT03190119O,Verian,2019-01-19,1448,10.01.–16.01.,BSW,NA
BT02190119D,Forsa,2019-01-19,2503,14.01.–18.01.,CDUCSU,32
BT02190119D,Forsa,2019-01-19,2503,14.01.–18.01.,SPD,15
BT02190119D,Forsa,2019-01-19,2503,14.01.–18.01.,Gruene,19
BT02190119D,Forsa,2019-01-19,2503,14.01.–18.01.,FDP,9
BT02190119D,Forsa,2019-01-19,2503,14.01.–18.01.,Linke,8
BT02190119D,Forsa,2019-01-19,2503,14.01.–18.01.,AfD,12
BT02190119D,Forsa,2019-01-19,2503,14.01.–18.01.,BSW,NA
BT09190123N,Allensbach,2019-01-23,1249,05.01.–17.01.,CDUCSU,31.5
BT09190123N,Allensbach,2019-01-23,1249,05.01.–17.01.,SPD,16.5
BT09190123N,Allensbach,2019-01-23,1249,05.01.–17.01.,Gruene,18
BT09190123N,Allensbach,2019-01-23,1249,05.01.–17.01.,FDP,8.5
BT09190123N,Allensbach,2019-01-23,1249,05.01.–17.01.,Linke,8.5
BT09190123N,Allensbach,2019-01-23,1249,05.01.–17.01.,AfD,13
BT09190123N,Allensbach,2019-01-23,1249,05.01.–17.01.,BSW,NA
BT04190124Y,GMS,2019-01-24,1003,16.01.–23.01.,CDUCSU,31
BT04190124Y,GMS,2019-01-24,1003,16.01.–23.01.,SPD,14
BT04190124Y,GMS,2019-01-24,1003,16.01.–23.01.,Gruene,19
BT04190124Y,GMS,2019-01-24,1003,16.01.–23.01.,FDP,10
BT04190124Y,GMS,2019-01-24,1003,16.01.–23.01.,Linke,9
BT04190124Y,GMS,2019-01-24,1003,16.01.–23.01.,AfD,13
BT04190124Y,GMS,2019-01-24,1003,16.01.–23.01.,BSW,NA
BT01190124R,Infratest dimap,2019-01-24,1051,22.01.–23.01.,CDUCSU,28
BT01190124R,Infratest dimap,2019-01-24,1051,22.01.–23.01.,SPD,15
BT01190124R,Infratest dimap,2019-01-24,1051,22.01.–23.01.,Gruene,20
BT01190124R,Infratest dimap,2019-01-24,1051,22.01.–23.01.,FDP,9
BT01190124R,Infratest dimap,2019-01-24,1051,22.01.–23.01.,Linke,8
BT01190124R,Infratest dimap,2019-01-24,1051,22.01.–23.01.,AfD,15
BT01190124R,Infratest dimap,2019-01-24,1051,22.01.–23.01.,BSW,NA
BT06190125J,Forschungsgruppe Wahlen,2019-01-25,1285,22.01.–24.01.,CDUCSU,31
BT06190125J,Forschungsgruppe Wahlen,2019-01-25,1285,22.01.–24.01.,SPD,14
BT06190125J,Forschungsgruppe Wahlen,2019-01-25,1285,22.01.–24.01.,Gruene,20
BT06190125J,Forschungsgruppe Wahlen,2019-01-25,1285,22.01.–24.01.,FDP,8
BT06190125J,Forschungsgruppe Wahlen,2019-01-25,1285,22.01.–24.01.,Linke,9
BT06190125J,Forschungsgruppe Wahlen,2019-01-25,1285,22.01.–24.01.,AfD,13
BT06190125J,Forschungsgruppe Wahlen,2019-01-25,1285,22.01.–24.01.,BSW,NA
BT03190126P,Verian,2019-01-26,2017,17.01.–23.01.,CDUCSU,29
BT03190126P,Verian,2019-01-26,2017,17.01.–23.01.,SPD,16
BT03190126P,Verian,2019-01-26,2017,17.01.–23.01.,Gruene,19
BT03190126P,Verian,2019-01-26,2017,17.01.–23.01.,FDP,9
BT03190126P,Verian,2019-01-26,2017,17.01.–23.01.,Linke,9
BT03190126P,Verian,2019-01-26,2017,17.01.–23.01.,AfD,14
BT03190126P,Verian,2019-01-26,2017,17.01.–23.01.,BSW,NA
BT02190126E,Forsa,2019-01-26,2501,21.01.–25.01.,CDUCSU,32
BT02190126E,Forsa,2019-01-26,2501,21.01.–25.01.,SPD,14
BT02190126E,Forsa,2019-01-26,2501,21.01.–25.01.,Gruene,20
BT02190126E,Forsa,2019-01-26,2501,21.01.–25.01.,FDP,9
BT02190126E,Forsa,2019-01-26,2501,21.01.–25.01.,Linke,9
BT02190126E,Forsa,2019-01-26,2501,21.01.–25.01.,AfD,11
BT02190126E,Forsa,2019-01-26,2501,21.01.–25.01.,BSW,NA
BT13190131T,YouGov,2019-01-31,1578,25.01.–29.01.,CDUCSU,32
BT13190131T,YouGov,2019-01-31,1578,25.01.–29.01.,SPD,15
BT13190131T,YouGov,2019-01-31,1578,25.01.–29.01.,Gruene,18
BT13190131T,YouGov,2019-01-31,1578,25.01.–29.01.,FDP,8
BT13190131T,YouGov,2019-01-31,1578,25.01.–29.01.,Linke,9
BT13190131T,YouGov,2019-01-31,1578,25.01.–29.01.,AfD,14
BT13190131T,YouGov,2019-01-31,1578,25.01.–29.01.,BSW,NA
BT03190202Q,Verian,2019-02-02,1434,24.01.–30.01.,CDUCSU,29
BT03190202Q,Verian,2019-02-02,1434,24.01.–30.01.,SPD,16
BT03190202Q,Verian,2019-02-02,1434,24.01.–30.01.,Gruene,18
BT03190202Q,Verian,2019-02-02,1434,24.01.–30.01.,FDP,10
BT03190202Q,Verian,2019-02-02,1434,24.01.–30.01.,Linke,8
BT03190202Q,Verian,2019-02-02,1434,24.01.–30.01.,AfD,15
BT03190202Q,Verian,2019-02-02,1434,24.01.–30.01.,BSW,NA
BT02190202F,Forsa,2019-02-02,2501,28.01.–01.02.,CDUCSU,32
BT02190202F,Forsa,2019-02-02,2501,28.01.–01.02.,SPD,15
BT02190202F,Forsa,2019-02-02,2501,28.01.–01.02.,Gruene,19
BT02190202F,Forsa,2019-02-02,2501,28.01.–01.02.,FDP,9
BT02190202F,Forsa,2019-02-02,2501,28.01.–01.02.,Linke,8
BT02190202F,Forsa,2019-02-02,2501,28.01.–01.02.,AfD,12
BT02190202F,Forsa,2019-02-02,2501,28.01.–01.02.,BSW,NA
BT06190208K,Forschungsgruppe Wahlen,2019-02-08,1350,05.02.–07.02.,CDUCSU,30
BT06190208K,Forschungsgruppe Wahlen,2019-02-08,1350,05.02.–07.02.,SPD,16
BT06190208K,Forschungsgruppe Wahlen,2019-02-08,1350,05.02.–07.02.,Gruene,20
BT06190208K,Forschungsgruppe Wahlen,2019-02-08,1350,05.02.–07.02.,FDP,8
BT06190208K,Forschungsgruppe Wahlen,2019-02-08,1350,05.02.–07.02.,Linke,9
BT06190208K,Forschungsgruppe Wahlen,2019-02-08,1350,05.02.–07.02.,AfD,12
BT06190208K,Forschungsgruppe Wahlen,2019-02-08,1350,05.02.–07.02.,BSW,NA
BT03190209R,Verian,2019-02-09,1900,31.01.–06.02.,CDUCSU,30
BT03190209R,Verian,2019-02-09,1900,31.01.–06.02.,SPD,17
BT03190209R,Verian,2019-02-09,1900,31.01.–06.02.,Gruene,17
BT03190209R,Verian,2019-02-09,1900,31.01.–06.02.,FDP,9
BT03190209R,Verian,2019-02-09,1900,31.01.–06.02.,Linke,9
BT03190209R,Verian,2019-02-09,1900,31.01.–06.02.,AfD,13
BT03190209R,Verian,2019-02-09,1900,31.01.–06.02.,BSW,NA
BT02190209G,Forsa,2019-02-09,2500,04.02.–08.02.,CDUCSU,31
BT02190209G,Forsa,2019-02-09,2500,04.02.–08.02.,SPD,15
BT02190209G,Forsa,2019-02-09,2500,04.02.–08.02.,Gruene,19
BT02190209G,Forsa,2019-02-09,2500,04.02.–08.02.,FDP,10
BT02190209G,Forsa,2019-02-09,2500,04.02.–08.02.,Linke,8
BT02190209G,Forsa,2019-02-09,2500,04.02.–08.02.,AfD,12
BT02190209G,Forsa,2019-02-09,2500,04.02.–08.02.,BSW,NA
BT01190214S,Infratest dimap,2019-02-14,1503,11.02.–13.02.,CDUCSU,29
BT01190214S,Infratest dimap,2019-02-14,1503,11.02.–13.02.,SPD,17
BT01190214S,Infratest dimap,2019-02-14,1503,11.02.–13.02.,Gruene,19
BT01190214S,Infratest dimap,2019-02-14,1503,11.02.–13.02.,FDP,9
BT01190214S,Infratest dimap,2019-02-14,1503,11.02.–13.02.,Linke,8
BT01190214S,Infratest dimap,2019-02-14,1503,11.02.–13.02.,AfD,13
BT01190214S,Infratest dimap,2019-02-14,1503,11.02.–13.02.,BSW,NA
BT03190216S,Verian,2019-02-16,1891,07.02.–13.02.,CDUCSU,30
BT03190216S,Verian,2019-02-16,1891,07.02.–13.02.,SPD,19
BT03190216S,Verian,2019-02-16,1891,07.02.–13.02.,Gruene,15
BT03190216S,Verian,2019-02-16,1891,07.02.–13.02.,FDP,8
BT03190216S,Verian,2019-02-16,1891,07.02.–13.02.,Linke,10
BT03190216S,Verian,2019-02-16,1891,07.02.–13.02.,AfD,13
BT03190216S,Verian,2019-02-16,1891,07.02.–13.02.,BSW,NA
BT02190216H,Forsa,2019-02-16,2501,11.02.–15.02.,CDUCSU,29
BT02190216H,Forsa,2019-02-16,2501,11.02.–15.02.,SPD,17
BT02190216H,Forsa,2019-02-16,2501,11.02.–15.02.,Gruene,21
BT02190216H,Forsa,2019-02-16,2501,11.02.–15.02.,FDP,10
BT02190216H,Forsa,2019-02-16,2501,11.02.–15.02.,Linke,6
BT02190216H,Forsa,2019-02-16,2501,11.02.–15.02.,AfD,12
BT02190216H,Forsa,2019-02-16,2501,11.02.–15.02.,BSW,NA
BT09190219O,Allensbach,2019-02-19,1222,01.02.–13.02.,CDUCSU,30
BT09190219O,Allensbach,2019-02-19,1222,01.02.–13.02.,SPD,18
BT09190219O,Allensbach,2019-02-19,1222,01.02.–13.02.,Gruene,18.5
BT09190219O,Allensbach,2019-02-19,1222,01.02.–13.02.,FDP,8
BT09190219O,Allensbach,2019-02-19,1222,01.02.–13.02.,Linke,8
BT09190219O,Allensbach,2019-02-19,1222,01.02.–13.02.,AfD,13.5
BT09190219O,Allensbach,2019-02-19,1222,01.02.–13.02.,BSW,NA
BT01190221T,Infratest dimap,2019-02-21,1029,19.02.–20.02.,CDUCSU,30
BT01190221T,Infratest dimap,2019-02-21,1029,19.02.–20.02.,SPD,18
BT01190221T,Infratest dimap,2019-02-21,1029,19.02.–20.02.,Gruene,18
BT01190221T,Infratest dimap,2019-02-21,1029,19.02.–20.02.,FDP,8
BT01190221T,Infratest dimap,2019-02-21,1029,19.02.–20.02.,Linke,8
BT01190221T,Infratest dimap,2019-02-21,1029,19.02.–20.02.,AfD,12
BT01190221T,Infratest dimap,2019-02-21,1029,19.02.–20.02.,BSW,NA
BT06190222L,Forschungsgruppe Wahlen,2019-02-22,1266,19.02.–21.02.,CDUCSU,31
BT06190222L,Forschungsgruppe Wahlen,2019-02-22,1266,19.02.–21.02.,SPD,15
BT06190222L,Forschungsgruppe Wahlen,2019-02-22,1266,19.02.–21.02.,Gruene,20
BT06190222L,Forschungsgruppe Wahlen,2019-02-22,1266,19.02.–21.02.,FDP,7
BT06190222L,Forschungsgruppe Wahlen,2019-02-22,1266,19.02.–21.02.,Linke,9
BT06190222L,Forschungsgruppe Wahlen,2019-02-22,1266,19.02.–21.02.,AfD,13
BT06190222L,Forschungsgruppe Wahlen,2019-02-22,1266,19.02.–21.02.,BSW,NA
BT03190223T,Verian,2019-02-23,1511,14.02.–20.02.,CDUCSU,29
BT03190223T,Verian,2019-02-23,1511,14.02.–20.02.,SPD,19
BT03190223T,Verian,2019-02-23,1511,14.02.–20.02.,Gruene,16
BT03190223T,Verian,2019-02-23,1511,14.02.–20.02.,FDP,9
BT03190223T,Verian,2019-02-23,1511,14.02.–20.02.,Linke,9
BT03190223T,Verian,2019-02-23,1511,14.02.–20.02.,AfD,13
BT03190223T,Verian,2019-02-23,1511,14.02.–20.02.,BSW,NA
BT02190223I,Forsa,2019-02-23,2501,18.02.–22.02.,CDUCSU,30
BT02190223I,Forsa,2019-02-23,2501,18.02.–22.02.,SPD,16
BT02190223I,Forsa,2019-02-23,2501,18.02.–22.02.,Gruene,20
BT02190223I,Forsa,2019-02-23,2501,18.02.–22.02.,FDP,9
BT02190223I,Forsa,2019-02-23,2501,18.02.–22.02.,Linke,7
BT02190223I,Forsa,2019-02-23,2501,18.02.–22.02.,AfD,12
BT02190223I,Forsa,2019-02-23,2501,18.02.–22.02.,BSW,NA
BT13190227V,YouGov,2019-02-27,1620,22.02.–26.02.,CDUCSU,30
BT13190227V,YouGov,2019-02-27,1620,22.02.–26.02.,SPD,18
BT13190227V,YouGov,2019-02-27,1620,22.02.–26.02.,Gruene,17
BT13190227V,YouGov,2019-02-27,1620,22.02.–26.02.,FDP,9
BT13190227V,YouGov,2019-02-27,1620,22.02.–26.02.,Linke,9
BT13190227V,YouGov,2019-02-27,1620,22.02.–26.02.,AfD,13
BT13190227V,YouGov,2019-02-27,1620,22.02.–26.02.,BSW,NA
BT04190228A,GMS,2019-02-28,1005,21.02.–27.02.,CDUCSU,31
BT04190228A,GMS,2019-02-28,1005,21.02.–27.02.,SPD,16
BT04190228A,GMS,2019-02-28,1005,21.02.–27.02.,Gruene,18
BT04190228A,GMS,2019-02-28,1005,21.02.–27.02.,FDP,9
BT04190228A,GMS,2019-02-28,1005,21.02.–27.02.,Linke,9
BT04190228A,GMS,2019-02-28,1005,21.02.–27.02.,AfD,14
BT04190228A,GMS,2019-02-28,1005,21.02.–27.02.,BSW,NA
BT03190302U,Verian,2019-03-02,1420,21.02.–27.02.,CDUCSU,29
BT03190302U,Verian,2019-03-02,1420,21.02.–27.02.,SPD,18
BT03190302U,Verian,2019-03-02,1420,21.02.–27.02.,Gruene,16
BT03190302U,Verian,2019-03-02,1420,21.02.–27.02.,FDP,8
BT03190302U,Verian,2019-03-02,1420,21.02.–27.02.,Linke,10
BT03190302U,Verian,2019-03-02,1420,21.02.–27.02.,AfD,14
BT03190302U,Verian,2019-03-02,1420,21.02.–27.02.,BSW,NA
BT02190304J,Forsa,2019-03-04,2502,25.02.–01.03.,CDUCSU,30
BT02190304J,Forsa,2019-03-04,2502,25.02.–01.03.,SPD,16
BT02190304J,Forsa,2019-03-04,2502,25.02.–01.03.,Gruene,20
BT02190304J,Forsa,2019-03-04,2502,25.02.–01.03.,FDP,9
BT02190304J,Forsa,2019-03-04,2502,25.02.–01.03.,Linke,8
BT02190304J,Forsa,2019-03-04,2502,25.02.–01.03.,AfD,11
BT02190304J,Forsa,2019-03-04,2502,25.02.–01.03.,BSW,NA
BT03190309V,Verian,2019-03-09,1906,28.02.–06.03.,CDUCSU,31
BT03190309V,Verian,2019-03-09,1906,28.02.–06.03.,SPD,17
BT03190309V,Verian,2019-03-09,1906,28.02.–06.03.,Gruene,16
BT03190309V,Verian,2019-03-09,1906,28.02.–06.03.,FDP,8
BT03190309V,Verian,2019-03-09,1906,28.02.–06.03.,Linke,9
BT03190309V,Verian,2019-03-09,1906,28.02.–06.03.,AfD,14
BT03190309V,Verian,2019-03-09,1906,28.02.–06.03.,BSW,NA
BT02190309K,Forsa,2019-03-09,2501,04.03.–08.03.,CDUCSU,31
BT02190309K,Forsa,2019-03-09,2501,04.03.–08.03.,SPD,15
BT02190309K,Forsa,2019-03-09,2501,04.03.–08.03.,Gruene,19
BT02190309K,Forsa,2019-03-09,2501,04.03.–08.03.,FDP,9
BT02190309K,Forsa,2019-03-09,2501,04.03.–08.03.,Linke,8
BT02190309K,Forsa,2019-03-09,2501,04.03.–08.03.,AfD,12
BT02190309K,Forsa,2019-03-09,2501,04.03.–08.03.,BSW,NA
BT01190314U,Infratest dimap,2019-03-14,1508,11.03.–13.03.,CDUCSU,29
BT01190314U,Infratest dimap,2019-03-14,1508,11.03.–13.03.,SPD,17
BT01190314U,Infratest dimap,2019-03-14,1508,11.03.–13.03.,Gruene,19
BT01190314U,Infratest dimap,2019-03-14,1508,11.03.–13.03.,FDP,8
BT01190314U,Infratest dimap,2019-03-14,1508,11.03.–13.03.,Linke,9
BT01190314U,Infratest dimap,2019-03-14,1508,11.03.–13.03.,AfD,13
BT01190314U,Infratest dimap,2019-03-14,1508,11.03.–13.03.,BSW,NA
BT06190315M,Forschungsgruppe Wahlen,2019-03-15,1290,12.03.–14.03.,CDUCSU,31
BT06190315M,Forschungsgruppe Wahlen,2019-03-15,1290,12.03.–14.03.,SPD,16
BT06190315M,Forschungsgruppe Wahlen,2019-03-15,1290,12.03.–14.03.,Gruene,19
BT06190315M,Forschungsgruppe Wahlen,2019-03-15,1290,12.03.–14.03.,FDP,8
BT06190315M,Forschungsgruppe Wahlen,2019-03-15,1290,12.03.–14.03.,Linke,8
BT06190315M,Forschungsgruppe Wahlen,2019-03-15,1290,12.03.–14.03.,AfD,12
BT06190315M,Forschungsgruppe Wahlen,2019-03-15,1290,12.03.–14.03.,BSW,NA
BT03190316W,Verian,2019-03-16,1904,07.03.–13.03.,CDUCSU,31
BT03190316W,Verian,2019-03-16,1904,07.03.–13.03.,SPD,16
BT03190316W,Verian,2019-03-16,1904,07.03.–13.03.,Gruene,17
BT03190316W,Verian,2019-03-16,1904,07.03.–13.03.,FDP,8
BT03190316W,Verian,2019-03-16,1904,07.03.–13.03.,Linke,9
BT03190316W,Verian,2019-03-16,1904,07.03.–13.03.,AfD,13
BT03190316W,Verian,2019-03-16,1904,07.03.–13.03.,BSW,NA
BT02190316L,Forsa,2019-03-16,2505,11.03.–15.03.,CDUCSU,31
BT02190316L,Forsa,2019-03-16,2505,11.03.–15.03.,SPD,15
BT02190316L,Forsa,2019-03-16,2505,11.03.–15.03.,Gruene,19
BT02190316L,Forsa,2019-03-16,2505,11.03.–15.03.,FDP,10
BT02190316L,Forsa,2019-03-16,2505,11.03.–15.03.,Linke,7
BT02190316L,Forsa,2019-03-16,2505,11.03.–15.03.,AfD,12
BT02190316L,Forsa,2019-03-16,2505,11.03.–15.03.,BSW,NA
BT01190321V,Infratest dimap,2019-03-21,1041,19.03.–20.03.,CDUCSU,29
BT01190321V,Infratest dimap,2019-03-21,1041,19.03.–20.03.,SPD,18
BT01190321V,Infratest dimap,2019-03-21,1041,19.03.–20.03.,Gruene,19
BT01190321V,Infratest dimap,2019-03-21,1041,19.03.–20.03.,FDP,9
BT01190321V,Infratest dimap,2019-03-21,1041,19.03.–20.03.,Linke,8
BT01190321V,Infratest dimap,2019-03-21,1041,19.03.–20.03.,AfD,12
BT01190321V,Infratest dimap,2019-03-21,1041,19.03.–20.03.,BSW,NA
BT03190323X,Verian,2019-03-23,1518,14.03.–20.03.,CDUCSU,31
BT03190323X,Verian,2019-03-23,1518,14.03.–20.03.,SPD,17
BT03190323X,Verian,2019-03-23,1518,14.03.–20.03.,Gruene,17
BT03190323X,Verian,2019-03-23,1518,14.03.–20.03.,FDP,8
BT03190323X,Verian,2019-03-23,1518,14.03.–20.03.,Linke,8
BT03190323X,Verian,2019-03-23,1518,14.03.–20.03.,AfD,14
BT03190323X,Verian,2019-03-23,1518,14.03.–20.03.,BSW,NA
BT02190323M,Forsa,2019-03-23,2501,18.03.–22.03.,CDUCSU,30
BT02190323M,Forsa,2019-03-23,2501,18.03.–22.03.,SPD,16
BT02190323M,Forsa,2019-03-23,2501,18.03.–22.03.,Gruene,20
BT02190323M,Forsa,2019-03-23,2501,18.03.–22.03.,FDP,9
BT02190323M,Forsa,2019-03-23,2501,18.03.–22.03.,Linke,8
BT02190323M,Forsa,2019-03-23,2501,18.03.–22.03.,AfD,11
BT02190323M,Forsa,2019-03-23,2501,18.03.–22.03.,BSW,NA
BT09190327P,Allensbach,2019-03-27,1198,07.03.–21.03.,CDUCSU,30
BT09190327P,Allensbach,2019-03-27,1198,07.03.–21.03.,SPD,18
BT09190327P,Allensbach,2019-03-27,1198,07.03.–21.03.,Gruene,19
BT09190327P,Allensbach,2019-03-27,1198,07.03.–21.03.,FDP,8.5
BT09190327P,Allensbach,2019-03-27,1198,07.03.–21.03.,Linke,8.5
BT09190327P,Allensbach,2019-03-27,1198,07.03.–21.03.,AfD,12
BT09190327P,Allensbach,2019-03-27,1198,07.03.–21.03.,BSW,NA
BT06190328N,Forschungsgruppe Wahlen,2019-03-28,1325,25.03.–27.03.,CDUCSU,30
BT06190328N,Forschungsgruppe Wahlen,2019-03-28,1325,25.03.–27.03.,SPD,15
BT06190328N,Forschungsgruppe Wahlen,2019-03-28,1325,25.03.–27.03.,Gruene,19
BT06190328N,Forschungsgruppe Wahlen,2019-03-28,1325,25.03.–27.03.,FDP,9
BT06190328N,Forschungsgruppe Wahlen,2019-03-28,1325,25.03.–27.03.,Linke,9
BT06190328N,Forschungsgruppe Wahlen,2019-03-28,1325,25.03.–27.03.,AfD,13
BT06190328N,Forschungsgruppe Wahlen,2019-03-28,1325,25.03.–27.03.,BSW,NA
BT13190328A,YouGov,2019-03-28,1633,22.03.–26.03.,CDUCSU,30
BT13190328A,YouGov,2019-03-28,1633,22.03.–26.03.,SPD,18
BT13190328A,YouGov,2019-03-28,1633,22.03.–26.03.,Gruene,17
BT13190328A,YouGov,2019-03-28,1633,22.03.–26.03.,FDP,9
BT13190328A,YouGov,2019-03-28,1633,22.03.–26.03.,Linke,9
BT13190328A,YouGov,2019-03-28,1633,22.03.–26.03.,AfD,12
BT13190328A,YouGov,2019-03-28,1633,22.03.–26.03.,BSW,NA
BT03190330Y,Verian,2019-03-30,2361,21.03.–27.03.,CDUCSU,30
BT03190330Y,Verian,2019-03-30,2361,21.03.–27.03.,SPD,16
BT03190330Y,Verian,2019-03-30,2361,21.03.–27.03.,Gruene,17
BT03190330Y,Verian,2019-03-30,2361,21.03.–27.03.,FDP,9
BT03190330Y,Verian,2019-03-30,2361,21.03.–27.03.,Linke,9
BT03190330Y,Verian,2019-03-30,2361,21.03.–27.03.,AfD,13
BT03190330Y,Verian,2019-03-30,2361,21.03.–27.03.,BSW,NA
BT02190330N,Forsa,2019-03-30,2504,25.03.–29.03.,CDUCSU,28
BT02190330N,Forsa,2019-03-30,2504,25.03.–29.03.,SPD,16
BT02190330N,Forsa,2019-03-30,2504,25.03.–29.03.,Gruene,20
BT02190330N,Forsa,2019-03-30,2504,25.03.–29.03.,FDP,10
BT02190330N,Forsa,2019-03-30,2504,25.03.–29.03.,Linke,8
BT02190330N,Forsa,2019-03-30,2504,25.03.–29.03.,AfD,12
BT02190330N,Forsa,2019-03-30,2504,25.03.–29.03.,BSW,NA
BT04190404B,GMS,2019-04-04,1003,28.03.–03.04.,CDUCSU,30
BT04190404B,GMS,2019-04-04,1003,28.03.–03.04.,SPD,15
BT04190404B,GMS,2019-04-04,1003,28.03.–03.04.,Gruene,18
BT04190404B,GMS,2019-04-04,1003,28.03.–03.04.,FDP,10
BT04190404B,GMS,2019-04-04,1003,28.03.–03.04.,Linke,9
BT04190404B,GMS,2019-04-04,1003,28.03.–03.04.,AfD,13
BT04190404B,GMS,2019-04-04,1003,28.03.–03.04.,BSW,NA
BT01190404W,Infratest dimap,2019-04-04,1503,01.04.–03.04.,CDUCSU,29
BT01190404W,Infratest dimap,2019-04-04,1503,01.04.–03.04.,SPD,17
BT01190404W,Infratest dimap,2019-04-04,1503,01.04.–03.04.,Gruene,20
BT01190404W,Infratest dimap,2019-04-04,1503,01.04.–03.04.,FDP,9
BT01190404W,Infratest dimap,2019-04-04,1503,01.04.–03.04.,Linke,8
BT01190404W,Infratest dimap,2019-04-04,1503,01.04.–03.04.,AfD,12
BT01190404W,Infratest dimap,2019-04-04,1503,01.04.–03.04.,BSW,NA
BT03190406A,Verian,2019-04-06,2335,28.03.–03.04.,CDUCSU,31
BT03190406A,Verian,2019-04-06,2335,28.03.–03.04.,SPD,17
BT03190406A,Verian,2019-04-06,2335,28.03.–03.04.,Gruene,18
BT03190406A,Verian,2019-04-06,2335,28.03.–03.04.,FDP,8
BT03190406A,Verian,2019-04-06,2335,28.03.–03.04.,Linke,9
BT03190406A,Verian,2019-04-06,2335,28.03.–03.04.,AfD,12
BT03190406A,Verian,2019-04-06,2335,28.03.–03.04.,BSW,NA
BT02190406O,Forsa,2019-04-06,2501,01.04.–05.04.,CDUCSU,29
BT02190406O,Forsa,2019-04-06,2501,01.04.–05.04.,SPD,16
BT02190406O,Forsa,2019-04-06,2501,01.04.–05.04.,Gruene,20
BT02190406O,Forsa,2019-04-06,2501,01.04.–05.04.,FDP,10
BT02190406O,Forsa,2019-04-06,2501,01.04.–05.04.,Linke,8
BT02190406O,Forsa,2019-04-06,2501,01.04.–05.04.,AfD,12
BT02190406O,Forsa,2019-04-06,2501,01.04.–05.04.,BSW,NA
BT06190412O,Forschungsgruppe Wahlen,2019-04-12,1282,09.04.–11.04.,CDUCSU,28
BT06190412O,Forschungsgruppe Wahlen,2019-04-12,1282,09.04.–11.04.,SPD,17
BT06190412O,Forschungsgruppe Wahlen,2019-04-12,1282,09.04.–11.04.,Gruene,20
BT06190412O,Forschungsgruppe Wahlen,2019-04-12,1282,09.04.–11.04.,FDP,8
BT06190412O,Forschungsgruppe Wahlen,2019-04-12,1282,09.04.–11.04.,Linke,9
BT06190412O,Forschungsgruppe Wahlen,2019-04-12,1282,09.04.–11.04.,AfD,13
BT06190412O,Forschungsgruppe Wahlen,2019-04-12,1282,09.04.–11.04.,BSW,NA
BT03190413B,Verian,2019-04-13,2559,04.04.–10.04.,CDUCSU,30
BT03190413B,Verian,2019-04-13,2559,04.04.–10.04.,SPD,17
BT03190413B,Verian,2019-04-13,2559,04.04.–10.04.,Gruene,17
BT03190413B,Verian,2019-04-13,2559,04.04.–10.04.,FDP,9
BT03190413B,Verian,2019-04-13,2559,04.04.–10.04.,Linke,9
BT03190413B,Verian,2019-04-13,2559,04.04.–10.04.,AfD,12
BT03190413B,Verian,2019-04-13,2559,04.04.–10.04.,BSW,NA
BT02190413P,Forsa,2019-04-13,2501,08.04.–12.04.,CDUCSU,29
BT02190413P,Forsa,2019-04-13,2501,08.04.–12.04.,SPD,16
BT02190413P,Forsa,2019-04-13,2501,08.04.–12.04.,Gruene,19
BT02190413P,Forsa,2019-04-13,2501,08.04.–12.04.,FDP,10
BT02190413P,Forsa,2019-04-13,2501,08.04.–12.04.,Linke,8
BT02190413P,Forsa,2019-04-13,2501,08.04.–12.04.,AfD,12
BT02190413P,Forsa,2019-04-13,2501,08.04.–12.04.,BSW,NA
BT01190417X,Infratest dimap,2019-04-17,1051,15.04.–16.04.,CDUCSU,29
BT01190417X,Infratest dimap,2019-04-17,1051,15.04.–16.04.,SPD,16
BT01190417X,Infratest dimap,2019-04-17,1051,15.04.–16.04.,Gruene,21
BT01190417X,Infratest dimap,2019-04-17,1051,15.04.–16.04.,FDP,8
BT01190417X,Infratest dimap,2019-04-17,1051,15.04.–16.04.,Linke,8
BT01190417X,Infratest dimap,2019-04-17,1051,15.04.–16.04.,AfD,13
BT01190417X,Infratest dimap,2019-04-17,1051,15.04.–16.04.,BSW,NA
BT09190418Q,Allensbach,2019-04-18,1305,01.04.–12.04.,CDUCSU,30
BT09190418Q,Allensbach,2019-04-18,1305,01.04.–12.04.,SPD,18.5
BT09190418Q,Allensbach,2019-04-18,1305,01.04.–12.04.,Gruene,18
BT09190418Q,Allensbach,2019-04-18,1305,01.04.–12.04.,FDP,9
BT09190418Q,Allensbach,2019-04-18,1305,01.04.–12.04.,Linke,8
BT09190418Q,Allensbach,2019-04-18,1305,01.04.–12.04.,AfD,12.5
BT09190418Q,Allensbach,2019-04-18,1305,01.04.–12.04.,BSW,NA
BT03190420C,Verian,2019-04-20,2709,11.04.–17.04.,CDUCSU,28
BT03190420C,Verian,2019-04-20,2709,11.04.–17.04.,SPD,18
BT03190420C,Verian,2019-04-20,2709,11.04.–17.04.,Gruene,19
BT03190420C,Verian,2019-04-20,2709,11.04.–17.04.,FDP,8
BT03190420C,Verian,2019-04-20,2709,11.04.–17.04.,Linke,9
BT03190420C,Verian,2019-04-20,2709,11.04.–17.04.,AfD,13
BT03190420C,Verian,2019-04-20,2709,11.04.–17.04.,BSW,NA
BT02190422Q,Forsa,2019-04-22,2004,15.04.–18.04.,CDUCSU,28
BT02190422Q,Forsa,2019-04-22,2004,15.04.–18.04.,SPD,17
BT02190422Q,Forsa,2019-04-22,2004,15.04.–18.04.,Gruene,19
BT02190422Q,Forsa,2019-04-22,2004,15.04.–18.04.,FDP,9
BT02190422Q,Forsa,2019-04-22,2004,15.04.–18.04.,Linke,8
BT02190422Q,Forsa,2019-04-22,2004,15.04.–18.04.,AfD,13
BT02190422Q,Forsa,2019-04-22,2004,15.04.–18.04.,BSW,NA
BT03190427D,Verian,2019-04-27,1433,18.04.–24.04.,CDUCSU,28
BT03190427D,Verian,2019-04-27,1433,18.04.–24.04.,SPD,17
BT03190427D,Verian,2019-04-27,1433,18.04.–24.04.,Gruene,18
BT03190427D,Verian,2019-04-27,1433,18.04.–24.04.,FDP,9
BT03190427D,Verian,2019-04-27,1433,18.04.–24.04.,Linke,10
BT03190427D,Verian,2019-04-27,1433,18.04.–24.04.,AfD,13
BT03190427D,Verian,2019-04-27,1433,18.04.–24.04.,BSW,NA
BT02190429R,Forsa,2019-04-29,2009,18.04.–24.04.,CDUCSU,27
BT02190429R,Forsa,2019-04-29,2009,18.04.–24.04.,SPD,17
BT02190429R,Forsa,2019-04-29,2009,18.04.–24.04.,Gruene,20
BT02190429R,Forsa,2019-04-29,2009,18.04.–24.04.,FDP,8
BT02190429R,Forsa,2019-04-29,2009,18.04.–24.04.,Linke,9
BT02190429R,Forsa,2019-04-29,2009,18.04.–24.04.,AfD,13
BT02190429R,Forsa,2019-04-29,2009,18.04.–24.04.,BSW,NA
BT01190502Y,Infratest dimap,2019-05-02,1505,29.04.–30.04.,CDUCSU,28
BT01190502Y,Infratest dimap,2019-05-02,1505,29.04.–30.04.,SPD,18
BT01190502Y,Infratest dimap,2019-05-02,1505,29.04.–30.04.,Gruene,20
BT01190502Y,Infratest dimap,2019-05-02,1505,29.04.–30.04.,FDP,8
BT01190502Y,Infratest dimap,2019-05-02,1505,29.04.–30.04.,Linke,9
BT01190502Y,Infratest dimap,2019-05-02,1505,29.04.–30.04.,AfD,12
BT01190502Y,Infratest dimap,2019-05-02,1505,29.04.–30.04.,BSW,NA
BT13190503C,YouGov,2019-05-03,1642,26.04.–29.04.,CDUCSU,29
BT13190503C,YouGov,2019-05-03,1642,26.04.–29.04.,SPD,18
BT13190503C,YouGov,2019-05-03,1642,26.04.–29.04.,Gruene,17
BT13190503C,YouGov,2019-05-03,1642,26.04.–29.04.,FDP,9
BT13190503C,YouGov,2019-05-03,1642,26.04.–29.04.,Linke,9
BT13190503C,YouGov,2019-05-03,1642,26.04.–29.04.,AfD,13
BT13190503C,YouGov,2019-05-03,1642,26.04.–29.04.,BSW,NA
BT03190504E,Verian,2019-05-04,1903,25.04.–30.04.,CDUCSU,28
BT03190504E,Verian,2019-05-04,1903,25.04.–30.04.,SPD,17
BT03190504E,Verian,2019-05-04,1903,25.04.–30.04.,Gruene,19
BT03190504E,Verian,2019-05-04,1903,25.04.–30.04.,FDP,9
BT03190504E,Verian,2019-05-04,1903,25.04.–30.04.,Linke,9
BT03190504E,Verian,2019-05-04,1903,25.04.–30.04.,AfD,13
BT03190504E,Verian,2019-05-04,1903,25.04.–30.04.,BSW,NA
BT02190506S,Forsa,2019-05-06,2002,29.04.–03.05.,CDUCSU,29
BT02190506S,Forsa,2019-05-06,2002,29.04.–03.05.,SPD,15
BT02190506S,Forsa,2019-05-06,2002,29.04.–03.05.,Gruene,20
BT02190506S,Forsa,2019-05-06,2002,29.04.–03.05.,FDP,8
BT02190506S,Forsa,2019-05-06,2002,29.04.–03.05.,Linke,9
BT02190506S,Forsa,2019-05-06,2002,29.04.–03.05.,AfD,13
BT02190506S,Forsa,2019-05-06,2002,29.04.–03.05.,BSW,NA
BT04190509C,GMS,2019-05-09,1006,02.05.–08.05.,CDUCSU,29
BT04190509C,GMS,2019-05-09,1006,02.05.–08.05.,SPD,17
BT04190509C,GMS,2019-05-09,1006,02.05.–08.05.,Gruene,19
BT04190509C,GMS,2019-05-09,1006,02.05.–08.05.,FDP,8
BT04190509C,GMS,2019-05-09,1006,02.05.–08.05.,Linke,9
BT04190509C,GMS,2019-05-09,1006,02.05.–08.05.,AfD,13
BT04190509C,GMS,2019-05-09,1006,02.05.–08.05.,BSW,NA
BT06190510P,Forschungsgruppe Wahlen,2019-05-10,1357,07.05.–09.05.,CDUCSU,30
BT06190510P,Forschungsgruppe Wahlen,2019-05-10,1357,07.05.–09.05.,SPD,16
BT06190510P,Forschungsgruppe Wahlen,2019-05-10,1357,07.05.–09.05.,Gruene,20
BT06190510P,Forschungsgruppe Wahlen,2019-05-10,1357,07.05.–09.05.,FDP,7
BT06190510P,Forschungsgruppe Wahlen,2019-05-10,1357,07.05.–09.05.,Linke,8
BT06190510P,Forschungsgruppe Wahlen,2019-05-10,1357,07.05.–09.05.,AfD,14
BT06190510P,Forschungsgruppe Wahlen,2019-05-10,1357,07.05.–09.05.,BSW,NA
BT03190511F,Verian,2019-05-11,2393,02.05.–08.05.,CDUCSU,29
BT03190511F,Verian,2019-05-11,2393,02.05.–08.05.,SPD,16
BT03190511F,Verian,2019-05-11,2393,02.05.–08.05.,Gruene,19
BT03190511F,Verian,2019-05-11,2393,02.05.–08.05.,FDP,9
BT03190511F,Verian,2019-05-11,2393,02.05.–08.05.,Linke,9
BT03190511F,Verian,2019-05-11,2393,02.05.–08.05.,AfD,13
BT03190511F,Verian,2019-05-11,2393,02.05.–08.05.,BSW,NA
BT02190513T,Forsa,2019-05-13,2502,06.05.–10.05.,CDUCSU,30
BT02190513T,Forsa,2019-05-13,2502,06.05.–10.05.,SPD,15
BT02190513T,Forsa,2019-05-13,2502,06.05.–10.05.,Gruene,20
BT02190513T,Forsa,2019-05-13,2502,06.05.–10.05.,FDP,8
BT02190513T,Forsa,2019-05-13,2502,06.05.–10.05.,Linke,8
BT02190513T,Forsa,2019-05-13,2502,06.05.–10.05.,AfD,13
BT02190513T,Forsa,2019-05-13,2502,06.05.–10.05.,BSW,NA
BT03190518G,Verian,2019-05-18,1975,09.05.–15.05.,CDUCSU,29
BT03190518G,Verian,2019-05-18,1975,09.05.–15.05.,SPD,16
BT03190518G,Verian,2019-05-18,1975,09.05.–15.05.,Gruene,18
BT03190518G,Verian,2019-05-18,1975,09.05.–15.05.,FDP,9
BT03190518G,Verian,2019-05-18,1975,09.05.–15.05.,Linke,9
BT03190518G,Verian,2019-05-18,1975,09.05.–15.05.,AfD,13
BT03190518G,Verian,2019-05-18,1975,09.05.–15.05.,BSW,NA
BT02190520U,Forsa,2019-05-20,2503,13.05.–17.05.,CDUCSU,29
BT02190520U,Forsa,2019-05-20,2503,13.05.–17.05.,SPD,16
BT02190520U,Forsa,2019-05-20,2503,13.05.–17.05.,Gruene,19
BT02190520U,Forsa,2019-05-20,2503,13.05.–17.05.,FDP,8
BT02190520U,Forsa,2019-05-20,2503,13.05.–17.05.,Linke,9
BT02190520U,Forsa,2019-05-20,2503,13.05.–17.05.,AfD,13
BT02190520U,Forsa,2019-05-20,2503,13.05.–17.05.,BSW,NA
BT09190523R,Allensbach,2019-05-23,1283,03.05.–16.05.,CDUCSU,30
BT09190523R,Allensbach,2019-05-23,1283,03.05.–16.05.,SPD,17.5
BT09190523R,Allensbach,2019-05-23,1283,03.05.–16.05.,Gruene,17
BT09190523R,Allensbach,2019-05-23,1283,03.05.–16.05.,FDP,9
BT09190523R,Allensbach,2019-05-23,1283,03.05.–16.05.,Linke,8.5
BT09190523R,Allensbach,2019-05-23,1283,03.05.–16.05.,AfD,13
BT09190523R,Allensbach,2019-05-23,1283,03.05.–16.05.,BSW,NA
BT13190523D,YouGov,2019-05-23,1609,17.05.–21.05.,CDUCSU,29
BT13190523D,YouGov,2019-05-23,1609,17.05.–21.05.,SPD,18
BT13190523D,YouGov,2019-05-23,1609,17.05.–21.05.,Gruene,18
BT13190523D,YouGov,2019-05-23,1609,17.05.–21.05.,FDP,8
BT13190523D,YouGov,2019-05-23,1609,17.05.–21.05.,Linke,9
BT13190523D,YouGov,2019-05-23,1609,17.05.–21.05.,AfD,12
BT13190523D,YouGov,2019-05-23,1609,17.05.–21.05.,BSW,NA
BT03190525H,Verian,2019-05-25,1895,16.05.–22.05.,CDUCSU,29
BT03190525H,Verian,2019-05-25,1895,16.05.–22.05.,SPD,17
BT03190525H,Verian,2019-05-25,1895,16.05.–22.05.,Gruene,17
BT03190525H,Verian,2019-05-25,1895,16.05.–22.05.,FDP,9
BT03190525H,Verian,2019-05-25,1895,16.05.–22.05.,Linke,9
BT03190525H,Verian,2019-05-25,1895,16.05.–22.05.,AfD,13
BT03190525H,Verian,2019-05-25,1895,16.05.–22.05.,BSW,NA
BT02190527V,Forsa,2019-05-27,2500,20.05.–24.05.,CDUCSU,28
BT02190527V,Forsa,2019-05-27,2500,20.05.–24.05.,SPD,17
BT02190527V,Forsa,2019-05-27,2500,20.05.–24.05.,Gruene,18
BT02190527V,Forsa,2019-05-27,2500,20.05.–24.05.,FDP,8
BT02190527V,Forsa,2019-05-27,2500,20.05.–24.05.,Linke,8
BT02190527V,Forsa,2019-05-27,2500,20.05.–24.05.,AfD,13
BT02190527V,Forsa,2019-05-27,2500,20.05.–24.05.,BSW,NA
BT03190601I,Verian,2019-06-01,1413,23.05.–28.05.,CDUCSU,28
BT03190601I,Verian,2019-06-01,1413,23.05.–28.05.,SPD,16
BT03190601I,Verian,2019-06-01,1413,23.05.–28.05.,Gruene,20
BT03190601I,Verian,2019-06-01,1413,23.05.–28.05.,FDP,8
BT03190601I,Verian,2019-06-01,1413,23.05.–28.05.,Linke,8
BT03190601I,Verian,2019-06-01,1413,23.05.–28.05.,AfD,13
BT03190601I,Verian,2019-06-01,1413,23.05.–28.05.,BSW,NA
BT02190601W,Forsa,2019-06-01,2001,27.05.–31.05.,CDUCSU,26
BT02190601W,Forsa,2019-06-01,2001,27.05.–31.05.,SPD,12
BT02190601W,Forsa,2019-06-01,2001,27.05.–31.05.,Gruene,27
BT02190601W,Forsa,2019-06-01,2001,27.05.–31.05.,FDP,8
BT02190601W,Forsa,2019-06-01,2001,27.05.–31.05.,Linke,7
BT02190601W,Forsa,2019-06-01,2001,27.05.–31.05.,AfD,11
BT02190601W,Forsa,2019-06-01,2001,27.05.–31.05.,BSW,NA
BT06190606Q,Forschungsgruppe Wahlen,2019-06-06,1297,03.06.–05.06.,CDUCSU,27
BT06190606Q,Forschungsgruppe Wahlen,2019-06-06,1297,03.06.–05.06.,SPD,13
BT06190606Q,Forschungsgruppe Wahlen,2019-06-06,1297,03.06.–05.06.,Gruene,26
BT06190606Q,Forschungsgruppe Wahlen,2019-06-06,1297,03.06.–05.06.,FDP,7
BT06190606Q,Forschungsgruppe Wahlen,2019-06-06,1297,03.06.–05.06.,Linke,7
BT06190606Q,Forschungsgruppe Wahlen,2019-06-06,1297,03.06.–05.06.,AfD,13
BT06190606Q,Forschungsgruppe Wahlen,2019-06-06,1297,03.06.–05.06.,BSW,NA
BT01190606A,Infratest dimap,2019-06-06,1500,03.06.–05.06.,CDUCSU,25
BT01190606A,Infratest dimap,2019-06-06,1500,03.06.–05.06.,SPD,12
BT01190606A,Infratest dimap,2019-06-06,1500,03.06.–05.06.,Gruene,26
BT01190606A,Infratest dimap,2019-06-06,1500,03.06.–05.06.,FDP,8
BT01190606A,Infratest dimap,2019-06-06,1500,03.06.–05.06.,Linke,7
BT01190606A,Infratest dimap,2019-06-06,1500,03.06.–05.06.,AfD,13
BT01190606A,Infratest dimap,2019-06-06,1500,03.06.–05.06.,BSW,NA
BT03190608J,Verian,2019-06-08,1903,29.05.–05.06.,CDUCSU,27
BT03190608J,Verian,2019-06-08,1903,29.05.–05.06.,SPD,12
BT03190608J,Verian,2019-06-08,1903,29.05.–05.06.,Gruene,27
BT03190608J,Verian,2019-06-08,1903,29.05.–05.06.,FDP,8
BT03190608J,Verian,2019-06-08,1903,29.05.–05.06.,Linke,7
BT03190608J,Verian,2019-06-08,1903,29.05.–05.06.,AfD,12
BT03190608J,Verian,2019-06-08,1903,29.05.–05.06.,BSW,NA
BT02190608X,Forsa,2019-06-08,2501,03.06.–07.06.,CDUCSU,24
BT02190608X,Forsa,2019-06-08,2501,03.06.–07.06.,SPD,12
BT02190608X,Forsa,2019-06-08,2501,03.06.–07.06.,Gruene,27
BT02190608X,Forsa,2019-06-08,2501,03.06.–07.06.,FDP,8
BT02190608X,Forsa,2019-06-08,2501,03.06.–07.06.,Linke,8
BT02190608X,Forsa,2019-06-08,2501,03.06.–07.06.,AfD,12
BT02190608X,Forsa,2019-06-08,2501,03.06.–07.06.,BSW,NA
BT03190615K,Verian,2019-06-15,2377,06.06.–12.06.,CDUCSU,25
BT03190615K,Verian,2019-06-15,2377,06.06.–12.06.,SPD,12
BT03190615K,Verian,2019-06-15,2377,06.06.–12.06.,Gruene,27
BT03190615K,Verian,2019-06-15,2377,06.06.–12.06.,FDP,8
BT03190615K,Verian,2019-06-15,2377,06.06.–12.06.,Linke,8
BT03190615K,Verian,2019-06-15,2377,06.06.–12.06.,AfD,13
BT03190615K,Verian,2019-06-15,2377,06.06.–12.06.,BSW,NA
BT02190615Y,Forsa,2019-06-15,2001,11.06.–14.06.,CDUCSU,24
BT02190615Y,Forsa,2019-06-15,2001,11.06.–14.06.,SPD,11
BT02190615Y,Forsa,2019-06-15,2001,11.06.–14.06.,Gruene,27
BT02190615Y,Forsa,2019-06-15,2001,11.06.–14.06.,FDP,9
BT02190615Y,Forsa,2019-06-15,2001,11.06.–14.06.,Linke,8
BT02190615Y,Forsa,2019-06-15,2001,11.06.–14.06.,AfD,13
BT02190615Y,Forsa,2019-06-15,2001,11.06.–14.06.,BSW,NA
BT09190621S,Allensbach,2019-06-21,1273,01.06.–12.06.,CDUCSU,29
BT09190621S,Allensbach,2019-06-21,1273,01.06.–12.06.,SPD,12
BT09190621S,Allensbach,2019-06-21,1273,01.06.–12.06.,Gruene,25
BT09190621S,Allensbach,2019-06-21,1273,01.06.–12.06.,FDP,8
BT09190621S,Allensbach,2019-06-21,1273,01.06.–12.06.,Linke,8
BT09190621S,Allensbach,2019-06-21,1273,01.06.–12.06.,AfD,12
BT09190621S,Allensbach,2019-06-21,1273,01.06.–12.06.,BSW,NA
BT06190621R,Forschungsgruppe Wahlen,2019-06-21,1291,17.06.–19.06.,CDUCSU,27
BT06190621R,Forschungsgruppe Wahlen,2019-06-21,1291,17.06.–19.06.,SPD,14
BT06190621R,Forschungsgruppe Wahlen,2019-06-21,1291,17.06.–19.06.,Gruene,26
BT06190621R,Forschungsgruppe Wahlen,2019-06-21,1291,17.06.–19.06.,FDP,7
BT06190621R,Forschungsgruppe Wahlen,2019-06-21,1291,17.06.–19.06.,Linke,7
BT06190621R,Forschungsgruppe Wahlen,2019-06-21,1291,17.06.–19.06.,AfD,13
BT06190621R,Forschungsgruppe Wahlen,2019-06-21,1291,17.06.–19.06.,BSW,NA
BT03190622L,Verian,2019-06-22,1910,13.06.–18.06.,CDUCSU,27
BT03190622L,Verian,2019-06-22,1910,13.06.–18.06.,SPD,12
BT03190622L,Verian,2019-06-22,1910,13.06.–18.06.,Gruene,25
BT03190622L,Verian,2019-06-22,1910,13.06.–18.06.,FDP,7
BT03190622L,Verian,2019-06-22,1910,13.06.–18.06.,Linke,8
BT03190622L,Verian,2019-06-22,1910,13.06.–18.06.,AfD,14
BT03190622L,Verian,2019-06-22,1910,13.06.–18.06.,BSW,NA
BT02190622A,Forsa,2019-06-22,2500,17.06.–21.06.,CDUCSU,24
BT02190622A,Forsa,2019-06-22,2500,17.06.–21.06.,SPD,12
BT02190622A,Forsa,2019-06-22,2500,17.06.–21.06.,Gruene,27
BT02190622A,Forsa,2019-06-22,2500,17.06.–21.06.,FDP,8
BT02190622A,Forsa,2019-06-22,2500,17.06.–21.06.,Linke,8
BT02190622A,Forsa,2019-06-22,2500,17.06.–21.06.,AfD,13
BT02190622A,Forsa,2019-06-22,2500,17.06.–21.06.,BSW,NA
BT04190625D,GMS,2019-06-25,1004,18.06.–24.06.,CDUCSU,26
BT04190625D,GMS,2019-06-25,1004,18.06.–24.06.,SPD,13
BT04190625D,GMS,2019-06-25,1004,18.06.–24.06.,Gruene,26
BT04190625D,GMS,2019-06-25,1004,18.06.–24.06.,FDP,8
BT04190625D,GMS,2019-06-25,1004,18.06.–24.06.,Linke,8
BT04190625D,GMS,2019-06-25,1004,18.06.–24.06.,AfD,13
BT04190625D,GMS,2019-06-25,1004,18.06.–24.06.,BSW,NA
BT01190627B,Infratest dimap,2019-06-27,1051,24.06.–26.06.,CDUCSU,26
BT01190627B,Infratest dimap,2019-06-27,1051,24.06.–26.06.,SPD,13
BT01190627B,Infratest dimap,2019-06-27,1051,24.06.–26.06.,Gruene,25
BT01190627B,Infratest dimap,2019-06-27,1051,24.06.–26.06.,FDP,9
BT01190627B,Infratest dimap,2019-06-27,1051,24.06.–26.06.,Linke,7
BT01190627B,Infratest dimap,2019-06-27,1051,24.06.–26.06.,AfD,12
BT01190627B,Infratest dimap,2019-06-27,1051,24.06.–26.06.,BSW,NA
BT03190629M,Verian,2019-06-29,1906,21.06.–26.06.,CDUCSU,26
BT03190629M,Verian,2019-06-29,1906,21.06.–26.06.,SPD,13
BT03190629M,Verian,2019-06-29,1906,21.06.–26.06.,Gruene,25
BT03190629M,Verian,2019-06-29,1906,21.06.–26.06.,FDP,8
BT03190629M,Verian,2019-06-29,1906,21.06.–26.06.,Linke,8
BT03190629M,Verian,2019-06-29,1906,21.06.–26.06.,AfD,14
BT03190629M,Verian,2019-06-29,1906,21.06.–26.06.,BSW,NA
BT02190629B,Forsa,2019-06-29,2501,24.06.–28.06.,CDUCSU,26
BT02190629B,Forsa,2019-06-29,2501,24.06.–28.06.,SPD,12
BT02190629B,Forsa,2019-06-29,2501,24.06.–28.06.,Gruene,26
BT02190629B,Forsa,2019-06-29,2501,24.06.–28.06.,FDP,8
BT02190629B,Forsa,2019-06-29,2501,24.06.–28.06.,Linke,8
BT02190629B,Forsa,2019-06-29,2501,24.06.–28.06.,AfD,12
BT02190629B,Forsa,2019-06-29,2501,24.06.–28.06.,BSW,NA
BT13190703E,YouGov,2019-07-03,1644,28.06.–02.07.,CDUCSU,26
BT13190703E,YouGov,2019-07-03,1644,28.06.–02.07.,SPD,13
BT13190703E,YouGov,2019-07-03,1644,28.06.–02.07.,Gruene,25
BT13190703E,YouGov,2019-07-03,1644,28.06.–02.07.,FDP,7
BT13190703E,YouGov,2019-07-03,1644,28.06.–02.07.,Linke,8
BT13190703E,YouGov,2019-07-03,1644,28.06.–02.07.,AfD,13
BT13190703E,YouGov,2019-07-03,1644,28.06.–02.07.,BSW,NA
BT01190704C,Infratest dimap,2019-07-04,1506,01.07.–03.07.,CDUCSU,25
BT01190704C,Infratest dimap,2019-07-04,1506,01.07.–03.07.,SPD,13
BT01190704C,Infratest dimap,2019-07-04,1506,01.07.–03.07.,Gruene,26
BT01190704C,Infratest dimap,2019-07-04,1506,01.07.–03.07.,FDP,8
BT01190704C,Infratest dimap,2019-07-04,1506,01.07.–03.07.,Linke,8
BT01190704C,Infratest dimap,2019-07-04,1506,01.07.–03.07.,AfD,13
BT01190704C,Infratest dimap,2019-07-04,1506,01.07.–03.07.,BSW,NA
BT03190706N,Verian,2019-07-06,2389,27.06.–03.07.,CDUCSU,26
BT03190706N,Verian,2019-07-06,2389,27.06.–03.07.,SPD,13
BT03190706N,Verian,2019-07-06,2389,27.06.–03.07.,Gruene,24
BT03190706N,Verian,2019-07-06,2389,27.06.–03.07.,FDP,7
BT03190706N,Verian,2019-07-06,2389,27.06.–03.07.,Linke,9
BT03190706N,Verian,2019-07-06,2389,27.06.–03.07.,AfD,14
BT03190706N,Verian,2019-07-06,2389,27.06.–03.07.,BSW,NA
BT02190706C,Forsa,2019-07-06,2501,01.07.–05.07.,CDUCSU,26
BT02190706C,Forsa,2019-07-06,2501,01.07.–05.07.,SPD,12
BT02190706C,Forsa,2019-07-06,2501,01.07.–05.07.,Gruene,26
BT02190706C,Forsa,2019-07-06,2501,01.07.–05.07.,FDP,8
BT02190706C,Forsa,2019-07-06,2501,01.07.–05.07.,Linke,8
BT02190706C,Forsa,2019-07-06,2501,01.07.–05.07.,AfD,12
BT02190706C,Forsa,2019-07-06,2501,01.07.–05.07.,BSW,NA
BT03190713O,Verian,2019-07-13,2377,04.07.–10.07.,CDUCSU,26
BT03190713O,Verian,2019-07-13,2377,04.07.–10.07.,SPD,15
BT03190713O,Verian,2019-07-13,2377,04.07.–10.07.,Gruene,24
BT03190713O,Verian,2019-07-13,2377,04.07.–10.07.,FDP,8
BT03190713O,Verian,2019-07-13,2377,04.07.–10.07.,Linke,9
BT03190713O,Verian,2019-07-13,2377,04.07.–10.07.,AfD,13
BT03190713O,Verian,2019-07-13,2377,04.07.–10.07.,BSW,NA
BT02190713D,Forsa,2019-07-13,2500,08.07.–12.07.,CDUCSU,26
BT02190713D,Forsa,2019-07-13,2500,08.07.–12.07.,SPD,13
BT02190713D,Forsa,2019-07-13,2500,08.07.–12.07.,Gruene,25
BT02190713D,Forsa,2019-07-13,2500,08.07.–12.07.,FDP,7
BT02190713D,Forsa,2019-07-13,2500,08.07.–12.07.,Linke,8
BT02190713D,Forsa,2019-07-13,2500,08.07.–12.07.,AfD,13
BT02190713D,Forsa,2019-07-13,2500,08.07.–12.07.,BSW,NA
BT06190719S,Forschungsgruppe Wahlen,2019-07-19,1290,16.07.–18.07.,CDUCSU,28
BT06190719S,Forschungsgruppe Wahlen,2019-07-19,1290,16.07.–18.07.,SPD,13
BT06190719S,Forschungsgruppe Wahlen,2019-07-19,1290,16.07.–18.07.,Gruene,25
BT06190719S,Forschungsgruppe Wahlen,2019-07-19,1290,16.07.–18.07.,FDP,8
BT06190719S,Forschungsgruppe Wahlen,2019-07-19,1290,16.07.–18.07.,Linke,8
BT06190719S,Forschungsgruppe Wahlen,2019-07-19,1290,16.07.–18.07.,AfD,12
BT06190719S,Forschungsgruppe Wahlen,2019-07-19,1290,16.07.–18.07.,BSW,NA
BT03190720P,Verian,2019-07-20,1908,11.07.–17.07.,CDUCSU,27
BT03190720P,Verian,2019-07-20,1908,11.07.–17.07.,SPD,14
BT03190720P,Verian,2019-07-20,1908,11.07.–17.07.,Gruene,22
BT03190720P,Verian,2019-07-20,1908,11.07.–17.07.,FDP,9
BT03190720P,Verian,2019-07-20,1908,11.07.–17.07.,Linke,9
BT03190720P,Verian,2019-07-20,1908,11.07.–17.07.,AfD,13
BT03190720P,Verian,2019-07-20,1908,11.07.–17.07.,BSW,NA
BT02190720E,Forsa,2019-07-20,2500,15.07.–19.07.,CDUCSU,27
BT02190720E,Forsa,2019-07-20,2500,15.07.–19.07.,SPD,13
BT02190720E,Forsa,2019-07-20,2500,15.07.–19.07.,Gruene,24
BT02190720E,Forsa,2019-07-20,2500,15.07.–19.07.,FDP,8
BT02190720E,Forsa,2019-07-20,2500,15.07.–19.07.,Linke,8
BT02190720E,Forsa,2019-07-20,2500,15.07.–19.07.,AfD,12
BT02190720E,Forsa,2019-07-20,2500,15.07.–19.07.,BSW,NA
BT04190723E,GMS,2019-07-23,1002,17.07.–22.07.,CDUCSU,28
BT04190723E,GMS,2019-07-23,1002,17.07.–22.07.,SPD,13
BT04190723E,GMS,2019-07-23,1002,17.07.–22.07.,Gruene,25
BT04190723E,GMS,2019-07-23,1002,17.07.–22.07.,FDP,8
BT04190723E,GMS,2019-07-23,1002,17.07.–22.07.,Linke,8
BT04190723E,GMS,2019-07-23,1002,17.07.–22.07.,AfD,12
BT04190723E,GMS,2019-07-23,1002,17.07.–22.07.,BSW,NA
BT09190724T,Allensbach,2019-07-24,1228,01.07.–11.07.,CDUCSU,29.5
BT09190724T,Allensbach,2019-07-24,1228,01.07.–11.07.,SPD,14.5
BT09190724T,Allensbach,2019-07-24,1228,01.07.–11.07.,Gruene,23
BT09190724T,Allensbach,2019-07-24,1228,01.07.–11.07.,FDP,7
BT09190724T,Allensbach,2019-07-24,1228,01.07.–11.07.,Linke,8.5
BT09190724T,Allensbach,2019-07-24,1228,01.07.–11.07.,AfD,11.5
BT09190724T,Allensbach,2019-07-24,1228,01.07.–11.07.,BSW,NA
BT01190725D,Infratest dimap,2019-07-25,1046,22.07.–24.07.,CDUCSU,26
BT01190725D,Infratest dimap,2019-07-25,1046,22.07.–24.07.,SPD,13
BT01190725D,Infratest dimap,2019-07-25,1046,22.07.–24.07.,Gruene,26
BT01190725D,Infratest dimap,2019-07-25,1046,22.07.–24.07.,FDP,9
BT01190725D,Infratest dimap,2019-07-25,1046,22.07.–24.07.,Linke,8
BT01190725D,Infratest dimap,2019-07-25,1046,22.07.–24.07.,AfD,12
BT01190725D,Infratest dimap,2019-07-25,1046,22.07.–24.07.,BSW,NA
BT03190727Q,Verian,2019-07-27,1520,18.07.–24.07.,CDUCSU,26
BT03190727Q,Verian,2019-07-27,1520,18.07.–24.07.,SPD,14
BT03190727Q,Verian,2019-07-27,1520,18.07.–24.07.,Gruene,23
BT03190727Q,Verian,2019-07-27,1520,18.07.–24.07.,FDP,9
BT03190727Q,Verian,2019-07-27,1520,18.07.–24.07.,Linke,8
BT03190727Q,Verian,2019-07-27,1520,18.07.–24.07.,AfD,13
BT03190727Q,Verian,2019-07-27,1520,18.07.–24.07.,BSW,NA
BT02190727F,Forsa,2019-07-27,2502,22.07.–26.07.,CDUCSU,27
BT02190727F,Forsa,2019-07-27,2502,22.07.–26.07.,SPD,13
BT02190727F,Forsa,2019-07-27,2502,22.07.–26.07.,Gruene,24
BT02190727F,Forsa,2019-07-27,2502,22.07.–26.07.,FDP,9
BT02190727F,Forsa,2019-07-27,2502,22.07.–26.07.,Linke,7
BT02190727F,Forsa,2019-07-27,2502,22.07.–26.07.,AfD,13
BT02190727F,Forsa,2019-07-27,2502,22.07.–26.07.,BSW,NA
BT13190731F,YouGov,2019-07-31,1594,26.07.–29.07.,CDUCSU,26
BT13190731F,YouGov,2019-07-31,1594,26.07.–29.07.,SPD,13
BT13190731F,YouGov,2019-07-31,1594,26.07.–29.07.,Gruene,24
BT13190731F,YouGov,2019-07-31,1594,26.07.–29.07.,FDP,8
BT13190731F,YouGov,2019-07-31,1594,26.07.–29.07.,Linke,8
BT13190731F,YouGov,2019-07-31,1594,26.07.–29.07.,AfD,14
BT13190731F,YouGov,2019-07-31,1594,26.07.–29.07.,BSW,NA
BT01190801E,Infratest dimap,2019-08-01,1503,29.07.–31.07.,CDUCSU,26
BT01190801E,Infratest dimap,2019-08-01,1503,29.07.–31.07.,SPD,12
BT01190801E,Infratest dimap,2019-08-01,1503,29.07.–31.07.,Gruene,26
BT01190801E,Infratest dimap,2019-08-01,1503,29.07.–31.07.,FDP,8
BT01190801E,Infratest dimap,2019-08-01,1503,29.07.–31.07.,Linke,7
BT01190801E,Infratest dimap,2019-08-01,1503,29.07.–31.07.,AfD,14
BT01190801E,Infratest dimap,2019-08-01,1503,29.07.–31.07.,BSW,NA
BT03190803R,Verian,2019-08-03,1419,25.07.–31.07.,CDUCSU,26
BT03190803R,Verian,2019-08-03,1419,25.07.–31.07.,SPD,13
BT03190803R,Verian,2019-08-03,1419,25.07.–31.07.,Gruene,23
BT03190803R,Verian,2019-08-03,1419,25.07.–31.07.,FDP,9
BT03190803R,Verian,2019-08-03,1419,25.07.–31.07.,Linke,8
BT03190803R,Verian,2019-08-03,1419,25.07.–31.07.,AfD,14
BT03190803R,Verian,2019-08-03,1419,25.07.–31.07.,BSW,NA
BT02190803G,Forsa,2019-08-03,2501,29.07.–02.08.,CDUCSU,27
BT02190803G,Forsa,2019-08-03,2501,29.07.–02.08.,SPD,13
BT02190803G,Forsa,2019-08-03,2501,29.07.–02.08.,Gruene,23
BT02190803G,Forsa,2019-08-03,2501,29.07.–02.08.,FDP,9
BT02190803G,Forsa,2019-08-03,2501,29.07.–02.08.,Linke,8
BT02190803G,Forsa,2019-08-03,2501,29.07.–02.08.,AfD,13
BT02190803G,Forsa,2019-08-03,2501,29.07.–02.08.,BSW,NA
BT06190809T,Forschungsgruppe Wahlen,2019-08-09,1307,06.08.–08.08.,CDUCSU,28
BT06190809T,Forschungsgruppe Wahlen,2019-08-09,1307,06.08.–08.08.,SPD,13
BT06190809T,Forschungsgruppe Wahlen,2019-08-09,1307,06.08.–08.08.,Gruene,25
BT06190809T,Forschungsgruppe Wahlen,2019-08-09,1307,06.08.–08.08.,FDP,7
BT06190809T,Forschungsgruppe Wahlen,2019-08-09,1307,06.08.–08.08.,Linke,7
BT06190809T,Forschungsgruppe Wahlen,2019-08-09,1307,06.08.–08.08.,AfD,13
BT06190809T,Forschungsgruppe Wahlen,2019-08-09,1307,06.08.–08.08.,BSW,NA
BT03190810S,Verian,2019-08-10,2388,01.08.–07.08.,CDUCSU,26
BT03190810S,Verian,2019-08-10,2388,01.08.–07.08.,SPD,14
BT03190810S,Verian,2019-08-10,2388,01.08.–07.08.,Gruene,22
BT03190810S,Verian,2019-08-10,2388,01.08.–07.08.,FDP,9
BT03190810S,Verian,2019-08-10,2388,01.08.–07.08.,Linke,9
BT03190810S,Verian,2019-08-10,2388,01.08.–07.08.,AfD,14
BT03190810S,Verian,2019-08-10,2388,01.08.–07.08.,BSW,NA
BT02190810H,Forsa,2019-08-10,2503,05.08.–09.08.,CDUCSU,26
BT02190810H,Forsa,2019-08-10,2503,05.08.–09.08.,SPD,12
BT02190810H,Forsa,2019-08-10,2503,05.08.–09.08.,Gruene,25
BT02190810H,Forsa,2019-08-10,2503,05.08.–09.08.,FDP,8
BT02190810H,Forsa,2019-08-10,2503,05.08.–09.08.,Linke,8
BT02190810H,Forsa,2019-08-10,2503,05.08.–09.08.,AfD,13
BT02190810H,Forsa,2019-08-10,2503,05.08.–09.08.,BSW,NA
BT03190817T,Verian,2019-08-17,1897,08.08.–14.08.,CDUCSU,27
BT03190817T,Verian,2019-08-17,1897,08.08.–14.08.,SPD,14
BT03190817T,Verian,2019-08-17,1897,08.08.–14.08.,Gruene,22
BT03190817T,Verian,2019-08-17,1897,08.08.–14.08.,FDP,8
BT03190817T,Verian,2019-08-17,1897,08.08.–14.08.,Linke,9
BT03190817T,Verian,2019-08-17,1897,08.08.–14.08.,AfD,14
BT03190817T,Verian,2019-08-17,1897,08.08.–14.08.,BSW,NA
BT02190817I,Forsa,2019-08-17,2501,12.08.–16.08.,CDUCSU,25
BT02190817I,Forsa,2019-08-17,2501,12.08.–16.08.,SPD,13
BT02190817I,Forsa,2019-08-17,2501,12.08.–16.08.,Gruene,24
BT02190817I,Forsa,2019-08-17,2501,12.08.–16.08.,FDP,9
BT02190817I,Forsa,2019-08-17,2501,12.08.–16.08.,Linke,8
BT02190817I,Forsa,2019-08-17,2501,12.08.–16.08.,AfD,13
BT02190817I,Forsa,2019-08-17,2501,12.08.–16.08.,BSW,NA
BT09190821U,Allensbach,2019-08-21,1262,02.08.–15.08.,CDUCSU,29.5
BT09190821U,Allensbach,2019-08-21,1262,02.08.–15.08.,SPD,13.5
BT09190821U,Allensbach,2019-08-21,1262,02.08.–15.08.,Gruene,24
BT09190821U,Allensbach,2019-08-21,1262,02.08.–15.08.,FDP,7
BT09190821U,Allensbach,2019-08-21,1262,02.08.–15.08.,Linke,8
BT09190821U,Allensbach,2019-08-21,1262,02.08.–15.08.,AfD,12.5
BT09190821U,Allensbach,2019-08-21,1262,02.08.–15.08.,BSW,NA
BT01190822F,Infratest dimap,2019-08-22,1063,20.08.–21.08.,CDUCSU,26
BT01190822F,Infratest dimap,2019-08-22,1063,20.08.–21.08.,SPD,14
BT01190822F,Infratest dimap,2019-08-22,1063,20.08.–21.08.,Gruene,25
BT01190822F,Infratest dimap,2019-08-22,1063,20.08.–21.08.,FDP,7
BT01190822F,Infratest dimap,2019-08-22,1063,20.08.–21.08.,Linke,7
BT01190822F,Infratest dimap,2019-08-22,1063,20.08.–21.08.,AfD,14
BT01190822F,Infratest dimap,2019-08-22,1063,20.08.–21.08.,BSW,NA
BT03190824U,Verian,2019-08-24,1555,15.08.–21.08.,CDUCSU,27
BT03190824U,Verian,2019-08-24,1555,15.08.–21.08.,SPD,15
BT03190824U,Verian,2019-08-24,1555,15.08.–21.08.,Gruene,23
BT03190824U,Verian,2019-08-24,1555,15.08.–21.08.,FDP,8
BT03190824U,Verian,2019-08-24,1555,15.08.–21.08.,Linke,8
BT03190824U,Verian,2019-08-24,1555,15.08.–21.08.,AfD,14
BT03190824U,Verian,2019-08-24,1555,15.08.–21.08.,BSW,NA
BT02190824J,Forsa,2019-08-24,2504,19.08.–23.08.,CDUCSU,26
BT02190824J,Forsa,2019-08-24,2504,19.08.–23.08.,SPD,14
BT02190824J,Forsa,2019-08-24,2504,19.08.–23.08.,Gruene,23
BT02190824J,Forsa,2019-08-24,2504,19.08.–23.08.,FDP,9
BT02190824J,Forsa,2019-08-24,2504,19.08.–23.08.,Linke,8
BT02190824J,Forsa,2019-08-24,2504,19.08.–23.08.,AfD,13
BT02190824J,Forsa,2019-08-24,2504,19.08.–23.08.,BSW,NA
BT03190831V,Verian,2019-08-31,1434,22.08.–28.08.,CDUCSU,29
BT03190831V,Verian,2019-08-31,1434,22.08.–28.08.,SPD,15
BT03190831V,Verian,2019-08-31,1434,22.08.–28.08.,Gruene,22
BT03190831V,Verian,2019-08-31,1434,22.08.–28.08.,FDP,7
BT03190831V,Verian,2019-08-31,1434,22.08.–28.08.,Linke,7
BT03190831V,Verian,2019-08-31,1434,22.08.–28.08.,AfD,14
BT03190831V,Verian,2019-08-31,1434,22.08.–28.08.,BSW,NA
BT02190831K,Forsa,2019-08-31,2501,26.08.–30.08.,CDUCSU,27
BT02190831K,Forsa,2019-08-31,2501,26.08.–30.08.,SPD,15
BT02190831K,Forsa,2019-08-31,2501,26.08.–30.08.,Gruene,23
BT02190831K,Forsa,2019-08-31,2501,26.08.–30.08.,FDP,9
BT02190831K,Forsa,2019-08-31,2501,26.08.–30.08.,Linke,7
BT02190831K,Forsa,2019-08-31,2501,26.08.–30.08.,AfD,12
BT02190831K,Forsa,2019-08-31,2501,26.08.–30.08.,BSW,NA
BT06190905U,Forschungsgruppe Wahlen,2019-09-05,1270,02.09.–04.09.,CDUCSU,28
BT06190905U,Forschungsgruppe Wahlen,2019-09-05,1270,02.09.–04.09.,SPD,15
BT06190905U,Forschungsgruppe Wahlen,2019-09-05,1270,02.09.–04.09.,Gruene,24
BT06190905U,Forschungsgruppe Wahlen,2019-09-05,1270,02.09.–04.09.,FDP,6
BT06190905U,Forschungsgruppe Wahlen,2019-09-05,1270,02.09.–04.09.,Linke,7
BT06190905U,Forschungsgruppe Wahlen,2019-09-05,1270,02.09.–04.09.,AfD,13
BT06190905U,Forschungsgruppe Wahlen,2019-09-05,1270,02.09.–04.09.,BSW,NA
BT01190905G,Infratest dimap,2019-09-05,1514,03.09.–04.09.,CDUCSU,27
BT01190905G,Infratest dimap,2019-09-05,1514,03.09.–04.09.,SPD,14
BT01190905G,Infratest dimap,2019-09-05,1514,03.09.–04.09.,Gruene,23
BT01190905G,Infratest dimap,2019-09-05,1514,03.09.–04.09.,FDP,7
BT01190905G,Infratest dimap,2019-09-05,1514,03.09.–04.09.,Linke,7
BT01190905G,Infratest dimap,2019-09-05,1514,03.09.–04.09.,AfD,15
BT01190905G,Infratest dimap,2019-09-05,1514,03.09.–04.09.,BSW,NA
BT03190907X,Verian,2019-09-07,1884,29.08.–04.09.,CDUCSU,29
BT03190907X,Verian,2019-09-07,1884,29.08.–04.09.,SPD,16
BT03190907X,Verian,2019-09-07,1884,29.08.–04.09.,Gruene,21
BT03190907X,Verian,2019-09-07,1884,29.08.–04.09.,FDP,7
BT03190907X,Verian,2019-09-07,1884,29.08.–04.09.,Linke,8
BT03190907X,Verian,2019-09-07,1884,29.08.–04.09.,AfD,14
BT03190907X,Verian,2019-09-07,1884,29.08.–04.09.,BSW,NA
BT02190907L,Forsa,2019-09-07,2503,02.09.–06.09.,CDUCSU,27
BT02190907L,Forsa,2019-09-07,2503,02.09.–06.09.,SPD,15
BT02190907L,Forsa,2019-09-07,2503,02.09.–06.09.,Gruene,23
BT02190907L,Forsa,2019-09-07,2503,02.09.–06.09.,FDP,8
BT02190907L,Forsa,2019-09-07,2503,02.09.–06.09.,Linke,6
BT02190907L,Forsa,2019-09-07,2503,02.09.–06.09.,AfD,13
BT02190907L,Forsa,2019-09-07,2503,02.09.–06.09.,BSW,NA
BT13190911G,YouGov,2019-09-11,1632,06.09.–10.09.,CDUCSU,27
BT13190911G,YouGov,2019-09-11,1632,06.09.–10.09.,SPD,15
BT13190911G,YouGov,2019-09-11,1632,06.09.–10.09.,Gruene,22
BT13190911G,YouGov,2019-09-11,1632,06.09.–10.09.,FDP,6
BT13190911G,YouGov,2019-09-11,1632,06.09.–10.09.,Linke,8
BT13190911G,YouGov,2019-09-11,1632,06.09.–10.09.,AfD,14
BT13190911G,YouGov,2019-09-11,1632,06.09.–10.09.,BSW,NA
BT04190913F,GMS,2019-09-13,1005,06.09.–12.09.,CDUCSU,27
BT04190913F,GMS,2019-09-13,1005,06.09.–12.09.,SPD,16
BT04190913F,GMS,2019-09-13,1005,06.09.–12.09.,Gruene,23
BT04190913F,GMS,2019-09-13,1005,06.09.–12.09.,FDP,7
BT04190913F,GMS,2019-09-13,1005,06.09.–12.09.,Linke,8
BT04190913F,GMS,2019-09-13,1005,06.09.–12.09.,AfD,12
BT04190913F,GMS,2019-09-13,1005,06.09.–12.09.,BSW,NA
BT03190914Y,Verian,2019-09-14,2835,05.09.–11.09.,CDUCSU,28
BT03190914Y,Verian,2019-09-14,2835,05.09.–11.09.,SPD,16
BT03190914Y,Verian,2019-09-14,2835,05.09.–11.09.,Gruene,21
BT03190914Y,Verian,2019-09-14,2835,05.09.–11.09.,FDP,8
BT03190914Y,Verian,2019-09-14,2835,05.09.–11.09.,Linke,7
BT03190914Y,Verian,2019-09-14,2835,05.09.–11.09.,AfD,15
BT03190914Y,Verian,2019-09-14,2835,05.09.–11.09.,BSW,NA
BT02190914M,Forsa,2019-09-14,2503,09.09.–13.09.,CDUCSU,27
BT02190914M,Forsa,2019-09-14,2503,09.09.–13.09.,SPD,15
BT02190914M,Forsa,2019-09-14,2503,09.09.–13.09.,Gruene,22
BT02190914M,Forsa,2019-09-14,2503,09.09.–13.09.,FDP,8
BT02190914M,Forsa,2019-09-14,2503,09.09.–13.09.,Linke,7
BT02190914M,Forsa,2019-09-14,2503,09.09.–13.09.,AfD,14
BT02190914M,Forsa,2019-09-14,2503,09.09.–13.09.,BSW,NA
BT09190917V,Allensbach,2019-09-17,1255,01.09.–12.09.,CDUCSU,29
BT09190917V,Allensbach,2019-09-17,1255,01.09.–12.09.,SPD,15
BT09190917V,Allensbach,2019-09-17,1255,01.09.–12.09.,Gruene,22
BT09190917V,Allensbach,2019-09-17,1255,01.09.–12.09.,FDP,7
BT09190917V,Allensbach,2019-09-17,1255,01.09.–12.09.,Linke,8
BT09190917V,Allensbach,2019-09-17,1255,01.09.–12.09.,AfD,14
BT09190917V,Allensbach,2019-09-17,1255,01.09.–12.09.,BSW,NA
BT01190919H,Infratest dimap,2019-09-19,1067,17.09.–18.09.,CDUCSU,27
BT01190919H,Infratest dimap,2019-09-19,1067,17.09.–18.09.,SPD,14
BT01190919H,Infratest dimap,2019-09-19,1067,17.09.–18.09.,Gruene,23
BT01190919H,Infratest dimap,2019-09-19,1067,17.09.–18.09.,FDP,8
BT01190919H,Infratest dimap,2019-09-19,1067,17.09.–18.09.,Linke,8
BT01190919H,Infratest dimap,2019-09-19,1067,17.09.–18.09.,AfD,14
BT01190919H,Infratest dimap,2019-09-19,1067,17.09.–18.09.,BSW,NA
BT03190921A,Verian,2019-09-21,1639,12.09.–18.09.,CDUCSU,29
BT03190921A,Verian,2019-09-21,1639,12.09.–18.09.,SPD,15
BT03190921A,Verian,2019-09-21,1639,12.09.–18.09.,Gruene,21
BT03190921A,Verian,2019-09-21,1639,12.09.–18.09.,FDP,8
BT03190921A,Verian,2019-09-21,1639,12.09.–18.09.,Linke,8
BT03190921A,Verian,2019-09-21,1639,12.09.–18.09.,AfD,14
BT03190921A,Verian,2019-09-21,1639,12.09.–18.09.,BSW,NA
BT02190921N,Forsa,2019-09-21,2500,16.09.–20.09.,CDUCSU,27
BT02190921N,Forsa,2019-09-21,2500,16.09.–20.09.,SPD,15
BT02190921N,Forsa,2019-09-21,2500,16.09.–20.09.,Gruene,22
BT02190921N,Forsa,2019-09-21,2500,16.09.–20.09.,FDP,8
BT02190921N,Forsa,2019-09-21,2500,16.09.–20.09.,Linke,7
BT02190921N,Forsa,2019-09-21,2500,16.09.–20.09.,AfD,13
BT02190921N,Forsa,2019-09-21,2500,16.09.–20.09.,BSW,NA
BT06190927V,Forschungsgruppe Wahlen,2019-09-27,1325,24.09.–26.09.,CDUCSU,27
BT06190927V,Forschungsgruppe Wahlen,2019-09-27,1325,24.09.–26.09.,SPD,13
BT06190927V,Forschungsgruppe Wahlen,2019-09-27,1325,24.09.–26.09.,Gruene,27
BT06190927V,Forschungsgruppe Wahlen,2019-09-27,1325,24.09.–26.09.,FDP,6
BT06190927V,Forschungsgruppe Wahlen,2019-09-27,1325,24.09.–26.09.,Linke,7
BT06190927V,Forschungsgruppe Wahlen,2019-09-27,1325,24.09.–26.09.,AfD,14
BT06190927V,Forschungsgruppe Wahlen,2019-09-27,1325,24.09.–26.09.,BSW,NA
BT03190928B,Verian,2019-09-28,1719,19.09.–25.09.,CDUCSU,27
BT03190928B,Verian,2019-09-28,1719,19.09.–25.09.,SPD,16
BT03190928B,Verian,2019-09-28,1719,19.09.–25.09.,Gruene,21
BT03190928B,Verian,2019-09-28,1719,19.09.–25.09.,FDP,7
BT03190928B,Verian,2019-09-28,1719,19.09.–25.09.,Linke,8
BT03190928B,Verian,2019-09-28,1719,19.09.–25.09.,AfD,15
BT03190928B,Verian,2019-09-28,1719,19.09.–25.09.,BSW,NA
BT02190928O,Forsa,2019-09-28,2505,23.09.–27.09.,CDUCSU,27
BT02190928O,Forsa,2019-09-28,2505,23.09.–27.09.,SPD,13
BT02190928O,Forsa,2019-09-28,2505,23.09.–27.09.,Gruene,23
BT02190928O,Forsa,2019-09-28,2505,23.09.–27.09.,FDP,9
BT02190928O,Forsa,2019-09-28,2505,23.09.–27.09.,Linke,7
BT02190928O,Forsa,2019-09-28,2505,23.09.–27.09.,AfD,13
BT02190928O,Forsa,2019-09-28,2505,23.09.–27.09.,BSW,NA
BT13191003H,YouGov,2019-10-03,1573,27.09.–01.10.,CDUCSU,26
BT13191003H,YouGov,2019-10-03,1573,27.09.–01.10.,SPD,13
BT13191003H,YouGov,2019-10-03,1573,27.09.–01.10.,Gruene,22
BT13191003H,YouGov,2019-10-03,1573,27.09.–01.10.,FDP,8
BT13191003H,YouGov,2019-10-03,1573,27.09.–01.10.,Linke,8
BT13191003H,YouGov,2019-10-03,1573,27.09.–01.10.,AfD,15
BT13191003H,YouGov,2019-10-03,1573,27.09.–01.10.,BSW,NA
BT03191005C,Verian,2019-10-05,1449,26.09.–01.10.,CDUCSU,27
BT03191005C,Verian,2019-10-05,1449,26.09.–01.10.,SPD,15
BT03191005C,Verian,2019-10-05,1449,26.09.–01.10.,Gruene,21
BT03191005C,Verian,2019-10-05,1449,26.09.–01.10.,FDP,8
BT03191005C,Verian,2019-10-05,1449,26.09.–01.10.,Linke,8
BT03191005C,Verian,2019-10-05,1449,26.09.–01.10.,AfD,15
BT03191005C,Verian,2019-10-05,1449,26.09.–01.10.,BSW,NA
BT02191005P,Forsa,2019-10-05,2505,30.09.–04.10.,CDUCSU,28
BT02191005P,Forsa,2019-10-05,2505,30.09.–04.10.,SPD,14
BT02191005P,Forsa,2019-10-05,2505,30.09.–04.10.,Gruene,22
BT02191005P,Forsa,2019-10-05,2505,30.09.–04.10.,FDP,8
BT02191005P,Forsa,2019-10-05,2505,30.09.–04.10.,Linke,7
BT02191005P,Forsa,2019-10-05,2505,30.09.–04.10.,AfD,13
BT02191005P,Forsa,2019-10-05,2505,30.09.–04.10.,BSW,NA
BT04191008G,GMS,2019-10-08,1002,01.10.–07.10.,CDUCSU,27
BT04191008G,GMS,2019-10-08,1002,01.10.–07.10.,SPD,14
BT04191008G,GMS,2019-10-08,1002,01.10.–07.10.,Gruene,22
BT04191008G,GMS,2019-10-08,1002,01.10.–07.10.,FDP,8
BT04191008G,GMS,2019-10-08,1002,01.10.–07.10.,Linke,7
BT04191008G,GMS,2019-10-08,1002,01.10.–07.10.,AfD,15
BT04191008G,GMS,2019-10-08,1002,01.10.–07.10.,BSW,NA
BT01191010I,Infratest dimap,2019-10-10,1504,07.10.–09.10.,CDUCSU,28
BT01191010I,Infratest dimap,2019-10-10,1504,07.10.–09.10.,SPD,13
BT01191010I,Infratest dimap,2019-10-10,1504,07.10.–09.10.,Gruene,24
BT01191010I,Infratest dimap,2019-10-10,1504,07.10.–09.10.,FDP,7
BT01191010I,Infratest dimap,2019-10-10,1504,07.10.–09.10.,Linke,8
BT01191010I,Infratest dimap,2019-10-10,1504,07.10.–09.10.,AfD,14
BT01191010I,Infratest dimap,2019-10-10,1504,07.10.–09.10.,BSW,NA
BT03191012D,Verian,2019-10-12,1916,02.10.–09.10.,CDUCSU,28
BT03191012D,Verian,2019-10-12,1916,02.10.–09.10.,SPD,14
BT03191012D,Verian,2019-10-12,1916,02.10.–09.10.,Gruene,21
BT03191012D,Verian,2019-10-12,1916,02.10.–09.10.,FDP,7
BT03191012D,Verian,2019-10-12,1916,02.10.–09.10.,Linke,8
BT03191012D,Verian,2019-10-12,1916,02.10.–09.10.,AfD,15
BT03191012D,Verian,2019-10-12,1916,02.10.–09.10.,BSW,NA
BT02191012Q,Forsa,2019-10-12,2500,07.10.–11.10.,CDUCSU,27
BT02191012Q,Forsa,2019-10-12,2500,07.10.–11.10.,SPD,14
BT02191012Q,Forsa,2019-10-12,2500,07.10.–11.10.,Gruene,23
BT02191012Q,Forsa,2019-10-12,2500,07.10.–11.10.,FDP,8
BT02191012Q,Forsa,2019-10-12,2500,07.10.–11.10.,Linke,8
BT02191012Q,Forsa,2019-10-12,2500,07.10.–11.10.,AfD,12
BT02191012Q,Forsa,2019-10-12,2500,07.10.–11.10.,BSW,NA
BT09191016W,Allensbach,2019-10-16,1238,27.09.–10.10.,CDUCSU,29.5
BT09191016W,Allensbach,2019-10-16,1238,27.09.–10.10.,SPD,16
BT09191016W,Allensbach,2019-10-16,1238,27.09.–10.10.,Gruene,23.5
BT09191016W,Allensbach,2019-10-16,1238,27.09.–10.10.,FDP,6.5
BT09191016W,Allensbach,2019-10-16,1238,27.09.–10.10.,Linke,7
BT09191016W,Allensbach,2019-10-16,1238,27.09.–10.10.,AfD,13
BT09191016W,Allensbach,2019-10-16,1238,27.09.–10.10.,BSW,NA
BT01191017J,Infratest dimap,2019-10-17,1062,14.10.–16.10.,CDUCSU,28
BT01191017J,Infratest dimap,2019-10-17,1062,14.10.–16.10.,SPD,14
BT01191017J,Infratest dimap,2019-10-17,1062,14.10.–16.10.,Gruene,22
BT01191017J,Infratest dimap,2019-10-17,1062,14.10.–16.10.,FDP,7
BT01191017J,Infratest dimap,2019-10-17,1062,14.10.–16.10.,Linke,8
BT01191017J,Infratest dimap,2019-10-17,1062,14.10.–16.10.,AfD,14
BT01191017J,Infratest dimap,2019-10-17,1062,14.10.–16.10.,BSW,NA
BT06191018W,Forschungsgruppe Wahlen,2019-10-18,1226,15.10.–17.10.,CDUCSU,29
BT06191018W,Forschungsgruppe Wahlen,2019-10-18,1226,15.10.–17.10.,SPD,14
BT06191018W,Forschungsgruppe Wahlen,2019-10-18,1226,15.10.–17.10.,Gruene,24
BT06191018W,Forschungsgruppe Wahlen,2019-10-18,1226,15.10.–17.10.,FDP,6
BT06191018W,Forschungsgruppe Wahlen,2019-10-18,1226,15.10.–17.10.,Linke,8
BT06191018W,Forschungsgruppe Wahlen,2019-10-18,1226,15.10.–17.10.,AfD,13
BT06191018W,Forschungsgruppe Wahlen,2019-10-18,1226,15.10.–17.10.,BSW,NA
BT03191019E,Verian,2019-10-19,1444,10.10.–16.10.,CDUCSU,29
BT03191019E,Verian,2019-10-19,1444,10.10.–16.10.,SPD,15
BT03191019E,Verian,2019-10-19,1444,10.10.–16.10.,Gruene,20
BT03191019E,Verian,2019-10-19,1444,10.10.–16.10.,FDP,7
BT03191019E,Verian,2019-10-19,1444,10.10.–16.10.,Linke,9
BT03191019E,Verian,2019-10-19,1444,10.10.–16.10.,AfD,13
BT03191019E,Verian,2019-10-19,1444,10.10.–16.10.,BSW,NA
BT02191019R,Forsa,2019-10-19,2501,14.10.–18.10.,CDUCSU,27
BT02191019R,Forsa,2019-10-19,2501,14.10.–18.10.,SPD,14
BT02191019R,Forsa,2019-10-19,2501,14.10.–18.10.,Gruene,22
BT02191019R,Forsa,2019-10-19,2501,14.10.–18.10.,FDP,8
BT02191019R,Forsa,2019-10-19,2501,14.10.–18.10.,Linke,8
BT02191019R,Forsa,2019-10-19,2501,14.10.–18.10.,AfD,13
BT02191019R,Forsa,2019-10-19,2501,14.10.–18.10.,BSW,NA
BT03191026F,Verian,2019-10-26,1441,17.10.–23.10.,CDUCSU,29
BT03191026F,Verian,2019-10-26,1441,17.10.–23.10.,SPD,15
BT03191026F,Verian,2019-10-26,1441,17.10.–23.10.,Gruene,20
BT03191026F,Verian,2019-10-26,1441,17.10.–23.10.,FDP,8
BT03191026F,Verian,2019-10-26,1441,17.10.–23.10.,Linke,9
BT03191026F,Verian,2019-10-26,1441,17.10.–23.10.,AfD,14
BT03191026F,Verian,2019-10-26,1441,17.10.–23.10.,BSW,NA
BT02191026S,Forsa,2019-10-26,2501,21.10.–25.10.,CDUCSU,29
BT02191026S,Forsa,2019-10-26,2501,21.10.–25.10.,SPD,14
BT02191026S,Forsa,2019-10-26,2501,21.10.–25.10.,Gruene,20
BT02191026S,Forsa,2019-10-26,2501,21.10.–25.10.,FDP,8
BT02191026S,Forsa,2019-10-26,2501,21.10.–25.10.,Linke,8
BT02191026S,Forsa,2019-10-26,2501,21.10.–25.10.,AfD,13
BT02191026S,Forsa,2019-10-26,2501,21.10.–25.10.,BSW,NA
BT03191102G,Verian,2019-11-02,1920,24.10.–30.10.,CDUCSU,27
BT03191102G,Verian,2019-11-02,1920,24.10.–30.10.,SPD,16
BT03191102G,Verian,2019-11-02,1920,24.10.–30.10.,Gruene,18
BT03191102G,Verian,2019-11-02,1920,24.10.–30.10.,FDP,9
BT03191102G,Verian,2019-11-02,1920,24.10.–30.10.,Linke,9
BT03191102G,Verian,2019-11-02,1920,24.10.–30.10.,AfD,15
BT03191102G,Verian,2019-11-02,1920,24.10.–30.10.,BSW,NA
BT02191102T,Forsa,2019-11-02,2502,28.10.–01.11.,CDUCSU,28
BT02191102T,Forsa,2019-11-02,2502,28.10.–01.11.,SPD,13
BT02191102T,Forsa,2019-11-02,2502,28.10.–01.11.,Gruene,20
BT02191102T,Forsa,2019-11-02,2502,28.10.–01.11.,FDP,8
BT02191102T,Forsa,2019-11-02,2502,28.10.–01.11.,Linke,10
BT02191102T,Forsa,2019-11-02,2502,28.10.–01.11.,AfD,13
BT02191102T,Forsa,2019-11-02,2502,28.10.–01.11.,BSW,NA
BT13191106I,YouGov,2019-11-06,1583,31.10.–05.11.,CDUCSU,27
BT13191106I,YouGov,2019-11-06,1583,31.10.–05.11.,SPD,13
BT13191106I,YouGov,2019-11-06,1583,31.10.–05.11.,Gruene,22
BT13191106I,YouGov,2019-11-06,1583,31.10.–05.11.,FDP,7
BT13191106I,YouGov,2019-11-06,1583,31.10.–05.11.,Linke,10
BT13191106I,YouGov,2019-11-06,1583,31.10.–05.11.,AfD,14
BT13191106I,YouGov,2019-11-06,1583,31.10.–05.11.,BSW,NA
BT01191107K,Infratest dimap,2019-11-07,1507,04.11.–06.11.,CDUCSU,26
BT01191107K,Infratest dimap,2019-11-07,1507,04.11.–06.11.,SPD,14
BT01191107K,Infratest dimap,2019-11-07,1507,04.11.–06.11.,Gruene,22
BT01191107K,Infratest dimap,2019-11-07,1507,04.11.–06.11.,FDP,8
BT01191107K,Infratest dimap,2019-11-07,1507,04.11.–06.11.,Linke,9
BT01191107K,Infratest dimap,2019-11-07,1507,04.11.–06.11.,AfD,14
BT01191107K,Infratest dimap,2019-11-07,1507,04.11.–06.11.,BSW,NA
BT06191108X,Forschungsgruppe Wahlen,2019-11-08,1264,05.11.–07.11.,CDUCSU,27
BT06191108X,Forschungsgruppe Wahlen,2019-11-08,1264,05.11.–07.11.,SPD,14
BT06191108X,Forschungsgruppe Wahlen,2019-11-08,1264,05.11.–07.11.,Gruene,22
BT06191108X,Forschungsgruppe Wahlen,2019-11-08,1264,05.11.–07.11.,FDP,7
BT06191108X,Forschungsgruppe Wahlen,2019-11-08,1264,05.11.–07.11.,Linke,10
BT06191108X,Forschungsgruppe Wahlen,2019-11-08,1264,05.11.–07.11.,AfD,14
BT06191108X,Forschungsgruppe Wahlen,2019-11-08,1264,05.11.–07.11.,BSW,NA
BT03191109H,Verian,2019-11-09,1431,30.10.–06.11.,CDUCSU,26
BT03191109H,Verian,2019-11-09,1431,30.10.–06.11.,SPD,16
BT03191109H,Verian,2019-11-09,1431,30.10.–06.11.,Gruene,18
BT03191109H,Verian,2019-11-09,1431,30.10.–06.11.,FDP,10
BT03191109H,Verian,2019-11-09,1431,30.10.–06.11.,Linke,10
BT03191109H,Verian,2019-11-09,1431,30.10.–06.11.,AfD,14
BT03191109H,Verian,2019-11-09,1431,30.10.–06.11.,BSW,NA
BT02191109U,Forsa,2019-11-09,2501,04.11.–08.11.,CDUCSU,26
BT02191109U,Forsa,2019-11-09,2501,04.11.–08.11.,SPD,13
BT02191109U,Forsa,2019-11-09,2501,04.11.–08.11.,Gruene,21
BT02191109U,Forsa,2019-11-09,2501,04.11.–08.11.,FDP,9
BT02191109U,Forsa,2019-11-09,2501,04.11.–08.11.,Linke,10
BT02191109U,Forsa,2019-11-09,2501,04.11.–08.11.,AfD,13
BT02191109U,Forsa,2019-11-09,2501,04.11.–08.11.,BSW,NA
BT01191114B,Infratest dimap,2019-11-14,1046,12.11.–13.11.,CDUCSU,25
BT01191114B,Infratest dimap,2019-11-14,1046,12.11.–13.11.,SPD,15
BT01191114B,Infratest dimap,2019-11-14,1046,12.11.–13.11.,Gruene,22
BT01191114B,Infratest dimap,2019-11-14,1046,12.11.–13.11.,FDP,7
BT01191114B,Infratest dimap,2019-11-14,1046,12.11.–13.11.,Linke,9
BT01191114B,Infratest dimap,2019-11-14,1046,12.11.–13.11.,AfD,14
BT01191114B,Infratest dimap,2019-11-14,1046,12.11.–13.11.,BSW,NA
BT03191116I,Verian,2019-11-16,1525,07.11.–13.11.,CDUCSU,27
BT03191116I,Verian,2019-11-16,1525,07.11.–13.11.,SPD,17
BT03191116I,Verian,2019-11-16,1525,07.11.–13.11.,Gruene,18
BT03191116I,Verian,2019-11-16,1525,07.11.–13.11.,FDP,8
BT03191116I,Verian,2019-11-16,1525,07.11.–13.11.,Linke,10
BT03191116I,Verian,2019-11-16,1525,07.11.–13.11.,AfD,14
BT03191116I,Verian,2019-11-16,1525,07.11.–13.11.,BSW,NA
BT02191116V,Forsa,2019-11-16,2501,11.11.–15.11.,CDUCSU,26
BT02191116V,Forsa,2019-11-16,2501,11.11.–15.11.,SPD,15
BT02191116V,Forsa,2019-11-16,2501,11.11.–15.11.,Gruene,19
BT02191116V,Forsa,2019-11-16,2501,11.11.–15.11.,FDP,9
BT02191116V,Forsa,2019-11-16,2501,11.11.–15.11.,Linke,10
BT02191116V,Forsa,2019-11-16,2501,11.11.–15.11.,AfD,13
BT02191116V,Forsa,2019-11-16,2501,11.11.–15.11.,BSW,NA
BT09191119X,Allensbach,2019-11-19,1298,02.11.–13.11.,CDUCSU,29.5
BT09191119X,Allensbach,2019-11-19,1298,02.11.–13.11.,SPD,14
BT09191119X,Allensbach,2019-11-19,1298,02.11.–13.11.,Gruene,21.5
BT09191119X,Allensbach,2019-11-19,1298,02.11.–13.11.,FDP,7.5
BT09191119X,Allensbach,2019-11-19,1298,02.11.–13.11.,Linke,8
BT09191119X,Allensbach,2019-11-19,1298,02.11.–13.11.,AfD,14.5
BT09191119X,Allensbach,2019-11-19,1298,02.11.–13.11.,BSW,NA
BT03191123J,Verian,2019-11-23,1905,13.11.–20.11.,CDUCSU,28
BT03191123J,Verian,2019-11-23,1905,13.11.–20.11.,SPD,15
BT03191123J,Verian,2019-11-23,1905,13.11.–20.11.,Gruene,20
BT03191123J,Verian,2019-11-23,1905,13.11.–20.11.,FDP,9
BT03191123J,Verian,2019-11-23,1905,13.11.–20.11.,Linke,9
BT03191123J,Verian,2019-11-23,1905,13.11.–20.11.,AfD,13
BT03191123J,Verian,2019-11-23,1905,13.11.–20.11.,BSW,NA
BT02191123W,Forsa,2019-11-23,2501,18.11.–22.11.,CDUCSU,26
BT02191123W,Forsa,2019-11-23,2501,18.11.–22.11.,SPD,14
BT02191123W,Forsa,2019-11-23,2501,18.11.–22.11.,Gruene,21
BT02191123W,Forsa,2019-11-23,2501,18.11.–22.11.,FDP,9
BT02191123W,Forsa,2019-11-23,2501,18.11.–22.11.,Linke,9
BT02191123W,Forsa,2019-11-23,2501,18.11.–22.11.,AfD,13
BT02191123W,Forsa,2019-11-23,2501,18.11.–22.11.,BSW,NA
BT13191127J,YouGov,2019-11-27,1648,22.11.–26.11.,CDUCSU,26
BT13191127J,YouGov,2019-11-27,1648,22.11.–26.11.,SPD,13
BT13191127J,YouGov,2019-11-27,1648,22.11.–26.11.,Gruene,22
BT13191127J,YouGov,2019-11-27,1648,22.11.–26.11.,FDP,7
BT13191127J,YouGov,2019-11-27,1648,22.11.–26.11.,Linke,10
BT13191127J,YouGov,2019-11-27,1648,22.11.–26.11.,AfD,15
BT13191127J,YouGov,2019-11-27,1648,22.11.–26.11.,BSW,NA
BT06191129Y,Forschungsgruppe Wahlen,2019-11-29,1340,26.11.–28.11.,CDUCSU,27
BT06191129Y,Forschungsgruppe Wahlen,2019-11-29,1340,26.11.–28.11.,SPD,13
BT06191129Y,Forschungsgruppe Wahlen,2019-11-29,1340,26.11.–28.11.,Gruene,23
BT06191129Y,Forschungsgruppe Wahlen,2019-11-29,1340,26.11.–28.11.,FDP,7
BT06191129Y,Forschungsgruppe Wahlen,2019-11-29,1340,26.11.–28.11.,Linke,10
BT06191129Y,Forschungsgruppe Wahlen,2019-11-29,1340,26.11.–28.11.,AfD,14
BT06191129Y,Forschungsgruppe Wahlen,2019-11-29,1340,26.11.–28.11.,BSW,NA
BT03191130K,Verian,2019-11-30,1910,20.11.–27.11.,CDUCSU,28
BT03191130K,Verian,2019-11-30,1910,20.11.–27.11.,SPD,15
BT03191130K,Verian,2019-11-30,1910,20.11.–27.11.,Gruene,20
BT03191130K,Verian,2019-11-30,1910,20.11.–27.11.,FDP,8
BT03191130K,Verian,2019-11-30,1910,20.11.–27.11.,Linke,9
BT03191130K,Verian,2019-11-30,1910,20.11.–27.11.,AfD,14
BT03191130K,Verian,2019-11-30,1910,20.11.–27.11.,BSW,NA
BT02191130X,Forsa,2019-11-30,2500,25.11.–29.11.,CDUCSU,27
BT02191130X,Forsa,2019-11-30,2500,25.11.–29.11.,SPD,14
BT02191130X,Forsa,2019-11-30,2500,25.11.–29.11.,Gruene,22
BT02191130X,Forsa,2019-11-30,2500,25.11.–29.11.,FDP,8
BT02191130X,Forsa,2019-11-30,2500,25.11.–29.11.,Linke,8
BT02191130X,Forsa,2019-11-30,2500,25.11.–29.11.,AfD,13
BT02191130X,Forsa,2019-11-30,2500,25.11.–29.11.,BSW,NA
BT04191203H,GMS,2019-12-03,1004,27.11.–02.12.,CDUCSU,27
BT04191203H,GMS,2019-12-03,1004,27.11.–02.12.,SPD,14
BT04191203H,GMS,2019-12-03,1004,27.11.–02.12.,Gruene,21
BT04191203H,GMS,2019-12-03,1004,27.11.–02.12.,FDP,9
BT04191203H,GMS,2019-12-03,1004,27.11.–02.12.,Linke,8
BT04191203H,GMS,2019-12-03,1004,27.11.–02.12.,AfD,15
BT04191203H,GMS,2019-12-03,1004,27.11.–02.12.,BSW,NA
BT01191205C,Infratest dimap,2019-12-05,1507,02.12.–04.12.,CDUCSU,25
BT01191205C,Infratest dimap,2019-12-05,1507,02.12.–04.12.,SPD,13
BT01191205C,Infratest dimap,2019-12-05,1507,02.12.–04.12.,Gruene,23
BT01191205C,Infratest dimap,2019-12-05,1507,02.12.–04.12.,FDP,9
BT01191205C,Infratest dimap,2019-12-05,1507,02.12.–04.12.,Linke,8
BT01191205C,Infratest dimap,2019-12-05,1507,02.12.–04.12.,AfD,15
BT01191205C,Infratest dimap,2019-12-05,1507,02.12.–04.12.,BSW,NA
BT03191207L,Verian,2019-12-07,1876,28.11.–04.12.,CDUCSU,28
BT03191207L,Verian,2019-12-07,1876,28.11.–04.12.,SPD,16
BT03191207L,Verian,2019-12-07,1876,28.11.–04.12.,Gruene,20
BT03191207L,Verian,2019-12-07,1876,28.11.–04.12.,FDP,9
BT03191207L,Verian,2019-12-07,1876,28.11.–04.12.,Linke,8
BT03191207L,Verian,2019-12-07,1876,28.11.–04.12.,AfD,13
BT03191207L,Verian,2019-12-07,1876,28.11.–04.12.,BSW,NA
BT02191207Y,Forsa,2019-12-07,2502,02.12.–06.12.,CDUCSU,28
BT02191207Y,Forsa,2019-12-07,2502,02.12.–06.12.,SPD,11
BT02191207Y,Forsa,2019-12-07,2502,02.12.–06.12.,Gruene,22
BT02191207Y,Forsa,2019-12-07,2502,02.12.–06.12.,FDP,9
BT02191207Y,Forsa,2019-12-07,2502,02.12.–06.12.,Linke,8
BT02191207Y,Forsa,2019-12-07,2502,02.12.–06.12.,AfD,14
BT02191207Y,Forsa,2019-12-07,2502,02.12.–06.12.,BSW,NA
BT01191212D,Infratest dimap,2019-12-12,1038,10.12.–11.12.,CDUCSU,27
BT01191212D,Infratest dimap,2019-12-12,1038,10.12.–11.12.,SPD,14
BT01191212D,Infratest dimap,2019-12-12,1038,10.12.–11.12.,Gruene,21
BT01191212D,Infratest dimap,2019-12-12,1038,10.12.–11.12.,FDP,8
BT01191212D,Infratest dimap,2019-12-12,1038,10.12.–11.12.,Linke,8
BT01191212D,Infratest dimap,2019-12-12,1038,10.12.–11.12.,AfD,15
BT01191212D,Infratest dimap,2019-12-12,1038,10.12.–11.12.,BSW,NA
BT06191213A,Forschungsgruppe Wahlen,2019-12-13,1366,10.12.–12.12.,CDUCSU,27
BT06191213A,Forschungsgruppe Wahlen,2019-12-13,1366,10.12.–12.12.,SPD,13
BT06191213A,Forschungsgruppe Wahlen,2019-12-13,1366,10.12.–12.12.,Gruene,23
BT06191213A,Forschungsgruppe Wahlen,2019-12-13,1366,10.12.–12.12.,FDP,8
BT06191213A,Forschungsgruppe Wahlen,2019-12-13,1366,10.12.–12.12.,Linke,9
BT06191213A,Forschungsgruppe Wahlen,2019-12-13,1366,10.12.–12.12.,AfD,14
BT06191213A,Forschungsgruppe Wahlen,2019-12-13,1366,10.12.–12.12.,BSW,NA
BT03191214M,Verian,2019-12-14,1978,05.12.–11.12.,CDUCSU,28
BT03191214M,Verian,2019-12-14,1978,05.12.–11.12.,SPD,16
BT03191214M,Verian,2019-12-14,1978,05.12.–11.12.,Gruene,20
BT03191214M,Verian,2019-12-14,1978,05.12.–11.12.,FDP,9
BT03191214M,Verian,2019-12-14,1978,05.12.–11.12.,Linke,9
BT03191214M,Verian,2019-12-14,1978,05.12.–11.12.,AfD,13
BT03191214M,Verian,2019-12-14,1978,05.12.–11.12.,BSW,NA
BT02191214A,Forsa,2019-12-14,2502,09.12.–13.12.,CDUCSU,28
BT02191214A,Forsa,2019-12-14,2502,09.12.–13.12.,SPD,12
BT02191214A,Forsa,2019-12-14,2502,09.12.–13.12.,Gruene,22
BT02191214A,Forsa,2019-12-14,2502,09.12.–13.12.,FDP,8
BT02191214A,Forsa,2019-12-14,2502,09.12.–13.12.,Linke,9
BT02191214A,Forsa,2019-12-14,2502,09.12.–13.12.,AfD,13
BT02191214A,Forsa,2019-12-14,2502,09.12.–13.12.,BSW,NA
BT13191218K,YouGov,2019-12-18,1586,13.12.–17.12.,CDUCSU,27
BT13191218K,YouGov,2019-12-18,1586,13.12.–17.12.,SPD,13
BT13191218K,YouGov,2019-12-18,1586,13.12.–17.12.,Gruene,21
BT13191218K,YouGov,2019-12-18,1586,13.12.–17.12.,FDP,7
BT13191218K,YouGov,2019-12-18,1586,13.12.–17.12.,Linke,10
BT13191218K,YouGov,2019-12-18,1586,13.12.–17.12.,AfD,15
BT13191218K,YouGov,2019-12-18,1586,13.12.–17.12.,BSW,NA
BT09191219Y,Allensbach,2019-12-19,1270,01.12.–11.12.,CDUCSU,28.5
BT09191219Y,Allensbach,2019-12-19,1270,01.12.–11.12.,SPD,15
BT09191219Y,Allensbach,2019-12-19,1270,01.12.–11.12.,Gruene,21
BT09191219Y,Allensbach,2019-12-19,1270,01.12.–11.12.,FDP,7
BT09191219Y,Allensbach,2019-12-19,1270,01.12.–11.12.,Linke,8.5
BT09191219Y,Allensbach,2019-12-19,1270,01.12.–11.12.,AfD,15
BT09191219Y,Allensbach,2019-12-19,1270,01.12.–11.12.,BSW,NA
BT03191221N,Verian,2019-12-21,1899,12.12.–18.12.,CDUCSU,27
BT03191221N,Verian,2019-12-21,1899,12.12.–18.12.,SPD,15
BT03191221N,Verian,2019-12-21,1899,12.12.–18.12.,Gruene,20
BT03191221N,Verian,2019-12-21,1899,12.12.–18.12.,FDP,9
BT03191221N,Verian,2019-12-21,1899,12.12.–18.12.,Linke,9
BT03191221N,Verian,2019-12-21,1899,12.12.–18.12.,AfD,14
BT03191221N,Verian,2019-12-21,1899,12.12.–18.12.,BSW,NA
BT02191221B,Forsa,2019-12-21,2501,16.12.–20.12.,CDUCSU,28
BT02191221B,Forsa,2019-12-21,2501,16.12.–20.12.,SPD,13
BT02191221B,Forsa,2019-12-21,2501,16.12.–20.12.,Gruene,22
BT02191221B,Forsa,2019-12-21,2501,16.12.–20.12.,FDP,8
BT02191221B,Forsa,2019-12-21,2501,16.12.–20.12.,Linke,8
BT02191221B,Forsa,2019-12-21,2501,16.12.–20.12.,AfD,13
BT02191221B,Forsa,2019-12-21,2501,16.12.–20.12.,BSW,NA
BT04200103I,GMS,2020-01-03,1005,27.12.–02.01.,CDUCSU,28
BT04200103I,GMS,2020-01-03,1005,27.12.–02.01.,SPD,13
BT04200103I,GMS,2020-01-03,1005,27.12.–02.01.,Gruene,21
BT04200103I,GMS,2020-01-03,1005,27.12.–02.01.,FDP,9
BT04200103I,GMS,2020-01-03,1005,27.12.–02.01.,Linke,8
BT04200103I,GMS,2020-01-03,1005,27.12.–02.01.,AfD,14
BT04200103I,GMS,2020-01-03,1005,27.12.–02.01.,BSW,NA
BT01200109E,Infratest dimap,2020-01-09,1506,07.01.–08.01.,CDUCSU,27
BT01200109E,Infratest dimap,2020-01-09,1506,07.01.–08.01.,SPD,13
BT01200109E,Infratest dimap,2020-01-09,1506,07.01.–08.01.,Gruene,23
BT01200109E,Infratest dimap,2020-01-09,1506,07.01.–08.01.,FDP,9
BT01200109E,Infratest dimap,2020-01-09,1506,07.01.–08.01.,Linke,8
BT01200109E,Infratest dimap,2020-01-09,1506,07.01.–08.01.,AfD,14
BT01200109E,Infratest dimap,2020-01-09,1506,07.01.–08.01.,BSW,NA
BT03200111O,Verian,2020-01-11,1829,19.12.–08.01.,CDUCSU,27
BT03200111O,Verian,2020-01-11,1829,19.12.–08.01.,SPD,14
BT03200111O,Verian,2020-01-11,1829,19.12.–08.01.,Gruene,21
BT03200111O,Verian,2020-01-11,1829,19.12.–08.01.,FDP,9
BT03200111O,Verian,2020-01-11,1829,19.12.–08.01.,Linke,9
BT03200111O,Verian,2020-01-11,1829,19.12.–08.01.,AfD,14
BT03200111O,Verian,2020-01-11,1829,19.12.–08.01.,BSW,NA
BT02200111D,Forsa,2020-01-11,2503,06.01.–10.01.,CDUCSU,28
BT02200111D,Forsa,2020-01-11,2503,06.01.–10.01.,SPD,12
BT02200111D,Forsa,2020-01-11,2503,06.01.–10.01.,Gruene,22
BT02200111D,Forsa,2020-01-11,2503,06.01.–10.01.,FDP,9
BT02200111D,Forsa,2020-01-11,2503,06.01.–10.01.,Linke,8
BT02200111D,Forsa,2020-01-11,2503,06.01.–10.01.,AfD,13
BT02200111D,Forsa,2020-01-11,2503,06.01.–10.01.,BSW,NA
BT06200116B,Forschungsgruppe Wahlen,2020-01-16,1282,13.01.–15.01.,CDUCSU,27
BT06200116B,Forschungsgruppe Wahlen,2020-01-16,1282,13.01.–15.01.,SPD,14
BT06200116B,Forschungsgruppe Wahlen,2020-01-16,1282,13.01.–15.01.,Gruene,23
BT06200116B,Forschungsgruppe Wahlen,2020-01-16,1282,13.01.–15.01.,FDP,7
BT06200116B,Forschungsgruppe Wahlen,2020-01-16,1282,13.01.–15.01.,Linke,9
BT06200116B,Forschungsgruppe Wahlen,2020-01-16,1282,13.01.–15.01.,AfD,14
BT06200116B,Forschungsgruppe Wahlen,2020-01-16,1282,13.01.–15.01.,BSW,NA
BT03200118P,Verian,2020-01-18,2009,09.01.–15.01.,CDUCSU,26
BT03200118P,Verian,2020-01-18,2009,09.01.–15.01.,SPD,15
BT03200118P,Verian,2020-01-18,2009,09.01.–15.01.,Gruene,21
BT03200118P,Verian,2020-01-18,2009,09.01.–15.01.,FDP,9
BT03200118P,Verian,2020-01-18,2009,09.01.–15.01.,Linke,9
BT03200118P,Verian,2020-01-18,2009,09.01.–15.01.,AfD,14
BT03200118P,Verian,2020-01-18,2009,09.01.–15.01.,BSW,NA
BT02200118E,Forsa,2020-01-18,2504,13.01.–17.01.,CDUCSU,28
BT02200118E,Forsa,2020-01-18,2504,13.01.–17.01.,SPD,13
BT02200118E,Forsa,2020-01-18,2504,13.01.–17.01.,Gruene,22
BT02200118E,Forsa,2020-01-18,2504,13.01.–17.01.,FDP,8
BT02200118E,Forsa,2020-01-18,2504,13.01.–17.01.,Linke,9
BT02200118E,Forsa,2020-01-18,2504,13.01.–17.01.,AfD,13
BT02200118E,Forsa,2020-01-18,2504,13.01.–17.01.,BSW,NA
BT01200123F,Infratest dimap,2020-01-23,1043,21.01.–22.01.,CDUCSU,26
BT01200123F,Infratest dimap,2020-01-23,1043,21.01.–22.01.,SPD,14
BT01200123F,Infratest dimap,2020-01-23,1043,21.01.–22.01.,Gruene,24
BT01200123F,Infratest dimap,2020-01-23,1043,21.01.–22.01.,FDP,8
BT01200123F,Infratest dimap,2020-01-23,1043,21.01.–22.01.,Linke,8
BT01200123F,Infratest dimap,2020-01-23,1043,21.01.–22.01.,AfD,14
BT01200123F,Infratest dimap,2020-01-23,1043,21.01.–22.01.,BSW,NA
BT03200125Q,Verian,2020-01-25,2100,16.01.–22.01.,CDUCSU,26
BT03200125Q,Verian,2020-01-25,2100,16.01.–22.01.,SPD,14
BT03200125Q,Verian,2020-01-25,2100,16.01.–22.01.,Gruene,21
BT03200125Q,Verian,2020-01-25,2100,16.01.–22.01.,FDP,9
BT03200125Q,Verian,2020-01-25,2100,16.01.–22.01.,Linke,10
BT03200125Q,Verian,2020-01-25,2100,16.01.–22.01.,AfD,15
BT03200125Q,Verian,2020-01-25,2100,16.01.–22.01.,BSW,NA
BT02200125F,Forsa,2020-01-25,2507,20.01.–24.01.,CDUCSU,28
BT02200125F,Forsa,2020-01-25,2507,20.01.–24.01.,SPD,12
BT02200125F,Forsa,2020-01-25,2507,20.01.–24.01.,Gruene,23
BT02200125F,Forsa,2020-01-25,2507,20.01.–24.01.,FDP,9
BT02200125F,Forsa,2020-01-25,2507,20.01.–24.01.,Linke,9
BT02200125F,Forsa,2020-01-25,2507,20.01.–24.01.,AfD,12
BT02200125F,Forsa,2020-01-25,2507,20.01.–24.01.,BSW,NA
BT09200129A,Allensbach,2020-01-29,1273,09.01.–22.01.,CDUCSU,28.5
BT09200129A,Allensbach,2020-01-29,1273,09.01.–22.01.,SPD,14
BT09200129A,Allensbach,2020-01-29,1273,09.01.–22.01.,Gruene,23.5
BT09200129A,Allensbach,2020-01-29,1273,09.01.–22.01.,FDP,8
BT09200129A,Allensbach,2020-01-29,1273,09.01.–22.01.,Linke,8
BT09200129A,Allensbach,2020-01-29,1273,09.01.–22.01.,AfD,13
BT09200129A,Allensbach,2020-01-29,1273,09.01.–22.01.,BSW,NA
BT03200201R,Verian,2020-02-01,1442,23.01.–29.01.,CDUCSU,27
BT03200201R,Verian,2020-02-01,1442,23.01.–29.01.,SPD,15
BT03200201R,Verian,2020-02-01,1442,23.01.–29.01.,Gruene,21
BT03200201R,Verian,2020-02-01,1442,23.01.–29.01.,FDP,8
BT03200201R,Verian,2020-02-01,1442,23.01.–29.01.,Linke,9
BT03200201R,Verian,2020-02-01,1442,23.01.–29.01.,AfD,14
BT03200201R,Verian,2020-02-01,1442,23.01.–29.01.,BSW,NA
BT02200201G,Forsa,2020-02-01,2504,27.01.–31.01.,CDUCSU,28
BT02200201G,Forsa,2020-02-01,2504,27.01.–31.01.,SPD,12
BT02200201G,Forsa,2020-02-01,2504,27.01.–31.01.,Gruene,23
BT02200201G,Forsa,2020-02-01,2504,27.01.–31.01.,FDP,9
BT02200201G,Forsa,2020-02-01,2504,27.01.–31.01.,Linke,9
BT02200201G,Forsa,2020-02-01,2504,27.01.–31.01.,AfD,11
BT02200201G,Forsa,2020-02-01,2504,27.01.–31.01.,BSW,NA
BT01200206G,Infratest dimap,2020-02-06,1503,03.02.–05.02.,CDUCSU,27
BT01200206G,Infratest dimap,2020-02-06,1503,03.02.–05.02.,SPD,14
BT01200206G,Infratest dimap,2020-02-06,1503,03.02.–05.02.,Gruene,22
BT01200206G,Infratest dimap,2020-02-06,1503,03.02.–05.02.,FDP,8
BT01200206G,Infratest dimap,2020-02-06,1503,03.02.–05.02.,Linke,9
BT01200206G,Infratest dimap,2020-02-06,1503,03.02.–05.02.,AfD,14
BT01200206G,Infratest dimap,2020-02-06,1503,03.02.–05.02.,BSW,NA
BT06200207C,Forschungsgruppe Wahlen,2020-02-07,1067,04.02.–06.02.,CDUCSU,27
BT06200207C,Forschungsgruppe Wahlen,2020-02-07,1067,04.02.–06.02.,SPD,14
BT06200207C,Forschungsgruppe Wahlen,2020-02-07,1067,04.02.–06.02.,Gruene,22
BT06200207C,Forschungsgruppe Wahlen,2020-02-07,1067,04.02.–06.02.,FDP,6
BT06200207C,Forschungsgruppe Wahlen,2020-02-07,1067,04.02.–06.02.,Linke,10
BT06200207C,Forschungsgruppe Wahlen,2020-02-07,1067,04.02.–06.02.,AfD,14
BT06200207C,Forschungsgruppe Wahlen,2020-02-07,1067,04.02.–06.02.,BSW,NA
BT02200208H,Forsa,2020-02-08,2503,03.02.–07.02.,CDUCSU,28
BT02200208H,Forsa,2020-02-08,2503,03.02.–07.02.,SPD,14
BT02200208H,Forsa,2020-02-08,2503,03.02.–07.02.,Gruene,23
BT02200208H,Forsa,2020-02-08,2503,03.02.–07.02.,FDP,8
BT02200208H,Forsa,2020-02-08,2503,03.02.–07.02.,Linke,9
BT02200208H,Forsa,2020-02-08,2503,03.02.–07.02.,AfD,10
BT02200208H,Forsa,2020-02-08,2503,03.02.–07.02.,BSW,NA
BT03200209S,Verian,2020-02-09,1889,30.01.–05.02.,CDUCSU,28
BT03200209S,Verian,2020-02-09,1889,30.01.–05.02.,SPD,15
BT03200209S,Verian,2020-02-09,1889,30.01.–05.02.,Gruene,20
BT03200209S,Verian,2020-02-09,1889,30.01.–05.02.,FDP,8
BT03200209S,Verian,2020-02-09,1889,30.01.–05.02.,Linke,9
BT03200209S,Verian,2020-02-09,1889,30.01.–05.02.,AfD,15
BT03200209S,Verian,2020-02-09,1889,30.01.–05.02.,BSW,NA
BT01200213H,Infratest dimap,2020-02-13,1007,11.02.–13.02.,CDUCSU,26
BT01200213H,Infratest dimap,2020-02-13,1007,11.02.–13.02.,SPD,16
BT01200213H,Infratest dimap,2020-02-13,1007,11.02.–13.02.,Gruene,22
BT01200213H,Infratest dimap,2020-02-13,1007,11.02.–13.02.,FDP,7
BT01200213H,Infratest dimap,2020-02-13,1007,11.02.–13.02.,Linke,9
BT01200213H,Infratest dimap,2020-02-13,1007,11.02.–13.02.,AfD,14
BT01200213H,Infratest dimap,2020-02-13,1007,11.02.–13.02.,BSW,NA
BT03200215T,Verian,2020-02-15,1886,06.02.–12.02.,CDUCSU,28
BT03200215T,Verian,2020-02-15,1886,06.02.–12.02.,SPD,15
BT03200215T,Verian,2020-02-15,1886,06.02.–12.02.,Gruene,20
BT03200215T,Verian,2020-02-15,1886,06.02.–12.02.,FDP,6
BT03200215T,Verian,2020-02-15,1886,06.02.–12.02.,Linke,10
BT03200215T,Verian,2020-02-15,1886,06.02.–12.02.,AfD,15
BT03200215T,Verian,2020-02-15,1886,06.02.–12.02.,BSW,NA
BT02200215I,Forsa,2020-02-15,2502,10.02.–14.02.,CDUCSU,27
BT02200215I,Forsa,2020-02-15,2502,10.02.–14.02.,SPD,14
BT02200215I,Forsa,2020-02-15,2502,10.02.–14.02.,Gruene,24
BT02200215I,Forsa,2020-02-15,2502,10.02.–14.02.,FDP,6
BT02200215I,Forsa,2020-02-15,2502,10.02.–14.02.,Linke,10
BT02200215I,Forsa,2020-02-15,2502,10.02.–14.02.,AfD,11
BT02200215I,Forsa,2020-02-15,2502,10.02.–14.02.,BSW,NA
BT09200219B,Allensbach,2020-02-19,1262,01.02.–12.02.,CDUCSU,27.5
BT09200219B,Allensbach,2020-02-19,1262,01.02.–12.02.,SPD,14.5
BT09200219B,Allensbach,2020-02-19,1262,01.02.–12.02.,Gruene,23
BT09200219B,Allensbach,2020-02-19,1262,01.02.–12.02.,FDP,8
BT09200219B,Allensbach,2020-02-19,1262,01.02.–12.02.,Linke,9.5
BT09200219B,Allensbach,2020-02-19,1262,01.02.–12.02.,AfD,13
BT09200219B,Allensbach,2020-02-19,1262,01.02.–12.02.,BSW,NA
BT03200222U,Verian,2020-02-22,1417,13.02.–19.02.,CDUCSU,27
BT03200222U,Verian,2020-02-22,1417,13.02.–19.02.,SPD,15
BT03200222U,Verian,2020-02-22,1417,13.02.–19.02.,Gruene,20
BT03200222U,Verian,2020-02-22,1417,13.02.–19.02.,FDP,7
BT03200222U,Verian,2020-02-22,1417,13.02.–19.02.,Linke,10
BT03200222U,Verian,2020-02-22,1417,13.02.–19.02.,AfD,14
BT03200222U,Verian,2020-02-22,1417,13.02.–19.02.,BSW,NA
BT02200222J,Forsa,2020-02-22,2504,17.02.–21.02.,CDUCSU,27
BT02200222J,Forsa,2020-02-22,2504,17.02.–21.02.,SPD,14
BT02200222J,Forsa,2020-02-22,2504,17.02.–21.02.,Gruene,24
BT02200222J,Forsa,2020-02-22,2504,17.02.–21.02.,FDP,7
BT02200222J,Forsa,2020-02-22,2504,17.02.–21.02.,Linke,10
BT02200222J,Forsa,2020-02-22,2504,17.02.–21.02.,AfD,10
BT02200222J,Forsa,2020-02-22,2504,17.02.–21.02.,BSW,NA
BT02200229K,Forsa,2020-02-29,2505,24.02.–28.02.,CDUCSU,27
BT02200229K,Forsa,2020-02-29,2505,24.02.–28.02.,SPD,16
BT02200229K,Forsa,2020-02-29,2505,24.02.–28.02.,Gruene,24
BT02200229K,Forsa,2020-02-29,2505,24.02.–28.02.,FDP,5
BT02200229K,Forsa,2020-02-29,2505,24.02.–28.02.,Linke,10
BT02200229K,Forsa,2020-02-29,2505,24.02.–28.02.,AfD,10
BT02200229K,Forsa,2020-02-29,2505,24.02.–28.02.,BSW,NA
BT03200301V,Verian,2020-03-01,1509,20.02.–27.02.,CDUCSU,25
BT03200301V,Verian,2020-03-01,1509,20.02.–27.02.,SPD,16
BT03200301V,Verian,2020-03-01,1509,20.02.–27.02.,Gruene,22
BT03200301V,Verian,2020-03-01,1509,20.02.–27.02.,FDP,6
BT03200301V,Verian,2020-03-01,1509,20.02.–27.02.,Linke,10
BT03200301V,Verian,2020-03-01,1509,20.02.–27.02.,AfD,14
BT03200301V,Verian,2020-03-01,1509,20.02.–27.02.,BSW,NA
BT01200305I,Infratest dimap,2020-03-05,1502,02.03.–04.03.,CDUCSU,27
BT01200305I,Infratest dimap,2020-03-05,1502,02.03.–04.03.,SPD,16
BT01200305I,Infratest dimap,2020-03-05,1502,02.03.–04.03.,Gruene,23
BT01200305I,Infratest dimap,2020-03-05,1502,02.03.–04.03.,FDP,6
BT01200305I,Infratest dimap,2020-03-05,1502,02.03.–04.03.,Linke,9
BT01200305I,Infratest dimap,2020-03-05,1502,02.03.–04.03.,AfD,12
BT01200305I,Infratest dimap,2020-03-05,1502,02.03.–04.03.,BSW,NA
BT06200306D,Forschungsgruppe Wahlen,2020-03-06,1276,03.03.–05.03.,CDUCSU,26
BT06200306D,Forschungsgruppe Wahlen,2020-03-06,1276,03.03.–05.03.,SPD,16
BT06200306D,Forschungsgruppe Wahlen,2020-03-06,1276,03.03.–05.03.,Gruene,23
BT06200306D,Forschungsgruppe Wahlen,2020-03-06,1276,03.03.–05.03.,FDP,6
BT06200306D,Forschungsgruppe Wahlen,2020-03-06,1276,03.03.–05.03.,Linke,8
BT06200306D,Forschungsgruppe Wahlen,2020-03-06,1276,03.03.–05.03.,AfD,14
BT06200306D,Forschungsgruppe Wahlen,2020-03-06,1276,03.03.–05.03.,BSW,NA
BT13200306L,YouGov,2020-03-06,1632,28.02.–02.03.,CDUCSU,27
BT13200306L,YouGov,2020-03-06,1632,28.02.–02.03.,SPD,15
BT13200306L,YouGov,2020-03-06,1632,28.02.–02.03.,Gruene,21
BT13200306L,YouGov,2020-03-06,1632,28.02.–02.03.,FDP,6
BT13200306L,YouGov,2020-03-06,1632,28.02.–02.03.,Linke,10
BT13200306L,YouGov,2020-03-06,1632,28.02.–02.03.,AfD,14
BT13200306L,YouGov,2020-03-06,1632,28.02.–02.03.,BSW,NA
BT02200307L,Forsa,2020-03-07,2503,02.03.–06.03.,CDUCSU,26
BT02200307L,Forsa,2020-03-07,2503,02.03.–06.03.,SPD,15
BT02200307L,Forsa,2020-03-07,2503,02.03.–06.03.,Gruene,24
BT02200307L,Forsa,2020-03-07,2503,02.03.–06.03.,FDP,6
BT02200307L,Forsa,2020-03-07,2503,02.03.–06.03.,Linke,10
BT02200307L,Forsa,2020-03-07,2503,02.03.–06.03.,AfD,11
BT02200307L,Forsa,2020-03-07,2503,02.03.–06.03.,BSW,NA
BT03200308W,Verian,2020-03-08,1423,27.02.–04.03.,CDUCSU,24
BT03200308W,Verian,2020-03-08,1423,27.02.–04.03.,SPD,17
BT03200308W,Verian,2020-03-08,1423,27.02.–04.03.,Gruene,22
BT03200308W,Verian,2020-03-08,1423,27.02.–04.03.,FDP,7
BT03200308W,Verian,2020-03-08,1423,27.02.–04.03.,Linke,9
BT03200308W,Verian,2020-03-08,1423,27.02.–04.03.,AfD,14
BT03200308W,Verian,2020-03-08,1423,27.02.–04.03.,BSW,NA
BT03200314X,Verian,2020-03-14,1414,04.03.–11.03.,CDUCSU,26
BT03200314X,Verian,2020-03-14,1414,04.03.–11.03.,SPD,17
BT03200314X,Verian,2020-03-14,1414,04.03.–11.03.,Gruene,21
BT03200314X,Verian,2020-03-14,1414,04.03.–11.03.,FDP,7
BT03200314X,Verian,2020-03-14,1414,04.03.–11.03.,Linke,8
BT03200314X,Verian,2020-03-14,1414,04.03.–11.03.,AfD,14
BT03200314X,Verian,2020-03-14,1414,04.03.–11.03.,BSW,NA
BT02200314M,Forsa,2020-03-14,2503,09.03.–13.03.,CDUCSU,29
BT02200314M,Forsa,2020-03-14,2503,09.03.–13.03.,SPD,14
BT02200314M,Forsa,2020-03-14,2503,09.03.–13.03.,Gruene,22
BT02200314M,Forsa,2020-03-14,2503,09.03.–13.03.,FDP,6
BT02200314M,Forsa,2020-03-14,2503,09.03.–13.03.,Linke,10
BT02200314M,Forsa,2020-03-14,2503,09.03.–13.03.,AfD,11
BT02200314M,Forsa,2020-03-14,2503,09.03.–13.03.,BSW,NA
BT01200319J,Infratest dimap,2020-03-19,1035,17.03.–18.03.,CDUCSU,30
BT01200319J,Infratest dimap,2020-03-19,1035,17.03.–18.03.,SPD,14
BT01200319J,Infratest dimap,2020-03-19,1035,17.03.–18.03.,Gruene,23
BT01200319J,Infratest dimap,2020-03-19,1035,17.03.–18.03.,FDP,7
BT01200319J,Infratest dimap,2020-03-19,1035,17.03.–18.03.,Linke,9
BT01200319J,Infratest dimap,2020-03-19,1035,17.03.–18.03.,AfD,10
BT01200319J,Infratest dimap,2020-03-19,1035,17.03.–18.03.,BSW,NA
BT03200321Y,Verian,2020-03-21,1603,12.03.–18.03.,CDUCSU,28
BT03200321Y,Verian,2020-03-21,1603,12.03.–18.03.,SPD,16
BT03200321Y,Verian,2020-03-21,1603,12.03.–18.03.,Gruene,21
BT03200321Y,Verian,2020-03-21,1603,12.03.–18.03.,FDP,7
BT03200321Y,Verian,2020-03-21,1603,12.03.–18.03.,Linke,9
BT03200321Y,Verian,2020-03-21,1603,12.03.–18.03.,AfD,13
BT03200321Y,Verian,2020-03-21,1603,12.03.–18.03.,BSW,NA
BT02200321N,Forsa,2020-03-21,2504,16.03.–20.03.,CDUCSU,32
BT02200321N,Forsa,2020-03-21,2504,16.03.–20.03.,SPD,15
BT02200321N,Forsa,2020-03-21,2504,16.03.–20.03.,Gruene,20
BT02200321N,Forsa,2020-03-21,2504,16.03.–20.03.,FDP,7
BT02200321N,Forsa,2020-03-21,2504,16.03.–20.03.,Linke,9
BT02200321N,Forsa,2020-03-21,2504,16.03.–20.03.,AfD,9
BT02200321N,Forsa,2020-03-21,2504,16.03.–20.03.,BSW,NA
BT09200325C,Allensbach,2020-03-25,1219,05.03.–18.03.,CDUCSU,29
BT09200325C,Allensbach,2020-03-25,1219,05.03.–18.03.,SPD,16.5
BT09200325C,Allensbach,2020-03-25,1219,05.03.–18.03.,Gruene,23
BT09200325C,Allensbach,2020-03-25,1219,05.03.–18.03.,FDP,7
BT09200325C,Allensbach,2020-03-25,1219,05.03.–18.03.,Linke,8
BT09200325C,Allensbach,2020-03-25,1219,05.03.–18.03.,AfD,11.5
BT09200325C,Allensbach,2020-03-25,1219,05.03.–18.03.,BSW,NA
BT02200326O,Forsa,2020-03-26,1502,23.03.–25.03.,CDUCSU,36
BT02200326O,Forsa,2020-03-26,1502,23.03.–25.03.,SPD,16
BT02200326O,Forsa,2020-03-26,1502,23.03.–25.03.,Gruene,17
BT02200326O,Forsa,2020-03-26,1502,23.03.–25.03.,FDP,6
BT02200326O,Forsa,2020-03-26,1502,23.03.–25.03.,Linke,8
BT02200326O,Forsa,2020-03-26,1502,23.03.–25.03.,AfD,9
BT02200326O,Forsa,2020-03-26,1502,23.03.–25.03.,BSW,NA
BT06200327E,Forschungsgruppe Wahlen,2020-03-27,1473,23.03.–26.03.,CDUCSU,33
BT06200327E,Forschungsgruppe Wahlen,2020-03-27,1473,23.03.–26.03.,SPD,15
BT06200327E,Forschungsgruppe Wahlen,2020-03-27,1473,23.03.–26.03.,Gruene,22
BT06200327E,Forschungsgruppe Wahlen,2020-03-27,1473,23.03.–26.03.,FDP,6
BT06200327E,Forschungsgruppe Wahlen,2020-03-27,1473,23.03.–26.03.,Linke,8
BT06200327E,Forschungsgruppe Wahlen,2020-03-27,1473,23.03.–26.03.,AfD,10
BT06200327E,Forschungsgruppe Wahlen,2020-03-27,1473,23.03.–26.03.,BSW,NA
BT03200328A,Verian,2020-03-28,1441,18.03.–25.03.,CDUCSU,32
BT03200328A,Verian,2020-03-28,1441,18.03.–25.03.,SPD,18
BT03200328A,Verian,2020-03-28,1441,18.03.–25.03.,Gruene,19
BT03200328A,Verian,2020-03-28,1441,18.03.–25.03.,FDP,6
BT03200328A,Verian,2020-03-28,1441,18.03.–25.03.,Linke,9
BT03200328A,Verian,2020-03-28,1441,18.03.–25.03.,AfD,11
BT03200328A,Verian,2020-03-28,1441,18.03.–25.03.,BSW,NA
BT02200328P,Forsa,2020-03-28,2511,23.03.–27.03.,CDUCSU,36
BT02200328P,Forsa,2020-03-28,2511,23.03.–27.03.,SPD,16
BT02200328P,Forsa,2020-03-28,2511,23.03.–27.03.,Gruene,17
BT02200328P,Forsa,2020-03-28,2511,23.03.–27.03.,FDP,6
BT02200328P,Forsa,2020-03-28,2511,23.03.–27.03.,Linke,8
BT02200328P,Forsa,2020-03-28,2511,23.03.–27.03.,AfD,9
BT02200328P,Forsa,2020-03-28,2511,23.03.–27.03.,BSW,NA
BT01200402K,Infratest dimap,2020-04-02,1502,30.03.–01.04.,CDUCSU,34
BT01200402K,Infratest dimap,2020-04-02,1502,30.03.–01.04.,SPD,16
BT01200402K,Infratest dimap,2020-04-02,1502,30.03.–01.04.,Gruene,22
BT01200402K,Infratest dimap,2020-04-02,1502,30.03.–01.04.,FDP,5
BT01200402K,Infratest dimap,2020-04-02,1502,30.03.–01.04.,Linke,7
BT01200402K,Infratest dimap,2020-04-02,1502,30.03.–01.04.,AfD,10
BT01200402K,Infratest dimap,2020-04-02,1502,30.03.–01.04.,BSW,NA
BT13200403M,YouGov,2020-04-03,1615,27.03.–30.03.,CDUCSU,34
BT13200403M,YouGov,2020-04-03,1615,27.03.–30.03.,SPD,16
BT13200403M,YouGov,2020-04-03,1615,27.03.–30.03.,Gruene,18
BT13200403M,YouGov,2020-04-03,1615,27.03.–30.03.,FDP,6
BT13200403M,YouGov,2020-04-03,1615,27.03.–30.03.,Linke,9
BT13200403M,YouGov,2020-04-03,1615,27.03.–30.03.,AfD,12
BT13200403M,YouGov,2020-04-03,1615,27.03.–30.03.,BSW,NA
BT03200404B,Verian,2020-04-04,1426,25.03.–01.04.,CDUCSU,33
BT03200404B,Verian,2020-04-04,1426,25.03.–01.04.,SPD,18
BT03200404B,Verian,2020-04-04,1426,25.03.–01.04.,Gruene,18
BT03200404B,Verian,2020-04-04,1426,25.03.–01.04.,FDP,6
BT03200404B,Verian,2020-04-04,1426,25.03.–01.04.,Linke,9
BT03200404B,Verian,2020-04-04,1426,25.03.–01.04.,AfD,11
BT03200404B,Verian,2020-04-04,1426,25.03.–01.04.,BSW,NA
BT02200404Q,Forsa,2020-04-04,2506,30.03.–03.04.,CDUCSU,37
BT02200404Q,Forsa,2020-04-04,2506,30.03.–03.04.,SPD,17
BT02200404Q,Forsa,2020-04-04,2506,30.03.–03.04.,Gruene,16
BT02200404Q,Forsa,2020-04-04,2506,30.03.–03.04.,FDP,6
BT02200404Q,Forsa,2020-04-04,2506,30.03.–03.04.,Linke,8
BT02200404Q,Forsa,2020-04-04,2506,30.03.–03.04.,AfD,9
BT02200404Q,Forsa,2020-04-04,2506,30.03.–03.04.,BSW,NA
BT06200409F,Forschungsgruppe Wahlen,2020-04-09,1175,06.04.–08.04.,CDUCSU,35
BT06200409F,Forschungsgruppe Wahlen,2020-04-09,1175,06.04.–08.04.,SPD,17
BT06200409F,Forschungsgruppe Wahlen,2020-04-09,1175,06.04.–08.04.,Gruene,20
BT06200409F,Forschungsgruppe Wahlen,2020-04-09,1175,06.04.–08.04.,FDP,5
BT06200409F,Forschungsgruppe Wahlen,2020-04-09,1175,06.04.–08.04.,Linke,7
BT06200409F,Forschungsgruppe Wahlen,2020-04-09,1175,06.04.–08.04.,AfD,10
BT06200409F,Forschungsgruppe Wahlen,2020-04-09,1175,06.04.–08.04.,BSW,NA
BT03200411C,Verian,2020-04-11,1912,02.04.–08.04.,CDUCSU,37
BT03200411C,Verian,2020-04-11,1912,02.04.–08.04.,SPD,17
BT03200411C,Verian,2020-04-11,1912,02.04.–08.04.,Gruene,16
BT03200411C,Verian,2020-04-11,1912,02.04.–08.04.,FDP,6
BT03200411C,Verian,2020-04-11,1912,02.04.–08.04.,Linke,9
BT03200411C,Verian,2020-04-11,1912,02.04.–08.04.,AfD,10
BT03200411C,Verian,2020-04-11,1912,02.04.–08.04.,BSW,NA
BT02200411R,Forsa,2020-04-11,2001,06.04.–09.04.,CDUCSU,37
BT02200411R,Forsa,2020-04-11,2001,06.04.–09.04.,SPD,17
BT02200411R,Forsa,2020-04-11,2001,06.04.–09.04.,Gruene,16
BT02200411R,Forsa,2020-04-11,2001,06.04.–09.04.,FDP,5
BT02200411R,Forsa,2020-04-11,2001,06.04.–09.04.,Linke,8
BT02200411R,Forsa,2020-04-11,2001,06.04.–09.04.,AfD,10
BT02200411R,Forsa,2020-04-11,2001,06.04.–09.04.,BSW,NA
BT01200416L,Infratest dimap,2020-04-16,1057,14.04.–15.04.,CDUCSU,38
BT01200416L,Infratest dimap,2020-04-16,1057,14.04.–15.04.,SPD,17
BT01200416L,Infratest dimap,2020-04-16,1057,14.04.–15.04.,Gruene,19
BT01200416L,Infratest dimap,2020-04-16,1057,14.04.–15.04.,FDP,5
BT01200416L,Infratest dimap,2020-04-16,1057,14.04.–15.04.,Linke,7
BT01200416L,Infratest dimap,2020-04-16,1057,14.04.–15.04.,AfD,9
BT01200416L,Infratest dimap,2020-04-16,1057,14.04.–15.04.,BSW,NA
BT03200418D,Verian,2020-04-18,1534,09.04.–15.04.,CDUCSU,37
BT03200418D,Verian,2020-04-18,1534,09.04.–15.04.,SPD,18
BT03200418D,Verian,2020-04-18,1534,09.04.–15.04.,Gruene,16
BT03200418D,Verian,2020-04-18,1534,09.04.–15.04.,FDP,7
BT03200418D,Verian,2020-04-18,1534,09.04.–15.04.,Linke,8
BT03200418D,Verian,2020-04-18,1534,09.04.–15.04.,AfD,9
BT03200418D,Verian,2020-04-18,1534,09.04.–15.04.,BSW,NA
BT02200418S,Forsa,2020-04-18,2002,14.04.–17.04.,CDUCSU,39
BT02200418S,Forsa,2020-04-18,2002,14.04.–17.04.,SPD,16
BT02200418S,Forsa,2020-04-18,2002,14.04.–17.04.,Gruene,15
BT02200418S,Forsa,2020-04-18,2002,14.04.–17.04.,FDP,5
BT02200418S,Forsa,2020-04-18,2002,14.04.–17.04.,Linke,8
BT02200418S,Forsa,2020-04-18,2002,14.04.–17.04.,AfD,10
BT02200418S,Forsa,2020-04-18,2002,14.04.–17.04.,BSW,NA
BT09200424D,Allensbach,2020-04-24,1152,01.04.–15.04.,CDUCSU,38
BT09200424D,Allensbach,2020-04-24,1152,01.04.–15.04.,SPD,16
BT09200424D,Allensbach,2020-04-24,1152,01.04.–15.04.,Gruene,19
BT09200424D,Allensbach,2020-04-24,1152,01.04.–15.04.,FDP,6
BT09200424D,Allensbach,2020-04-24,1152,01.04.–15.04.,Linke,7
BT09200424D,Allensbach,2020-04-24,1152,01.04.–15.04.,AfD,9
BT09200424D,Allensbach,2020-04-24,1152,01.04.–15.04.,BSW,NA
BT06200424G,Forschungsgruppe Wahlen,2020-04-24,1323,20.04.–23.04.,CDUCSU,39
BT06200424G,Forschungsgruppe Wahlen,2020-04-24,1323,20.04.–23.04.,SPD,16
BT06200424G,Forschungsgruppe Wahlen,2020-04-24,1323,20.04.–23.04.,Gruene,18
BT06200424G,Forschungsgruppe Wahlen,2020-04-24,1323,20.04.–23.04.,FDP,5
BT06200424G,Forschungsgruppe Wahlen,2020-04-24,1323,20.04.–23.04.,Linke,7
BT06200424G,Forschungsgruppe Wahlen,2020-04-24,1323,20.04.–23.04.,AfD,9
BT06200424G,Forschungsgruppe Wahlen,2020-04-24,1323,20.04.–23.04.,BSW,NA
BT03200425E,Verian,2020-04-25,2003,16.04.–22.04.,CDUCSU,38
BT03200425E,Verian,2020-04-25,2003,16.04.–22.04.,SPD,16
BT03200425E,Verian,2020-04-25,2003,16.04.–22.04.,Gruene,15
BT03200425E,Verian,2020-04-25,2003,16.04.–22.04.,FDP,6
BT03200425E,Verian,2020-04-25,2003,16.04.–22.04.,Linke,9
BT03200425E,Verian,2020-04-25,2003,16.04.–22.04.,AfD,11
BT03200425E,Verian,2020-04-25,2003,16.04.–22.04.,BSW,NA
BT02200425T,Forsa,2020-04-25,2505,20.04.–24.04.,CDUCSU,39
BT02200425T,Forsa,2020-04-25,2505,20.04.–24.04.,SPD,16
BT02200425T,Forsa,2020-04-25,2505,20.04.–24.04.,Gruene,15
BT02200425T,Forsa,2020-04-25,2505,20.04.–24.04.,FDP,6
BT02200425T,Forsa,2020-04-25,2505,20.04.–24.04.,Linke,8
BT02200425T,Forsa,2020-04-25,2505,20.04.–24.04.,AfD,9
BT02200425T,Forsa,2020-04-25,2505,20.04.–24.04.,BSW,NA
BT04200427J,GMS,2020-04-27,1002,20.04.–27.04.,CDUCSU,38
BT04200427J,GMS,2020-04-27,1002,20.04.–27.04.,SPD,16
BT04200427J,GMS,2020-04-27,1002,20.04.–27.04.,Gruene,16
BT04200427J,GMS,2020-04-27,1002,20.04.–27.04.,FDP,6
BT04200427J,GMS,2020-04-27,1002,20.04.–27.04.,Linke,8
BT04200427J,GMS,2020-04-27,1002,20.04.–27.04.,AfD,10
BT04200427J,GMS,2020-04-27,1002,20.04.–27.04.,BSW,NA
BT13200430O,YouGov,2020-04-30,1636,23.04.–27.04.,CDUCSU,37
BT13200430O,YouGov,2020-04-30,1636,23.04.–27.04.,SPD,16
BT13200430O,YouGov,2020-04-30,1636,23.04.–27.04.,Gruene,16
BT13200430O,YouGov,2020-04-30,1636,23.04.–27.04.,FDP,5
BT13200430O,YouGov,2020-04-30,1636,23.04.–27.04.,Linke,9
BT13200430O,YouGov,2020-04-30,1636,23.04.–27.04.,AfD,11
BT13200430O,YouGov,2020-04-30,1636,23.04.–27.04.,BSW,NA
BT03200502F,Verian,2020-05-02,1443,22.04.–29.04.,CDUCSU,37
BT03200502F,Verian,2020-05-02,1443,22.04.–29.04.,SPD,15
BT03200502F,Verian,2020-05-02,1443,22.04.–29.04.,Gruene,15
BT03200502F,Verian,2020-05-02,1443,22.04.–29.04.,FDP,6
BT03200502F,Verian,2020-05-02,1443,22.04.–29.04.,Linke,9
BT03200502F,Verian,2020-05-02,1443,22.04.–29.04.,AfD,12
BT03200502F,Verian,2020-05-02,1443,22.04.–29.04.,BSW,NA
BT02200502U,Forsa,2020-05-02,2004,27.04.–30.04.,CDUCSU,38
BT02200502U,Forsa,2020-05-02,2004,27.04.–30.04.,SPD,17
BT02200502U,Forsa,2020-05-02,2004,27.04.–30.04.,Gruene,14
BT02200502U,Forsa,2020-05-02,2004,27.04.–30.04.,FDP,6
BT02200502U,Forsa,2020-05-02,2004,27.04.–30.04.,Linke,8
BT02200502U,Forsa,2020-05-02,2004,27.04.–30.04.,AfD,10
BT02200502U,Forsa,2020-05-02,2004,27.04.–30.04.,BSW,NA
BT01200507M,Infratest dimap,2020-05-07,1503,04.05.–06.05.,CDUCSU,39
BT01200507M,Infratest dimap,2020-05-07,1503,04.05.–06.05.,SPD,16
BT01200507M,Infratest dimap,2020-05-07,1503,04.05.–06.05.,Gruene,18
BT01200507M,Infratest dimap,2020-05-07,1503,04.05.–06.05.,FDP,5
BT01200507M,Infratest dimap,2020-05-07,1503,04.05.–06.05.,Linke,8
BT01200507M,Infratest dimap,2020-05-07,1503,04.05.–06.05.,AfD,9
BT01200507M,Infratest dimap,2020-05-07,1503,04.05.–06.05.,BSW,NA
BT03200509G,Verian,2020-05-09,1426,30.04.–06.05.,CDUCSU,38
BT03200509G,Verian,2020-05-09,1426,30.04.–06.05.,SPD,17
BT03200509G,Verian,2020-05-09,1426,30.04.–06.05.,Gruene,14
BT03200509G,Verian,2020-05-09,1426,30.04.–06.05.,FDP,5
BT03200509G,Verian,2020-05-09,1426,30.04.–06.05.,Linke,8
BT03200509G,Verian,2020-05-09,1426,30.04.–06.05.,AfD,12
BT03200509G,Verian,2020-05-09,1426,30.04.–06.05.,BSW,NA
BT02200509V,Forsa,2020-05-09,2503,04.05.–08.05.,CDUCSU,40
BT02200509V,Forsa,2020-05-09,2503,04.05.–08.05.,SPD,15
BT02200509V,Forsa,2020-05-09,2503,04.05.–08.05.,Gruene,15
BT02200509V,Forsa,2020-05-09,2503,04.05.–08.05.,FDP,6
BT02200509V,Forsa,2020-05-09,2503,04.05.–08.05.,Linke,7
BT02200509V,Forsa,2020-05-09,2503,04.05.–08.05.,AfD,10
BT02200509V,Forsa,2020-05-09,2503,04.05.–08.05.,BSW,NA
BT01200514N,Infratest dimap,2020-05-14,1074,12.05.–13.05.,CDUCSU,38
BT01200514N,Infratest dimap,2020-05-14,1074,12.05.–13.05.,SPD,15
BT01200514N,Infratest dimap,2020-05-14,1074,12.05.–13.05.,Gruene,18
BT01200514N,Infratest dimap,2020-05-14,1074,12.05.–13.05.,FDP,6
BT01200514N,Infratest dimap,2020-05-14,1074,12.05.–13.05.,Linke,7
BT01200514N,Infratest dimap,2020-05-14,1074,12.05.–13.05.,AfD,10
BT01200514N,Infratest dimap,2020-05-14,1074,12.05.–13.05.,BSW,NA
BT06200515H,Forschungsgruppe Wahlen,2020-05-15,1282,12.05.–14.05.,CDUCSU,38
BT06200515H,Forschungsgruppe Wahlen,2020-05-15,1282,12.05.–14.05.,SPD,15
BT06200515H,Forschungsgruppe Wahlen,2020-05-15,1282,12.05.–14.05.,Gruene,18
BT06200515H,Forschungsgruppe Wahlen,2020-05-15,1282,12.05.–14.05.,FDP,5
BT06200515H,Forschungsgruppe Wahlen,2020-05-15,1282,12.05.–14.05.,Linke,8
BT06200515H,Forschungsgruppe Wahlen,2020-05-15,1282,12.05.–14.05.,AfD,10
BT06200515H,Forschungsgruppe Wahlen,2020-05-15,1282,12.05.–14.05.,BSW,NA
BT03200516H,Verian,2020-05-16,1559,07.05.–13.05.,CDUCSU,39
BT03200516H,Verian,2020-05-16,1559,07.05.–13.05.,SPD,16
BT03200516H,Verian,2020-05-16,1559,07.05.–13.05.,Gruene,14
BT03200516H,Verian,2020-05-16,1559,07.05.–13.05.,FDP,6
BT03200516H,Verian,2020-05-16,1559,07.05.–13.05.,Linke,8
BT03200516H,Verian,2020-05-16,1559,07.05.–13.05.,AfD,11
BT03200516H,Verian,2020-05-16,1559,07.05.–13.05.,BSW,NA
BT02200516W,Forsa,2020-05-16,2509,11.05.–15.05.,CDUCSU,39
BT02200516W,Forsa,2020-05-16,2509,11.05.–15.05.,SPD,15
BT02200516W,Forsa,2020-05-16,2509,11.05.–15.05.,Gruene,16
BT02200516W,Forsa,2020-05-16,2509,11.05.–15.05.,FDP,6
BT02200516W,Forsa,2020-05-16,2509,11.05.–15.05.,Linke,8
BT02200516W,Forsa,2020-05-16,2509,11.05.–15.05.,AfD,9
BT02200516W,Forsa,2020-05-16,2509,11.05.–15.05.,BSW,NA
BT09200522E,Allensbach,2020-05-22,1013,06.05.–14.05.,CDUCSU,38
BT09200522E,Allensbach,2020-05-22,1013,06.05.–14.05.,SPD,15.5
BT09200522E,Allensbach,2020-05-22,1013,06.05.–14.05.,Gruene,19
BT09200522E,Allensbach,2020-05-22,1013,06.05.–14.05.,FDP,5.5
BT09200522E,Allensbach,2020-05-22,1013,06.05.–14.05.,Linke,7
BT09200522E,Allensbach,2020-05-22,1013,06.05.–14.05.,AfD,9
BT09200522E,Allensbach,2020-05-22,1013,06.05.–14.05.,BSW,NA
BT03200523I,Verian,2020-05-23,1914,14.05.–19.05.,CDUCSU,38
BT03200523I,Verian,2020-05-23,1914,14.05.–19.05.,SPD,16
BT03200523I,Verian,2020-05-23,1914,14.05.–19.05.,Gruene,15
BT03200523I,Verian,2020-05-23,1914,14.05.–19.05.,FDP,7
BT03200523I,Verian,2020-05-23,1914,14.05.–19.05.,Linke,8
BT03200523I,Verian,2020-05-23,1914,14.05.–19.05.,AfD,10
BT03200523I,Verian,2020-05-23,1914,14.05.–19.05.,BSW,NA
BT02200523X,Forsa,2020-05-23,2002,18.05.–22.05.,CDUCSU,40
BT02200523X,Forsa,2020-05-23,2002,18.05.–22.05.,SPD,15
BT02200523X,Forsa,2020-05-23,2002,18.05.–22.05.,Gruene,16
BT02200523X,Forsa,2020-05-23,2002,18.05.–22.05.,FDP,5
BT02200523X,Forsa,2020-05-23,2002,18.05.–22.05.,Linke,8
BT02200523X,Forsa,2020-05-23,2002,18.05.–22.05.,AfD,9
BT02200523X,Forsa,2020-05-23,2002,18.05.–22.05.,BSW,NA
BT13200528P,YouGov,2020-05-28,1584,20.05.–26.05.,CDUCSU,37
BT13200528P,YouGov,2020-05-28,1584,20.05.–26.05.,SPD,15
BT13200528P,YouGov,2020-05-28,1584,20.05.–26.05.,Gruene,16
BT13200528P,YouGov,2020-05-28,1584,20.05.–26.05.,FDP,5
BT13200528P,YouGov,2020-05-28,1584,20.05.–26.05.,Linke,9
BT13200528P,YouGov,2020-05-28,1584,20.05.–26.05.,AfD,11
BT13200528P,YouGov,2020-05-28,1584,20.05.–26.05.,BSW,NA
BT06200529I,Forschungsgruppe Wahlen,2020-05-29,1377,26.05.–28.05.,CDUCSU,39
BT06200529I,Forschungsgruppe Wahlen,2020-05-29,1377,26.05.–28.05.,SPD,15
BT06200529I,Forschungsgruppe Wahlen,2020-05-29,1377,26.05.–28.05.,Gruene,19
BT06200529I,Forschungsgruppe Wahlen,2020-05-29,1377,26.05.–28.05.,FDP,4
BT06200529I,Forschungsgruppe Wahlen,2020-05-29,1377,26.05.–28.05.,Linke,8
BT06200529I,Forschungsgruppe Wahlen,2020-05-29,1377,26.05.–28.05.,AfD,9
BT06200529I,Forschungsgruppe Wahlen,2020-05-29,1377,26.05.–28.05.,BSW,NA
BT03200530J,Verian,2020-05-30,1934,20.05.–26.05.,CDUCSU,40
BT03200530J,Verian,2020-05-30,1934,20.05.–26.05.,SPD,16
BT03200530J,Verian,2020-05-30,1934,20.05.–26.05.,Gruene,15
BT03200530J,Verian,2020-05-30,1934,20.05.–26.05.,FDP,8
BT03200530J,Verian,2020-05-30,1934,20.05.–26.05.,Linke,7
BT03200530J,Verian,2020-05-30,1934,20.05.–26.05.,AfD,9
BT03200530J,Verian,2020-05-30,1934,20.05.–26.05.,BSW,NA
BT02200530Y,Forsa,2020-05-30,2500,25.05.–29.05.,CDUCSU,40
BT02200530Y,Forsa,2020-05-30,2500,25.05.–29.05.,SPD,15
BT02200530Y,Forsa,2020-05-30,2500,25.05.–29.05.,Gruene,16
BT02200530Y,Forsa,2020-05-30,2500,25.05.–29.05.,FDP,5
BT02200530Y,Forsa,2020-05-30,2500,25.05.–29.05.,Linke,8
BT02200530Y,Forsa,2020-05-30,2500,25.05.–29.05.,AfD,9
BT02200530Y,Forsa,2020-05-30,2500,25.05.–29.05.,BSW,NA
BT01200604O,Infratest dimap,2020-06-04,1505,02.06.–03.06.,CDUCSU,38
BT01200604O,Infratest dimap,2020-06-04,1505,02.06.–03.06.,SPD,15
BT01200604O,Infratest dimap,2020-06-04,1505,02.06.–03.06.,Gruene,19
BT01200604O,Infratest dimap,2020-06-04,1505,02.06.–03.06.,FDP,6
BT01200604O,Infratest dimap,2020-06-04,1505,02.06.–03.06.,Linke,8
BT01200604O,Infratest dimap,2020-06-04,1505,02.06.–03.06.,AfD,9
BT01200604O,Infratest dimap,2020-06-04,1505,02.06.–03.06.,BSW,NA
BT03200606K,Verian,2020-06-06,1428,28.05.–03.06.,CDUCSU,38
BT03200606K,Verian,2020-06-06,1428,28.05.–03.06.,SPD,15
BT03200606K,Verian,2020-06-06,1428,28.05.–03.06.,Gruene,16
BT03200606K,Verian,2020-06-06,1428,28.05.–03.06.,FDP,7
BT03200606K,Verian,2020-06-06,1428,28.05.–03.06.,Linke,8
BT03200606K,Verian,2020-06-06,1428,28.05.–03.06.,AfD,8
BT03200606K,Verian,2020-06-06,1428,28.05.–03.06.,BSW,NA
BT02200606A,Forsa,2020-06-06,2002,02.06.–05.06.,CDUCSU,40
BT02200606A,Forsa,2020-06-06,2002,02.06.–05.06.,SPD,16
BT02200606A,Forsa,2020-06-06,2002,02.06.–05.06.,Gruene,15
BT02200606A,Forsa,2020-06-06,2002,02.06.–05.06.,FDP,6
BT02200606A,Forsa,2020-06-06,2002,02.06.–05.06.,Linke,8
BT02200606A,Forsa,2020-06-06,2002,02.06.–05.06.,AfD,8
BT02200606A,Forsa,2020-06-06,2002,02.06.–05.06.,BSW,NA
BT06200612K,Forschungsgruppe Wahlen,2020-06-12,1270,08.06.–10.06.,CDUCSU,39
BT06200612K,Forschungsgruppe Wahlen,2020-06-12,1270,08.06.–10.06.,SPD,15
BT06200612K,Forschungsgruppe Wahlen,2020-06-12,1270,08.06.–10.06.,Gruene,20
BT06200612K,Forschungsgruppe Wahlen,2020-06-12,1270,08.06.–10.06.,FDP,4
BT06200612K,Forschungsgruppe Wahlen,2020-06-12,1270,08.06.–10.06.,Linke,7
BT06200612K,Forschungsgruppe Wahlen,2020-06-12,1270,08.06.–10.06.,AfD,9
BT06200612K,Forschungsgruppe Wahlen,2020-06-12,1270,08.06.–10.06.,BSW,NA
BT03200613L,Verian,2020-06-13,1934,04.06.–09.06.,CDUCSU,39
BT03200613L,Verian,2020-06-13,1934,04.06.–09.06.,SPD,15
BT03200613L,Verian,2020-06-13,1934,04.06.–09.06.,Gruene,17
BT03200613L,Verian,2020-06-13,1934,04.06.–09.06.,FDP,7
BT03200613L,Verian,2020-06-13,1934,04.06.–09.06.,Linke,7
BT03200613L,Verian,2020-06-13,1934,04.06.–09.06.,AfD,9
BT03200613L,Verian,2020-06-13,1934,04.06.–09.06.,BSW,NA
BT02200613B,Forsa,2020-06-13,2504,08.06.–13.06.,CDUCSU,40
BT02200613B,Forsa,2020-06-13,2504,08.06.–13.06.,SPD,14
BT02200613B,Forsa,2020-06-13,2504,08.06.–13.06.,Gruene,17
BT02200613B,Forsa,2020-06-13,2504,08.06.–13.06.,FDP,6
BT02200613B,Forsa,2020-06-13,2504,08.06.–13.06.,Linke,8
BT02200613B,Forsa,2020-06-13,2504,08.06.–13.06.,AfD,8
BT02200613B,Forsa,2020-06-13,2504,08.06.–13.06.,BSW,NA
BT04200615K,GMS,2020-06-15,1002,09.06.–15.06.,CDUCSU,39
BT04200615K,GMS,2020-06-15,1002,09.06.–15.06.,SPD,15
BT04200615K,GMS,2020-06-15,1002,09.06.–15.06.,Gruene,17
BT04200615K,GMS,2020-06-15,1002,09.06.–15.06.,FDP,6
BT04200615K,GMS,2020-06-15,1002,09.06.–15.06.,Linke,8
BT04200615K,GMS,2020-06-15,1002,09.06.–15.06.,AfD,9
BT04200615K,GMS,2020-06-15,1002,09.06.–15.06.,BSW,NA
BT09200618F,Allensbach,2020-06-18,1314,01.06.–13.06.,CDUCSU,40
BT09200618F,Allensbach,2020-06-18,1314,01.06.–13.06.,SPD,16
BT09200618F,Allensbach,2020-06-18,1314,01.06.–13.06.,Gruene,18.5
BT09200618F,Allensbach,2020-06-18,1314,01.06.–13.06.,FDP,4.5
BT09200618F,Allensbach,2020-06-18,1314,01.06.–13.06.,Linke,7
BT09200618F,Allensbach,2020-06-18,1314,01.06.–13.06.,AfD,9.5
BT09200618F,Allensbach,2020-06-18,1314,01.06.–13.06.,BSW,NA
BT03200620M,Verian,2020-06-20,2403,10.06.–17.06.,CDUCSU,38
BT03200620M,Verian,2020-06-20,2403,10.06.–17.06.,SPD,15
BT03200620M,Verian,2020-06-20,2403,10.06.–17.06.,Gruene,17
BT03200620M,Verian,2020-06-20,2403,10.06.–17.06.,FDP,7
BT03200620M,Verian,2020-06-20,2403,10.06.–17.06.,Linke,8
BT03200620M,Verian,2020-06-20,2403,10.06.–17.06.,AfD,10
BT03200620M,Verian,2020-06-20,2403,10.06.–17.06.,BSW,NA
BT02200620C,Forsa,2020-06-20,2501,15.06.–19.06.,CDUCSU,39
BT02200620C,Forsa,2020-06-20,2501,15.06.–19.06.,SPD,14
BT02200620C,Forsa,2020-06-20,2501,15.06.–19.06.,Gruene,18
BT02200620C,Forsa,2020-06-20,2501,15.06.–19.06.,FDP,5
BT02200620C,Forsa,2020-06-20,2501,15.06.–19.06.,Linke,8
BT02200620C,Forsa,2020-06-20,2501,15.06.–19.06.,AfD,9
BT02200620C,Forsa,2020-06-20,2501,15.06.–19.06.,BSW,NA
BT01200625P,Infratest dimap,2020-06-25,1068,23.06.–24.06.,CDUCSU,37
BT01200625P,Infratest dimap,2020-06-25,1068,23.06.–24.06.,SPD,16
BT01200625P,Infratest dimap,2020-06-25,1068,23.06.–24.06.,Gruene,20
BT01200625P,Infratest dimap,2020-06-25,1068,23.06.–24.06.,FDP,5
BT01200625P,Infratest dimap,2020-06-25,1068,23.06.–24.06.,Linke,7
BT01200625P,Infratest dimap,2020-06-25,1068,23.06.–24.06.,AfD,10
BT01200625P,Infratest dimap,2020-06-25,1068,23.06.–24.06.,BSW,NA
BT06200626L,Forschungsgruppe Wahlen,2020-06-26,1227,23.06.–25.06.,CDUCSU,40
BT06200626L,Forschungsgruppe Wahlen,2020-06-26,1227,23.06.–25.06.,SPD,15
BT06200626L,Forschungsgruppe Wahlen,2020-06-26,1227,23.06.–25.06.,Gruene,19
BT06200626L,Forschungsgruppe Wahlen,2020-06-26,1227,23.06.–25.06.,FDP,5
BT06200626L,Forschungsgruppe Wahlen,2020-06-26,1227,23.06.–25.06.,Linke,7
BT06200626L,Forschungsgruppe Wahlen,2020-06-26,1227,23.06.–25.06.,AfD,9
BT06200626L,Forschungsgruppe Wahlen,2020-06-26,1227,23.06.–25.06.,BSW,NA
BT13200626Q,YouGov,2020-06-26,1636,18.06.–22.06.,CDUCSU,37
BT13200626Q,YouGov,2020-06-26,1636,18.06.–22.06.,SPD,15
BT13200626Q,YouGov,2020-06-26,1636,18.06.–22.06.,Gruene,17
BT13200626Q,YouGov,2020-06-26,1636,18.06.–22.06.,FDP,5
BT13200626Q,YouGov,2020-06-26,1636,18.06.–22.06.,Linke,9
BT13200626Q,YouGov,2020-06-26,1636,18.06.–22.06.,AfD,11
BT13200626Q,YouGov,2020-06-26,1636,18.06.–22.06.,BSW,NA
BT03200627N,Verian,2020-06-27,1550,18.06.–24.06.,CDUCSU,37
BT03200627N,Verian,2020-06-27,1550,18.06.–24.06.,SPD,16
BT03200627N,Verian,2020-06-27,1550,18.06.–24.06.,Gruene,18
BT03200627N,Verian,2020-06-27,1550,18.06.–24.06.,FDP,6
BT03200627N,Verian,2020-06-27,1550,18.06.–24.06.,Linke,8
BT03200627N,Verian,2020-06-27,1550,18.06.–24.06.,AfD,10
BT03200627N,Verian,2020-06-27,1550,18.06.–24.06.,BSW,NA
BT02200627D,Forsa,2020-06-27,2501,22.06.–26.06.,CDUCSU,38
BT02200627D,Forsa,2020-06-27,2501,22.06.–26.06.,SPD,14
BT02200627D,Forsa,2020-06-27,2501,22.06.–26.06.,Gruene,17
BT02200627D,Forsa,2020-06-27,2501,22.06.–26.06.,FDP,6
BT02200627D,Forsa,2020-06-27,2501,22.06.–26.06.,Linke,8
BT02200627D,Forsa,2020-06-27,2501,22.06.–26.06.,AfD,10
BT02200627D,Forsa,2020-06-27,2501,22.06.–26.06.,BSW,NA
BT01200702Q,Infratest dimap,2020-07-02,1503,29.06.–01.07.,CDUCSU,37
BT01200702Q,Infratest dimap,2020-07-02,1503,29.06.–01.07.,SPD,16
BT01200702Q,Infratest dimap,2020-07-02,1503,29.06.–01.07.,Gruene,20
BT01200702Q,Infratest dimap,2020-07-02,1503,29.06.–01.07.,FDP,5
BT01200702Q,Infratest dimap,2020-07-02,1503,29.06.–01.07.,Linke,7
BT01200702Q,Infratest dimap,2020-07-02,1503,29.06.–01.07.,AfD,10
BT01200702Q,Infratest dimap,2020-07-02,1503,29.06.–01.07.,BSW,NA
BT03200704O,Verian,2020-07-04,1436,24.06.–02.07.,CDUCSU,37
BT03200704O,Verian,2020-07-04,1436,24.06.–02.07.,SPD,16
BT03200704O,Verian,2020-07-04,1436,24.06.–02.07.,Gruene,19
BT03200704O,Verian,2020-07-04,1436,24.06.–02.07.,FDP,6
BT03200704O,Verian,2020-07-04,1436,24.06.–02.07.,Linke,8
BT03200704O,Verian,2020-07-04,1436,24.06.–02.07.,AfD,10
BT03200704O,Verian,2020-07-04,1436,24.06.–02.07.,BSW,NA
BT02200704E,Forsa,2020-07-04,2503,29.06.–03.07.,CDUCSU,38
BT02200704E,Forsa,2020-07-04,2503,29.06.–03.07.,SPD,14
BT02200704E,Forsa,2020-07-04,2503,29.06.–03.07.,Gruene,18
BT02200704E,Forsa,2020-07-04,2503,29.06.–03.07.,FDP,5
BT02200704E,Forsa,2020-07-04,2503,29.06.–03.07.,Linke,8
BT02200704E,Forsa,2020-07-04,2503,29.06.–03.07.,AfD,10
BT02200704E,Forsa,2020-07-04,2503,29.06.–03.07.,BSW,NA
BT06200710M,Forschungsgruppe Wahlen,2020-07-10,1226,07.07.–09.07.,CDUCSU,39
BT06200710M,Forschungsgruppe Wahlen,2020-07-10,1226,07.07.–09.07.,SPD,15
BT06200710M,Forschungsgruppe Wahlen,2020-07-10,1226,07.07.–09.07.,Gruene,20
BT06200710M,Forschungsgruppe Wahlen,2020-07-10,1226,07.07.–09.07.,FDP,5
BT06200710M,Forschungsgruppe Wahlen,2020-07-10,1226,07.07.–09.07.,Linke,7
BT06200710M,Forschungsgruppe Wahlen,2020-07-10,1226,07.07.–09.07.,AfD,9
BT06200710M,Forschungsgruppe Wahlen,2020-07-10,1226,07.07.–09.07.,BSW,NA
BT02200711F,Forsa,2020-07-11,2500,06.07.–10.07.,CDUCSU,38
BT02200711F,Forsa,2020-07-11,2500,06.07.–10.07.,SPD,14
BT02200711F,Forsa,2020-07-11,2500,06.07.–10.07.,Gruene,18
BT02200711F,Forsa,2020-07-11,2500,06.07.–10.07.,FDP,6
BT02200711F,Forsa,2020-07-11,2500,06.07.–10.07.,Linke,7
BT02200711F,Forsa,2020-07-11,2500,06.07.–10.07.,AfD,10
BT02200711F,Forsa,2020-07-11,2500,06.07.–10.07.,BSW,NA
BT03200712P,Verian,2020-07-12,1426,02.07.–08.07.,CDUCSU,38
BT03200712P,Verian,2020-07-12,1426,02.07.–08.07.,SPD,15
BT03200712P,Verian,2020-07-12,1426,02.07.–08.07.,Gruene,17
BT03200712P,Verian,2020-07-12,1426,02.07.–08.07.,FDP,6
BT03200712P,Verian,2020-07-12,1426,02.07.–08.07.,Linke,8
BT03200712P,Verian,2020-07-12,1426,02.07.–08.07.,AfD,11
BT03200712P,Verian,2020-07-12,1426,02.07.–08.07.,BSW,NA
BT03200718Q,Verian,2020-07-18,1449,09.07.–15.07.,CDUCSU,38
BT03200718Q,Verian,2020-07-18,1449,09.07.–15.07.,SPD,16
BT03200718Q,Verian,2020-07-18,1449,09.07.–15.07.,Gruene,17
BT03200718Q,Verian,2020-07-18,1449,09.07.–15.07.,FDP,6
BT03200718Q,Verian,2020-07-18,1449,09.07.–15.07.,Linke,8
BT03200718Q,Verian,2020-07-18,1449,09.07.–15.07.,AfD,10
BT03200718Q,Verian,2020-07-18,1449,09.07.–15.07.,BSW,NA
BT02200718G,Forsa,2020-07-18,2501,13.07.–16.07.,CDUCSU,38
BT02200718G,Forsa,2020-07-18,2501,13.07.–16.07.,SPD,14
BT02200718G,Forsa,2020-07-18,2501,13.07.–16.07.,Gruene,18
BT02200718G,Forsa,2020-07-18,2501,13.07.–16.07.,FDP,6
BT02200718G,Forsa,2020-07-18,2501,13.07.–16.07.,Linke,8
BT02200718G,Forsa,2020-07-18,2501,13.07.–16.07.,AfD,9
BT02200718G,Forsa,2020-07-18,2501,13.07.–16.07.,BSW,NA
BT09200722G,Allensbach,2020-07-22,1237,03.07.–16.07.,CDUCSU,38
BT09200722G,Allensbach,2020-07-22,1237,03.07.–16.07.,SPD,15.5
BT09200722G,Allensbach,2020-07-22,1237,03.07.–16.07.,Gruene,20
BT09200722G,Allensbach,2020-07-22,1237,03.07.–16.07.,FDP,5.5
BT09200722G,Allensbach,2020-07-22,1237,03.07.–16.07.,Linke,7.5
BT09200722G,Allensbach,2020-07-22,1237,03.07.–16.07.,AfD,9
BT09200722G,Allensbach,2020-07-22,1237,03.07.–16.07.,BSW,NA
BT01200723R,Infratest dimap,2020-07-23,1064,21.07.–22.07.,CDUCSU,37
BT01200723R,Infratest dimap,2020-07-23,1064,21.07.–22.07.,SPD,14
BT01200723R,Infratest dimap,2020-07-23,1064,21.07.–22.07.,Gruene,20
BT01200723R,Infratest dimap,2020-07-23,1064,21.07.–22.07.,FDP,5
BT01200723R,Infratest dimap,2020-07-23,1064,21.07.–22.07.,Linke,7
BT01200723R,Infratest dimap,2020-07-23,1064,21.07.–22.07.,AfD,11
BT01200723R,Infratest dimap,2020-07-23,1064,21.07.–22.07.,BSW,NA
BT02200725H,Forsa,2020-07-25,2504,20.07.–24.07.,CDUCSU,38
BT02200725H,Forsa,2020-07-25,2504,20.07.–24.07.,SPD,14
BT02200725H,Forsa,2020-07-25,2504,20.07.–24.07.,Gruene,18
BT02200725H,Forsa,2020-07-25,2504,20.07.–24.07.,FDP,6
BT02200725H,Forsa,2020-07-25,2504,20.07.–24.07.,Linke,8
BT02200725H,Forsa,2020-07-25,2504,20.07.–24.07.,AfD,9
BT02200725H,Forsa,2020-07-25,2504,20.07.–24.07.,BSW,NA
BT03200726R,Verian,2020-07-26,2031,16.07.–22.07.,CDUCSU,37
BT03200726R,Verian,2020-07-26,2031,16.07.–22.07.,SPD,15
BT03200726R,Verian,2020-07-26,2031,16.07.–22.07.,Gruene,18
BT03200726R,Verian,2020-07-26,2031,16.07.–22.07.,FDP,6
BT03200726R,Verian,2020-07-26,2031,16.07.–22.07.,Linke,8
BT03200726R,Verian,2020-07-26,2031,16.07.–22.07.,AfD,11
BT03200726R,Verian,2020-07-26,2031,16.07.–22.07.,BSW,NA
BT04200727L,GMS,2020-07-27,1003,22.07.–27.07.,CDUCSU,38
BT04200727L,GMS,2020-07-27,1003,22.07.–27.07.,SPD,14
BT04200727L,GMS,2020-07-27,1003,22.07.–27.07.,Gruene,19
BT04200727L,GMS,2020-07-27,1003,22.07.–27.07.,FDP,6
BT04200727L,GMS,2020-07-27,1003,22.07.–27.07.,Linke,6
BT04200727L,GMS,2020-07-27,1003,22.07.–27.07.,AfD,10
BT04200727L,GMS,2020-07-27,1003,22.07.–27.07.,BSW,NA
BT06200731N,Forschungsgruppe Wahlen,2020-07-31,1249,28.07.–30.07.,CDUCSU,38
BT06200731N,Forschungsgruppe Wahlen,2020-07-31,1249,28.07.–30.07.,SPD,14
BT06200731N,Forschungsgruppe Wahlen,2020-07-31,1249,28.07.–30.07.,Gruene,21
BT06200731N,Forschungsgruppe Wahlen,2020-07-31,1249,28.07.–30.07.,FDP,5
BT06200731N,Forschungsgruppe Wahlen,2020-07-31,1249,28.07.–30.07.,Linke,8
BT06200731N,Forschungsgruppe Wahlen,2020-07-31,1249,28.07.–30.07.,AfD,9
BT06200731N,Forschungsgruppe Wahlen,2020-07-31,1249,28.07.–30.07.,BSW,NA
BT02200801I,Forsa,2020-08-01,2504,27.07.–31.07.,CDUCSU,38
BT02200801I,Forsa,2020-08-01,2504,27.07.–31.07.,SPD,14
BT02200801I,Forsa,2020-08-01,2504,27.07.–31.07.,Gruene,18
BT02200801I,Forsa,2020-08-01,2504,27.07.–31.07.,FDP,6
BT02200801I,Forsa,2020-08-01,2504,27.07.–31.07.,Linke,8
BT02200801I,Forsa,2020-08-01,2504,27.07.–31.07.,AfD,8
BT02200801I,Forsa,2020-08-01,2504,27.07.–31.07.,BSW,NA
BT03200802S,Verian,2020-08-02,1449,23.07.–29.07.,CDUCSU,37
BT03200802S,Verian,2020-08-02,1449,23.07.–29.07.,SPD,16
BT03200802S,Verian,2020-08-02,1449,23.07.–29.07.,Gruene,17
BT03200802S,Verian,2020-08-02,1449,23.07.–29.07.,FDP,6
BT03200802S,Verian,2020-08-02,1449,23.07.–29.07.,Linke,8
BT03200802S,Verian,2020-08-02,1449,23.07.–29.07.,AfD,10
BT03200802S,Verian,2020-08-02,1449,23.07.–29.07.,BSW,NA
BT01200806S,Infratest dimap,2020-08-06,1511,03.08.–05.08.,CDUCSU,38
BT01200806S,Infratest dimap,2020-08-06,1511,03.08.–05.08.,SPD,15
BT01200806S,Infratest dimap,2020-08-06,1511,03.08.–05.08.,Gruene,18
BT01200806S,Infratest dimap,2020-08-06,1511,03.08.–05.08.,FDP,6
BT01200806S,Infratest dimap,2020-08-06,1511,03.08.–05.08.,Linke,7
BT01200806S,Infratest dimap,2020-08-06,1511,03.08.–05.08.,AfD,11
BT01200806S,Infratest dimap,2020-08-06,1511,03.08.–05.08.,BSW,NA
BT13200806R,YouGov,2020-08-06,1623,30.07.–04.08.,CDUCSU,36
BT13200806R,YouGov,2020-08-06,1623,30.07.–04.08.,SPD,14
BT13200806R,YouGov,2020-08-06,1623,30.07.–04.08.,Gruene,18
BT13200806R,YouGov,2020-08-06,1623,30.07.–04.08.,FDP,6
BT13200806R,YouGov,2020-08-06,1623,30.07.–04.08.,Linke,9
BT13200806R,YouGov,2020-08-06,1623,30.07.–04.08.,AfD,11
BT13200806R,YouGov,2020-08-06,1623,30.07.–04.08.,BSW,NA
BT02200808J,Forsa,2020-08-08,2502,03.08.–07.08.,CDUCSU,38
BT02200808J,Forsa,2020-08-08,2502,03.08.–07.08.,SPD,14
BT02200808J,Forsa,2020-08-08,2502,03.08.–07.08.,Gruene,18
BT02200808J,Forsa,2020-08-08,2502,03.08.–07.08.,FDP,6
BT02200808J,Forsa,2020-08-08,2502,03.08.–07.08.,Linke,8
BT02200808J,Forsa,2020-08-08,2502,03.08.–07.08.,AfD,8
BT02200808J,Forsa,2020-08-08,2502,03.08.–07.08.,BSW,NA
BT03200809T,Verian,2020-08-09,1564,30.07.–06.08.,CDUCSU,38
BT03200809T,Verian,2020-08-09,1564,30.07.–06.08.,SPD,15
BT03200809T,Verian,2020-08-09,1564,30.07.–06.08.,Gruene,18
BT03200809T,Verian,2020-08-09,1564,30.07.–06.08.,FDP,6
BT03200809T,Verian,2020-08-09,1564,30.07.–06.08.,Linke,8
BT03200809T,Verian,2020-08-09,1564,30.07.–06.08.,AfD,11
BT03200809T,Verian,2020-08-09,1564,30.07.–06.08.,BSW,NA
BT02200815K,Forsa,2020-08-15,2501,10.08.–14.08.,CDUCSU,36
BT02200815K,Forsa,2020-08-15,2501,10.08.–14.08.,SPD,16
BT02200815K,Forsa,2020-08-15,2501,10.08.–14.08.,Gruene,20
BT02200815K,Forsa,2020-08-15,2501,10.08.–14.08.,FDP,6
BT02200815K,Forsa,2020-08-15,2501,10.08.–14.08.,Linke,6
BT02200815K,Forsa,2020-08-15,2501,10.08.–14.08.,AfD,9
BT02200815K,Forsa,2020-08-15,2501,10.08.–14.08.,BSW,NA
BT03200816U,Verian,2020-08-16,1912,06.08.–12.08.,CDUCSU,36
BT03200816U,Verian,2020-08-16,1912,06.08.–12.08.,SPD,18
BT03200816U,Verian,2020-08-16,1912,06.08.–12.08.,Gruene,16
BT03200816U,Verian,2020-08-16,1912,06.08.–12.08.,FDP,6
BT03200816U,Verian,2020-08-16,1912,06.08.–12.08.,Linke,8
BT03200816U,Verian,2020-08-16,1912,06.08.–12.08.,AfD,11
BT03200816U,Verian,2020-08-16,1912,06.08.–12.08.,BSW,NA
BT01200820T,Infratest dimap,2020-08-20,1065,18.08.–19.08.,CDUCSU,37
BT01200820T,Infratest dimap,2020-08-20,1065,18.08.–19.08.,SPD,16
BT01200820T,Infratest dimap,2020-08-20,1065,18.08.–19.08.,Gruene,17
BT01200820T,Infratest dimap,2020-08-20,1065,18.08.–19.08.,FDP,6
BT01200820T,Infratest dimap,2020-08-20,1065,18.08.–19.08.,Linke,8
BT01200820T,Infratest dimap,2020-08-20,1065,18.08.–19.08.,AfD,10
BT01200820T,Infratest dimap,2020-08-20,1065,18.08.–19.08.,BSW,NA
BT02200822L,Forsa,2020-08-22,2504,17.08.–21.08.,CDUCSU,36
BT02200822L,Forsa,2020-08-22,2504,17.08.–21.08.,SPD,16
BT02200822L,Forsa,2020-08-22,2504,17.08.–21.08.,Gruene,19
BT02200822L,Forsa,2020-08-22,2504,17.08.–21.08.,FDP,5
BT02200822L,Forsa,2020-08-22,2504,17.08.–21.08.,Linke,7
BT02200822L,Forsa,2020-08-22,2504,17.08.–21.08.,AfD,9
BT02200822L,Forsa,2020-08-22,2504,17.08.–21.08.,BSW,NA
BT03200823V,Verian,2020-08-23,2107,13.08.–19.08.,CDUCSU,36
BT03200823V,Verian,2020-08-23,2107,13.08.–19.08.,SPD,17
BT03200823V,Verian,2020-08-23,2107,13.08.–19.08.,Gruene,16
BT03200823V,Verian,2020-08-23,2107,13.08.–19.08.,FDP,7
BT03200823V,Verian,2020-08-23,2107,13.08.–19.08.,Linke,8
BT03200823V,Verian,2020-08-23,2107,13.08.–19.08.,AfD,10
BT03200823V,Verian,2020-08-23,2107,13.08.–19.08.,BSW,NA
BT09200827H,Allensbach,2020-08-27,1231,05.08.–18.08.,CDUCSU,38
BT09200827H,Allensbach,2020-08-27,1231,05.08.–18.08.,SPD,17
BT09200827H,Allensbach,2020-08-27,1231,05.08.–18.08.,Gruene,19
BT09200827H,Allensbach,2020-08-27,1231,05.08.–18.08.,FDP,5.5
BT09200827H,Allensbach,2020-08-27,1231,05.08.–18.08.,Linke,7
BT09200827H,Allensbach,2020-08-27,1231,05.08.–18.08.,AfD,9
BT09200827H,Allensbach,2020-08-27,1231,05.08.–18.08.,BSW,NA
BT06200828O,Forschungsgruppe Wahlen,2020-08-28,1303,25.08.–27.08.,CDUCSU,38
BT06200828O,Forschungsgruppe Wahlen,2020-08-28,1303,25.08.–27.08.,SPD,16
BT06200828O,Forschungsgruppe Wahlen,2020-08-28,1303,25.08.–27.08.,Gruene,19
BT06200828O,Forschungsgruppe Wahlen,2020-08-28,1303,25.08.–27.08.,FDP,5
BT06200828O,Forschungsgruppe Wahlen,2020-08-28,1303,25.08.–27.08.,Linke,8
BT06200828O,Forschungsgruppe Wahlen,2020-08-28,1303,25.08.–27.08.,AfD,9
BT06200828O,Forschungsgruppe Wahlen,2020-08-28,1303,25.08.–27.08.,BSW,NA
BT13200828T,YouGov,2020-08-28,1611,20.08.–24.08.,CDUCSU,36
BT13200828T,YouGov,2020-08-28,1611,20.08.–24.08.,SPD,16
BT13200828T,YouGov,2020-08-28,1611,20.08.–24.08.,Gruene,18
BT13200828T,YouGov,2020-08-28,1611,20.08.–24.08.,FDP,5
BT13200828T,YouGov,2020-08-28,1611,20.08.–24.08.,Linke,8
BT13200828T,YouGov,2020-08-28,1611,20.08.–24.08.,AfD,11
BT13200828T,YouGov,2020-08-28,1611,20.08.–24.08.,BSW,NA
BT02200829M,Forsa,2020-08-29,2502,24.08.–28.08.,CDUCSU,36
BT02200829M,Forsa,2020-08-29,2502,24.08.–28.08.,SPD,16
BT02200829M,Forsa,2020-08-29,2502,24.08.–28.08.,Gruene,19
BT02200829M,Forsa,2020-08-29,2502,24.08.–28.08.,FDP,5
BT02200829M,Forsa,2020-08-29,2502,24.08.–28.08.,Linke,7
BT02200829M,Forsa,2020-08-29,2502,24.08.–28.08.,AfD,9
BT02200829M,Forsa,2020-08-29,2502,24.08.–28.08.,BSW,NA
BT03200830W,Verian,2020-08-30,1597,18.08.–26.08.,CDUCSU,36
BT03200830W,Verian,2020-08-30,1597,18.08.–26.08.,SPD,16
BT03200830W,Verian,2020-08-30,1597,18.08.–26.08.,Gruene,18
BT03200830W,Verian,2020-08-30,1597,18.08.–26.08.,FDP,6
BT03200830W,Verian,2020-08-30,1597,18.08.–26.08.,Linke,8
BT03200830W,Verian,2020-08-30,1597,18.08.–26.08.,AfD,11
BT03200830W,Verian,2020-08-30,1597,18.08.–26.08.,BSW,NA
BT01200903U,Infratest dimap,2020-09-03,1527,31.08.–02.09.,CDUCSU,36
BT01200903U,Infratest dimap,2020-09-03,1527,31.08.–02.09.,SPD,17
BT01200903U,Infratest dimap,2020-09-03,1527,31.08.–02.09.,Gruene,19
BT01200903U,Infratest dimap,2020-09-03,1527,31.08.–02.09.,FDP,6
BT01200903U,Infratest dimap,2020-09-03,1527,31.08.–02.09.,Linke,7
BT01200903U,Infratest dimap,2020-09-03,1527,31.08.–02.09.,AfD,10
BT01200903U,Infratest dimap,2020-09-03,1527,31.08.–02.09.,BSW,NA
BT02200905N,Forsa,2020-09-05,2503,31.08.–04.09.,CDUCSU,36
BT02200905N,Forsa,2020-09-05,2503,31.08.–04.09.,SPD,16
BT02200905N,Forsa,2020-09-05,2503,31.08.–04.09.,Gruene,18
BT02200905N,Forsa,2020-09-05,2503,31.08.–04.09.,FDP,5
BT02200905N,Forsa,2020-09-05,2503,31.08.–04.09.,Linke,9
BT02200905N,Forsa,2020-09-05,2503,31.08.–04.09.,AfD,9
BT02200905N,Forsa,2020-09-05,2503,31.08.–04.09.,BSW,NA
BT03200906X,Verian,2020-09-06,1447,27.08.–02.09.,CDUCSU,36
BT03200906X,Verian,2020-09-06,1447,27.08.–02.09.,SPD,17
BT03200906X,Verian,2020-09-06,1447,27.08.–02.09.,Gruene,18
BT03200906X,Verian,2020-09-06,1447,27.08.–02.09.,FDP,6
BT03200906X,Verian,2020-09-06,1447,27.08.–02.09.,Linke,7
BT03200906X,Verian,2020-09-06,1447,27.08.–02.09.,AfD,11
BT03200906X,Verian,2020-09-06,1447,27.08.–02.09.,BSW,NA
BT02200912O,Forsa,2020-09-12,2501,07.09.–11.09.,CDUCSU,36
BT02200912O,Forsa,2020-09-12,2501,07.09.–11.09.,SPD,16
BT02200912O,Forsa,2020-09-12,2501,07.09.–11.09.,Gruene,18
BT02200912O,Forsa,2020-09-12,2501,07.09.–11.09.,FDP,5
BT02200912O,Forsa,2020-09-12,2501,07.09.–11.09.,Linke,9
BT02200912O,Forsa,2020-09-12,2501,07.09.–11.09.,AfD,9
BT02200912O,Forsa,2020-09-12,2501,07.09.–11.09.,BSW,NA
BT03200913Y,Verian,2020-09-13,1446,03.09.–09.09.,CDUCSU,36
BT03200913Y,Verian,2020-09-13,1446,03.09.–09.09.,SPD,17
BT03200913Y,Verian,2020-09-13,1446,03.09.–09.09.,Gruene,18
BT03200913Y,Verian,2020-09-13,1446,03.09.–09.09.,FDP,6
BT03200913Y,Verian,2020-09-13,1446,03.09.–09.09.,Linke,8
BT03200913Y,Verian,2020-09-13,1446,03.09.–09.09.,AfD,10
BT03200913Y,Verian,2020-09-13,1446,03.09.–09.09.,BSW,NA
BT06200917P,Forschungsgruppe Wahlen,2020-09-17,1241,14.09.–16.09.,CDUCSU,37
BT06200917P,Forschungsgruppe Wahlen,2020-09-17,1241,14.09.–16.09.,SPD,17
BT06200917P,Forschungsgruppe Wahlen,2020-09-17,1241,14.09.–16.09.,Gruene,19
BT06200917P,Forschungsgruppe Wahlen,2020-09-17,1241,14.09.–16.09.,FDP,5
BT06200917P,Forschungsgruppe Wahlen,2020-09-17,1241,14.09.–16.09.,Linke,7
BT06200917P,Forschungsgruppe Wahlen,2020-09-17,1241,14.09.–16.09.,AfD,10
BT06200917P,Forschungsgruppe Wahlen,2020-09-17,1241,14.09.–16.09.,BSW,NA
BT01200917V,Infratest dimap,2020-09-17,1051,15.09.–16.09.,CDUCSU,36
BT01200917V,Infratest dimap,2020-09-17,1051,15.09.–16.09.,SPD,16
BT01200917V,Infratest dimap,2020-09-17,1051,15.09.–16.09.,Gruene,20
BT01200917V,Infratest dimap,2020-09-17,1051,15.09.–16.09.,FDP,5
BT01200917V,Infratest dimap,2020-09-17,1051,15.09.–16.09.,Linke,8
BT01200917V,Infratest dimap,2020-09-17,1051,15.09.–16.09.,AfD,10
BT01200917V,Infratest dimap,2020-09-17,1051,15.09.–16.09.,BSW,NA
BT03200919A,Verian,2020-09-19,1534,10.09.–16.09.,CDUCSU,36
BT03200919A,Verian,2020-09-19,1534,10.09.–16.09.,SPD,16
BT03200919A,Verian,2020-09-19,1534,10.09.–16.09.,Gruene,18
BT03200919A,Verian,2020-09-19,1534,10.09.–16.09.,FDP,5
BT03200919A,Verian,2020-09-19,1534,10.09.–16.09.,Linke,8
BT03200919A,Verian,2020-09-19,1534,10.09.–16.09.,AfD,11
BT03200919A,Verian,2020-09-19,1534,10.09.–16.09.,BSW,NA
BT02200919P,Forsa,2020-09-19,2501,14.09.–18.09.,CDUCSU,36
BT02200919P,Forsa,2020-09-19,2501,14.09.–18.09.,SPD,14
BT02200919P,Forsa,2020-09-19,2501,14.09.–18.09.,Gruene,22
BT02200919P,Forsa,2020-09-19,2501,14.09.–18.09.,FDP,5
BT02200919P,Forsa,2020-09-19,2501,14.09.–18.09.,Linke,8
BT02200919P,Forsa,2020-09-19,2501,14.09.–18.09.,AfD,8
BT02200919P,Forsa,2020-09-19,2501,14.09.–18.09.,BSW,NA
BT09200922I,Allensbach,2020-09-22,1043,04.09.–16.09.,CDUCSU,37
BT09200922I,Allensbach,2020-09-22,1043,04.09.–16.09.,SPD,17
BT09200922I,Allensbach,2020-09-22,1043,04.09.–16.09.,Gruene,19.5
BT09200922I,Allensbach,2020-09-22,1043,04.09.–16.09.,FDP,6
BT09200922I,Allensbach,2020-09-22,1043,04.09.–16.09.,Linke,7
BT09200922I,Allensbach,2020-09-22,1043,04.09.–16.09.,AfD,9
BT09200922I,Allensbach,2020-09-22,1043,04.09.–16.09.,BSW,NA
BT13200925U,YouGov,2020-09-25,1623,19.09.–21.09.,CDUCSU,35
BT13200925U,YouGov,2020-09-25,1623,19.09.–21.09.,SPD,15
BT13200925U,YouGov,2020-09-25,1623,19.09.–21.09.,Gruene,18
BT13200925U,YouGov,2020-09-25,1623,19.09.–21.09.,FDP,5
BT13200925U,YouGov,2020-09-25,1623,19.09.–21.09.,Linke,9
BT13200925U,YouGov,2020-09-25,1623,19.09.–21.09.,AfD,12
BT13200925U,YouGov,2020-09-25,1623,19.09.–21.09.,BSW,NA
BT02200926Q,Forsa,2020-09-26,2504,21.09.–25.09.,CDUCSU,35
BT02200926Q,Forsa,2020-09-26,2504,21.09.–25.09.,SPD,15
BT02200926Q,Forsa,2020-09-26,2504,21.09.–25.09.,Gruene,21
BT02200926Q,Forsa,2020-09-26,2504,21.09.–25.09.,FDP,6
BT02200926Q,Forsa,2020-09-26,2504,21.09.–25.09.,Linke,8
BT02200926Q,Forsa,2020-09-26,2504,21.09.–25.09.,AfD,9
BT02200926Q,Forsa,2020-09-26,2504,21.09.–25.09.,BSW,NA
BT03200927B,Verian,2020-09-27,1509,17.09.–23.09.,CDUCSU,36
BT03200927B,Verian,2020-09-27,1509,17.09.–23.09.,SPD,16
BT03200927B,Verian,2020-09-27,1509,17.09.–23.09.,Gruene,18
BT03200927B,Verian,2020-09-27,1509,17.09.–23.09.,FDP,6
BT03200927B,Verian,2020-09-27,1509,17.09.–23.09.,Linke,8
BT03200927B,Verian,2020-09-27,1509,17.09.–23.09.,AfD,11
BT03200927B,Verian,2020-09-27,1509,17.09.–23.09.,BSW,NA
BT01201001W,Infratest dimap,2020-10-01,1501,28.09.–30.09.,CDUCSU,35
BT01201001W,Infratest dimap,2020-10-01,1501,28.09.–30.09.,SPD,15
BT01201001W,Infratest dimap,2020-10-01,1501,28.09.–30.09.,Gruene,21
BT01201001W,Infratest dimap,2020-10-01,1501,28.09.–30.09.,FDP,6
BT01201001W,Infratest dimap,2020-10-01,1501,28.09.–30.09.,Linke,8
BT01201001W,Infratest dimap,2020-10-01,1501,28.09.–30.09.,AfD,10
BT01201001W,Infratest dimap,2020-10-01,1501,28.09.–30.09.,BSW,NA
BT02201003R,Forsa,2020-10-03,2502,29.09.–02.10.,CDUCSU,36
BT02201003R,Forsa,2020-10-03,2502,29.09.–02.10.,SPD,15
BT02201003R,Forsa,2020-10-03,2502,29.09.–02.10.,Gruene,20
BT02201003R,Forsa,2020-10-03,2502,29.09.–02.10.,FDP,6
BT02201003R,Forsa,2020-10-03,2502,29.09.–02.10.,Linke,7
BT02201003R,Forsa,2020-10-03,2502,29.09.–02.10.,AfD,9
BT02201003R,Forsa,2020-10-03,2502,29.09.–02.10.,BSW,NA
BT03201004C,Verian,2020-10-04,2397,22.09.–30.09.,CDUCSU,35
BT03201004C,Verian,2020-10-04,2397,22.09.–30.09.,SPD,16
BT03201004C,Verian,2020-10-04,2397,22.09.–30.09.,Gruene,18
BT03201004C,Verian,2020-10-04,2397,22.09.–30.09.,FDP,6
BT03201004C,Verian,2020-10-04,2397,22.09.–30.09.,Linke,9
BT03201004C,Verian,2020-10-04,2397,22.09.–30.09.,AfD,11
BT03201004C,Verian,2020-10-04,2397,22.09.–30.09.,BSW,NA
BT06201009Q,Forschungsgruppe Wahlen,2020-10-09,1229,06.10.–08.10.,CDUCSU,37
BT06201009Q,Forschungsgruppe Wahlen,2020-10-09,1229,06.10.–08.10.,SPD,16
BT06201009Q,Forschungsgruppe Wahlen,2020-10-09,1229,06.10.–08.10.,Gruene,20
BT06201009Q,Forschungsgruppe Wahlen,2020-10-09,1229,06.10.–08.10.,FDP,5
BT06201009Q,Forschungsgruppe Wahlen,2020-10-09,1229,06.10.–08.10.,Linke,7
BT06201009Q,Forschungsgruppe Wahlen,2020-10-09,1229,06.10.–08.10.,AfD,10
BT06201009Q,Forschungsgruppe Wahlen,2020-10-09,1229,06.10.–08.10.,BSW,NA
BT02201010S,Forsa,2020-10-10,2504,05.10.–09.10.,CDUCSU,36
BT02201010S,Forsa,2020-10-10,2504,05.10.–09.10.,SPD,15
BT02201010S,Forsa,2020-10-10,2504,05.10.–09.10.,Gruene,20
BT02201010S,Forsa,2020-10-10,2504,05.10.–09.10.,FDP,5
BT02201010S,Forsa,2020-10-10,2504,05.10.–09.10.,Linke,8
BT02201010S,Forsa,2020-10-10,2504,05.10.–09.10.,AfD,9
BT02201010S,Forsa,2020-10-10,2504,05.10.–09.10.,BSW,NA
BT03201011D,Verian,2020-10-11,1411,01.10.–07.10.,CDUCSU,34
BT03201011D,Verian,2020-10-11,1411,01.10.–07.10.,SPD,17
BT03201011D,Verian,2020-10-11,1411,01.10.–07.10.,Gruene,20
BT03201011D,Verian,2020-10-11,1411,01.10.–07.10.,FDP,5
BT03201011D,Verian,2020-10-11,1411,01.10.–07.10.,Linke,8
BT03201011D,Verian,2020-10-11,1411,01.10.–07.10.,AfD,9
BT03201011D,Verian,2020-10-11,1411,01.10.–07.10.,BSW,NA
BT04201013M,GMS,2020-10-13,1005,07.10.–12.10.,CDUCSU,36
BT04201013M,GMS,2020-10-13,1005,07.10.–12.10.,SPD,16
BT04201013M,GMS,2020-10-13,1005,07.10.–12.10.,Gruene,20
BT04201013M,GMS,2020-10-13,1005,07.10.–12.10.,FDP,5
BT04201013M,GMS,2020-10-13,1005,07.10.–12.10.,Linke,7
BT04201013M,GMS,2020-10-13,1005,07.10.–12.10.,AfD,10
BT04201013M,GMS,2020-10-13,1005,07.10.–12.10.,BSW,NA
BT01201015X,Infratest dimap,2020-10-15,1038,12.10.–14.10.,CDUCSU,35
BT01201015X,Infratest dimap,2020-10-15,1038,12.10.–14.10.,SPD,15
BT01201015X,Infratest dimap,2020-10-15,1038,12.10.–14.10.,Gruene,20
BT01201015X,Infratest dimap,2020-10-15,1038,12.10.–14.10.,FDP,6
BT01201015X,Infratest dimap,2020-10-15,1038,12.10.–14.10.,Linke,7
BT01201015X,Infratest dimap,2020-10-15,1038,12.10.–14.10.,AfD,11
BT01201015X,Infratest dimap,2020-10-15,1038,12.10.–14.10.,BSW,NA
BT03201017E,Verian,2020-10-17,2407,08.10.–14.10.,CDUCSU,35
BT03201017E,Verian,2020-10-17,2407,08.10.–14.10.,SPD,16
BT03201017E,Verian,2020-10-17,2407,08.10.–14.10.,Gruene,19
BT03201017E,Verian,2020-10-17,2407,08.10.–14.10.,FDP,6
BT03201017E,Verian,2020-10-17,2407,08.10.–14.10.,Linke,8
BT03201017E,Verian,2020-10-17,2407,08.10.–14.10.,AfD,10
BT03201017E,Verian,2020-10-17,2407,08.10.–14.10.,BSW,NA
BT02201017T,Forsa,2020-10-17,2501,12.10.–16.10.,CDUCSU,36
BT02201017T,Forsa,2020-10-17,2501,12.10.–16.10.,SPD,15
BT02201017T,Forsa,2020-10-17,2501,12.10.–16.10.,Gruene,20
BT02201017T,Forsa,2020-10-17,2501,12.10.–16.10.,FDP,6
BT02201017T,Forsa,2020-10-17,2501,12.10.–16.10.,Linke,7
BT02201017T,Forsa,2020-10-17,2501,12.10.–16.10.,AfD,9
BT02201017T,Forsa,2020-10-17,2501,12.10.–16.10.,BSW,NA
BT09201023J,Allensbach,2020-10-23,1045,07.10.–20.10.,CDUCSU,35.5
BT09201023J,Allensbach,2020-10-23,1045,07.10.–20.10.,SPD,17
BT09201023J,Allensbach,2020-10-23,1045,07.10.–20.10.,Gruene,20
BT09201023J,Allensbach,2020-10-23,1045,07.10.–20.10.,FDP,6
BT09201023J,Allensbach,2020-10-23,1045,07.10.–20.10.,Linke,7
BT09201023J,Allensbach,2020-10-23,1045,07.10.–20.10.,AfD,10
BT09201023J,Allensbach,2020-10-23,1045,07.10.–20.10.,BSW,NA
BT06201023R,Forschungsgruppe Wahlen,2020-10-23,1297,20.10.–22.10.,CDUCSU,38
BT06201023R,Forschungsgruppe Wahlen,2020-10-23,1297,20.10.–22.10.,SPD,15
BT06201023R,Forschungsgruppe Wahlen,2020-10-23,1297,20.10.–22.10.,Gruene,20
BT06201023R,Forschungsgruppe Wahlen,2020-10-23,1297,20.10.–22.10.,FDP,5
BT06201023R,Forschungsgruppe Wahlen,2020-10-23,1297,20.10.–22.10.,Linke,8
BT06201023R,Forschungsgruppe Wahlen,2020-10-23,1297,20.10.–22.10.,AfD,9
BT06201023R,Forschungsgruppe Wahlen,2020-10-23,1297,20.10.–22.10.,BSW,NA
BT03201024F,Verian,2020-10-24,1434,15.10.–21.10.,CDUCSU,35
BT03201024F,Verian,2020-10-24,1434,15.10.–21.10.,SPD,15
BT03201024F,Verian,2020-10-24,1434,15.10.–21.10.,Gruene,19
BT03201024F,Verian,2020-10-24,1434,15.10.–21.10.,FDP,6
BT03201024F,Verian,2020-10-24,1434,15.10.–21.10.,Linke,8
BT03201024F,Verian,2020-10-24,1434,15.10.–21.10.,AfD,11
BT03201024F,Verian,2020-10-24,1434,15.10.–21.10.,BSW,NA
BT02201024U,Forsa,2020-10-24,2503,19.10.–23.10.,CDUCSU,36
BT02201024U,Forsa,2020-10-24,2503,19.10.–23.10.,SPD,15
BT02201024U,Forsa,2020-10-24,2503,19.10.–23.10.,Gruene,20
BT02201024U,Forsa,2020-10-24,2503,19.10.–23.10.,FDP,6
BT02201024U,Forsa,2020-10-24,2503,19.10.–23.10.,Linke,7
BT02201024U,Forsa,2020-10-24,2503,19.10.–23.10.,AfD,9
BT02201024U,Forsa,2020-10-24,2503,19.10.–23.10.,BSW,NA
BT13201030V,YouGov,2020-10-30,1656,22.10.–26.10.,CDUCSU,35
BT13201030V,YouGov,2020-10-30,1656,22.10.–26.10.,SPD,15
BT13201030V,YouGov,2020-10-30,1656,22.10.–26.10.,Gruene,18
BT13201030V,YouGov,2020-10-30,1656,22.10.–26.10.,FDP,6
BT13201030V,YouGov,2020-10-30,1656,22.10.–26.10.,Linke,9
BT13201030V,YouGov,2020-10-30,1656,22.10.–26.10.,AfD,12
BT13201030V,YouGov,2020-10-30,1656,22.10.–26.10.,BSW,NA
BT02201031V,Forsa,2020-10-31,2503,26.10.–30.10.,CDUCSU,35
BT02201031V,Forsa,2020-10-31,2503,26.10.–30.10.,SPD,16
BT02201031V,Forsa,2020-10-31,2503,26.10.–30.10.,Gruene,19
BT02201031V,Forsa,2020-10-31,2503,26.10.–30.10.,FDP,6
BT02201031V,Forsa,2020-10-31,2503,26.10.–30.10.,Linke,8
BT02201031V,Forsa,2020-10-31,2503,26.10.–30.10.,AfD,10
BT02201031V,Forsa,2020-10-31,2503,26.10.–30.10.,BSW,NA
BT03201101G,Verian,2020-11-01,1987,22.10.–28.10.,CDUCSU,35
BT03201101G,Verian,2020-11-01,1987,22.10.–28.10.,SPD,15
BT03201101G,Verian,2020-11-01,1987,22.10.–28.10.,Gruene,19
BT03201101G,Verian,2020-11-01,1987,22.10.–28.10.,FDP,7
BT03201101G,Verian,2020-11-01,1987,22.10.–28.10.,Linke,8
BT03201101G,Verian,2020-11-01,1987,22.10.–28.10.,AfD,10
BT03201101G,Verian,2020-11-01,1987,22.10.–28.10.,BSW,NA
BT02201107W,Forsa,2020-11-07,2502,02.11.–06.11.,CDUCSU,36
BT02201107W,Forsa,2020-11-07,2502,02.11.–06.11.,SPD,15
BT02201107W,Forsa,2020-11-07,2502,02.11.–06.11.,Gruene,18
BT02201107W,Forsa,2020-11-07,2502,02.11.–06.11.,FDP,6
BT02201107W,Forsa,2020-11-07,2502,02.11.–06.11.,Linke,8
BT02201107W,Forsa,2020-11-07,2502,02.11.–06.11.,AfD,10
BT02201107W,Forsa,2020-11-07,2502,02.11.–06.11.,BSW,NA
BT03201108H,Verian,2020-11-08,1415,29.10.–04.11.,CDUCSU,36
BT03201108H,Verian,2020-11-08,1415,29.10.–04.11.,SPD,16
BT03201108H,Verian,2020-11-08,1415,29.10.–04.11.,Gruene,18
BT03201108H,Verian,2020-11-08,1415,29.10.–04.11.,FDP,7
BT03201108H,Verian,2020-11-08,1415,29.10.–04.11.,Linke,8
BT03201108H,Verian,2020-11-08,1415,29.10.–04.11.,AfD,9
BT03201108H,Verian,2020-11-08,1415,29.10.–04.11.,BSW,NA
BT04201109N,GMS,2020-11-09,1007,04.11.–09.11.,CDUCSU,37
BT04201109N,GMS,2020-11-09,1007,04.11.–09.11.,SPD,15
BT04201109N,GMS,2020-11-09,1007,04.11.–09.11.,Gruene,19
BT04201109N,GMS,2020-11-09,1007,04.11.–09.11.,FDP,5
BT04201109N,GMS,2020-11-09,1007,04.11.–09.11.,Linke,7
BT04201109N,GMS,2020-11-09,1007,04.11.–09.11.,AfD,10
BT04201109N,GMS,2020-11-09,1007,04.11.–09.11.,BSW,NA
BT01201112Y,Infratest dimap,2020-11-12,1504,09.11.–11.11.,CDUCSU,36
BT01201112Y,Infratest dimap,2020-11-12,1504,09.11.–11.11.,SPD,15
BT01201112Y,Infratest dimap,2020-11-12,1504,09.11.–11.11.,Gruene,20
BT01201112Y,Infratest dimap,2020-11-12,1504,09.11.–11.11.,FDP,6
BT01201112Y,Infratest dimap,2020-11-12,1504,09.11.–11.11.,Linke,7
BT01201112Y,Infratest dimap,2020-11-12,1504,09.11.–11.11.,AfD,10
BT01201112Y,Infratest dimap,2020-11-12,1504,09.11.–11.11.,BSW,NA
BT06201113S,Forschungsgruppe Wahlen,2020-11-13,1347,10.11.–12.11.,CDUCSU,37
BT06201113S,Forschungsgruppe Wahlen,2020-11-13,1347,10.11.–12.11.,SPD,16
BT06201113S,Forschungsgruppe Wahlen,2020-11-13,1347,10.11.–12.11.,Gruene,20
BT06201113S,Forschungsgruppe Wahlen,2020-11-13,1347,10.11.–12.11.,FDP,5
BT06201113S,Forschungsgruppe Wahlen,2020-11-13,1347,10.11.–12.11.,Linke,7
BT06201113S,Forschungsgruppe Wahlen,2020-11-13,1347,10.11.–12.11.,AfD,9
BT06201113S,Forschungsgruppe Wahlen,2020-11-13,1347,10.11.–12.11.,BSW,NA
BT02201114X,Forsa,2020-11-14,2502,09.11.–13.11.,CDUCSU,36
BT02201114X,Forsa,2020-11-14,2502,09.11.–13.11.,SPD,15
BT02201114X,Forsa,2020-11-14,2502,09.11.–13.11.,Gruene,19
BT02201114X,Forsa,2020-11-14,2502,09.11.–13.11.,FDP,5
BT02201114X,Forsa,2020-11-14,2502,09.11.–13.11.,Linke,8
BT02201114X,Forsa,2020-11-14,2502,09.11.–13.11.,AfD,10
BT02201114X,Forsa,2020-11-14,2502,09.11.–13.11.,BSW,NA
BT03201115I,Verian,2020-11-15,2405,05.11.–11.11.,CDUCSU,35
BT03201115I,Verian,2020-11-15,2405,05.11.–11.11.,SPD,15
BT03201115I,Verian,2020-11-15,2405,05.11.–11.11.,Gruene,19
BT03201115I,Verian,2020-11-15,2405,05.11.–11.11.,FDP,7
BT03201115I,Verian,2020-11-15,2405,05.11.–11.11.,Linke,8
BT03201115I,Verian,2020-11-15,2405,05.11.–11.11.,AfD,9
BT03201115I,Verian,2020-11-15,2405,05.11.–11.11.,BSW,NA
BT09201118K,Allensbach,2020-11-18,1286,01.11.–11.11.,CDUCSU,37
BT09201118K,Allensbach,2020-11-18,1286,01.11.–11.11.,SPD,17
BT09201118K,Allensbach,2020-11-18,1286,01.11.–11.11.,Gruene,18
BT09201118K,Allensbach,2020-11-18,1286,01.11.–11.11.,FDP,6.5
BT09201118K,Allensbach,2020-11-18,1286,01.11.–11.11.,Linke,7.5
BT09201118K,Allensbach,2020-11-18,1286,01.11.–11.11.,AfD,9.5
BT09201118K,Allensbach,2020-11-18,1286,01.11.–11.11.,BSW,NA
BT02201121Y,Forsa,2020-11-21,2505,16.11.–19.11.,CDUCSU,36
BT02201121Y,Forsa,2020-11-21,2505,16.11.–19.11.,SPD,16
BT02201121Y,Forsa,2020-11-21,2505,16.11.–19.11.,Gruene,19
BT02201121Y,Forsa,2020-11-21,2505,16.11.–19.11.,FDP,6
BT02201121Y,Forsa,2020-11-21,2505,16.11.–19.11.,Linke,7
BT02201121Y,Forsa,2020-11-21,2505,16.11.–19.11.,AfD,9
BT02201121Y,Forsa,2020-11-21,2505,16.11.–19.11.,BSW,NA
BT03201122J,Verian,2020-11-22,1927,12.11.–18.11.,CDUCSU,36
BT03201122J,Verian,2020-11-22,1927,12.11.–18.11.,SPD,16
BT03201122J,Verian,2020-11-22,1927,12.11.–18.11.,Gruene,18
BT03201122J,Verian,2020-11-22,1927,12.11.–18.11.,FDP,7
BT03201122J,Verian,2020-11-22,1927,12.11.–18.11.,Linke,7
BT03201122J,Verian,2020-11-22,1927,12.11.–18.11.,AfD,9
BT03201122J,Verian,2020-11-22,1927,12.11.–18.11.,BSW,NA
BT01201126A,Infratest dimap,2020-11-26,1047,24.11.–25.11.,CDUCSU,35
BT01201126A,Infratest dimap,2020-11-26,1047,24.11.–25.11.,SPD,15
BT01201126A,Infratest dimap,2020-11-26,1047,24.11.–25.11.,Gruene,21
BT01201126A,Infratest dimap,2020-11-26,1047,24.11.–25.11.,FDP,7
BT01201126A,Infratest dimap,2020-11-26,1047,24.11.–25.11.,Linke,7
BT01201126A,Infratest dimap,2020-11-26,1047,24.11.–25.11.,AfD,11
BT01201126A,Infratest dimap,2020-11-26,1047,24.11.–25.11.,BSW,NA
BT13201126W,YouGov,2020-11-26,1632,19.11.–23.11.,CDUCSU,37
BT13201126W,YouGov,2020-11-26,1632,19.11.–23.11.,SPD,15
BT13201126W,YouGov,2020-11-26,1632,19.11.–23.11.,Gruene,18
BT13201126W,YouGov,2020-11-26,1632,19.11.–23.11.,FDP,6
BT13201126W,YouGov,2020-11-26,1632,19.11.–23.11.,Linke,9
BT13201126W,YouGov,2020-11-26,1632,19.11.–23.11.,AfD,10
BT13201126W,YouGov,2020-11-26,1632,19.11.–23.11.,BSW,NA
BT06201127T,Forschungsgruppe Wahlen,2020-11-27,1330,24.11.–26.11.,CDUCSU,37
BT06201127T,Forschungsgruppe Wahlen,2020-11-27,1330,24.11.–26.11.,SPD,16
BT06201127T,Forschungsgruppe Wahlen,2020-11-27,1330,24.11.–26.11.,Gruene,21
BT06201127T,Forschungsgruppe Wahlen,2020-11-27,1330,24.11.–26.11.,FDP,5
BT06201127T,Forschungsgruppe Wahlen,2020-11-27,1330,24.11.–26.11.,Linke,7
BT06201127T,Forschungsgruppe Wahlen,2020-11-27,1330,24.11.–26.11.,AfD,9
BT06201127T,Forschungsgruppe Wahlen,2020-11-27,1330,24.11.–26.11.,BSW,NA
BT02201128A,Forsa,2020-11-28,2500,23.11.–27.11.,CDUCSU,37
BT02201128A,Forsa,2020-11-28,2500,23.11.–27.11.,SPD,15
BT02201128A,Forsa,2020-11-28,2500,23.11.–27.11.,Gruene,21
BT02201128A,Forsa,2020-11-28,2500,23.11.–27.11.,FDP,6
BT02201128A,Forsa,2020-11-28,2500,23.11.–27.11.,Linke,8
BT02201128A,Forsa,2020-11-28,2500,23.11.–27.11.,AfD,7
BT02201128A,Forsa,2020-11-28,2500,23.11.–27.11.,BSW,NA
BT03201129K,Verian,2020-11-29,1517,19.11.–25.11.,CDUCSU,34
BT03201129K,Verian,2020-11-29,1517,19.11.–25.11.,SPD,16
BT03201129K,Verian,2020-11-29,1517,19.11.–25.11.,Gruene,18
BT03201129K,Verian,2020-11-29,1517,19.11.–25.11.,FDP,8
BT03201129K,Verian,2020-11-29,1517,19.11.–25.11.,Linke,8
BT03201129K,Verian,2020-11-29,1517,19.11.–25.11.,AfD,9
BT03201129K,Verian,2020-11-29,1517,19.11.–25.11.,BSW,NA
BT01201203B,Infratest dimap,2020-12-03,1507,30.11.–02.12.,CDUCSU,36
BT01201203B,Infratest dimap,2020-12-03,1507,30.11.–02.12.,SPD,15
BT01201203B,Infratest dimap,2020-12-03,1507,30.11.–02.12.,Gruene,21
BT01201203B,Infratest dimap,2020-12-03,1507,30.11.–02.12.,FDP,6
BT01201203B,Infratest dimap,2020-12-03,1507,30.11.–02.12.,Linke,7
BT01201203B,Infratest dimap,2020-12-03,1507,30.11.–02.12.,AfD,10
BT01201203B,Infratest dimap,2020-12-03,1507,30.11.–02.12.,BSW,NA
BT02201205B,Forsa,2020-12-05,2507,30.11.–04.12.,CDUCSU,36
BT02201205B,Forsa,2020-12-05,2507,30.11.–04.12.,SPD,15
BT02201205B,Forsa,2020-12-05,2507,30.11.–04.12.,Gruene,20
BT02201205B,Forsa,2020-12-05,2507,30.11.–04.12.,FDP,6
BT02201205B,Forsa,2020-12-05,2507,30.11.–04.12.,Linke,8
BT02201205B,Forsa,2020-12-05,2507,30.11.–04.12.,AfD,8
BT02201205B,Forsa,2020-12-05,2507,30.11.–04.12.,BSW,NA
BT03201206L,Verian,2020-12-06,1438,26.11.–02.12.,CDUCSU,35
BT03201206L,Verian,2020-12-06,1438,26.11.–02.12.,SPD,15
BT03201206L,Verian,2020-12-06,1438,26.11.–02.12.,Gruene,19
BT03201206L,Verian,2020-12-06,1438,26.11.–02.12.,FDP,7
BT03201206L,Verian,2020-12-06,1438,26.11.–02.12.,Linke,8
BT03201206L,Verian,2020-12-06,1438,26.11.–02.12.,AfD,10
BT03201206L,Verian,2020-12-06,1438,26.11.–02.12.,BSW,NA
BT06201210U,Forschungsgruppe Wahlen,2020-12-10,1246,07.12.–09.12.,CDUCSU,37
BT06201210U,Forschungsgruppe Wahlen,2020-12-10,1246,07.12.–09.12.,SPD,16
BT06201210U,Forschungsgruppe Wahlen,2020-12-10,1246,07.12.–09.12.,Gruene,20
BT06201210U,Forschungsgruppe Wahlen,2020-12-10,1246,07.12.–09.12.,FDP,5
BT06201210U,Forschungsgruppe Wahlen,2020-12-10,1246,07.12.–09.12.,Linke,8
BT06201210U,Forschungsgruppe Wahlen,2020-12-10,1246,07.12.–09.12.,AfD,10
BT06201210U,Forschungsgruppe Wahlen,2020-12-10,1246,07.12.–09.12.,BSW,NA
BT01201210C,Infratest dimap,2020-12-10,1004,07.12.–09.12.,CDUCSU,36
BT01201210C,Infratest dimap,2020-12-10,1004,07.12.–09.12.,SPD,16
BT01201210C,Infratest dimap,2020-12-10,1004,07.12.–09.12.,Gruene,20
BT01201210C,Infratest dimap,2020-12-10,1004,07.12.–09.12.,FDP,6
BT01201210C,Infratest dimap,2020-12-10,1004,07.12.–09.12.,Linke,7
BT01201210C,Infratest dimap,2020-12-10,1004,07.12.–09.12.,AfD,9
BT01201210C,Infratest dimap,2020-12-10,1004,07.12.–09.12.,BSW,NA
BT02201212C,Forsa,2020-12-12,2503,07.12.–11.12.,CDUCSU,37
BT02201212C,Forsa,2020-12-12,2503,07.12.–11.12.,SPD,15
BT02201212C,Forsa,2020-12-12,2503,07.12.–11.12.,Gruene,20
BT02201212C,Forsa,2020-12-12,2503,07.12.–11.12.,FDP,5
BT02201212C,Forsa,2020-12-12,2503,07.12.–11.12.,Linke,8
BT02201212C,Forsa,2020-12-12,2503,07.12.–11.12.,AfD,8
BT02201212C,Forsa,2020-12-12,2503,07.12.–11.12.,BSW,NA
BT03201213M,Verian,2020-12-13,2374,03.12.–09.12.,CDUCSU,35
BT03201213M,Verian,2020-12-13,2374,03.12.–09.12.,SPD,16
BT03201213M,Verian,2020-12-13,2374,03.12.–09.12.,Gruene,19
BT03201213M,Verian,2020-12-13,2374,03.12.–09.12.,FDP,7
BT03201213M,Verian,2020-12-13,2374,03.12.–09.12.,Linke,7
BT03201213M,Verian,2020-12-13,2374,03.12.–09.12.,AfD,10
BT03201213M,Verian,2020-12-13,2374,03.12.–09.12.,BSW,NA
BT09201216L,Allensbach,2020-12-16,1022,28.11.–10.12.,CDUCSU,37
BT09201216L,Allensbach,2020-12-16,1022,28.11.–10.12.,SPD,16.5
BT09201216L,Allensbach,2020-12-16,1022,28.11.–10.12.,Gruene,19
BT09201216L,Allensbach,2020-12-16,1022,28.11.–10.12.,FDP,7
BT09201216L,Allensbach,2020-12-16,1022,28.11.–10.12.,Linke,7
BT09201216L,Allensbach,2020-12-16,1022,28.11.–10.12.,AfD,9
BT09201216L,Allensbach,2020-12-16,1022,28.11.–10.12.,BSW,NA
BT03201219N,Verian,2020-12-19,2401,10.12.–16.12.,CDUCSU,35
BT03201219N,Verian,2020-12-19,2401,10.12.–16.12.,SPD,17
BT03201219N,Verian,2020-12-19,2401,10.12.–16.12.,Gruene,19
BT03201219N,Verian,2020-12-19,2401,10.12.–16.12.,FDP,6
BT03201219N,Verian,2020-12-19,2401,10.12.–16.12.,Linke,8
BT03201219N,Verian,2020-12-19,2401,10.12.–16.12.,AfD,10
BT03201219N,Verian,2020-12-19,2401,10.12.–16.12.,BSW,NA
BT02201219D,Forsa,2020-12-19,2505,14.12.–18.12.,CDUCSU,37
BT02201219D,Forsa,2020-12-19,2505,14.12.–18.12.,SPD,15
BT02201219D,Forsa,2020-12-19,2505,14.12.–18.12.,Gruene,19
BT02201219D,Forsa,2020-12-19,2505,14.12.–18.12.,FDP,6
BT02201219D,Forsa,2020-12-19,2505,14.12.–18.12.,Linke,8
BT02201219D,Forsa,2020-12-19,2505,14.12.–18.12.,AfD,8
BT02201219D,Forsa,2020-12-19,2505,14.12.–18.12.,BSW,NA
BT02201226E,Forsa,2020-12-26,1501,21.12.–23.12.,CDUCSU,36
BT02201226E,Forsa,2020-12-26,1501,21.12.–23.12.,SPD,15
BT02201226E,Forsa,2020-12-26,1501,21.12.–23.12.,Gruene,18
BT02201226E,Forsa,2020-12-26,1501,21.12.–23.12.,FDP,6
BT02201226E,Forsa,2020-12-26,1501,21.12.–23.12.,Linke,9
BT02201226E,Forsa,2020-12-26,1501,21.12.–23.12.,AfD,9
BT02201226E,Forsa,2020-12-26,1501,21.12.–23.12.,BSW,NA
BT04210104O,GMS,2021-01-04,1004,29.12.–04.01.,CDUCSU,37
BT04210104O,GMS,2021-01-04,1004,29.12.–04.01.,SPD,16
BT04210104O,GMS,2021-01-04,1004,29.12.–04.01.,Gruene,18
BT04210104O,GMS,2021-01-04,1004,29.12.–04.01.,FDP,6
BT04210104O,GMS,2021-01-04,1004,29.12.–04.01.,Linke,8
BT04210104O,GMS,2021-01-04,1004,29.12.–04.01.,AfD,9
BT04210104O,GMS,2021-01-04,1004,29.12.–04.01.,BSW,NA
BT13210106X,YouGov,2021-01-06,1588,30.12.–05.01.,CDUCSU,36
BT13210106X,YouGov,2021-01-06,1588,30.12.–05.01.,SPD,15
BT13210106X,YouGov,2021-01-06,1588,30.12.–05.01.,Gruene,18
BT13210106X,YouGov,2021-01-06,1588,30.12.–05.01.,FDP,6
BT13210106X,YouGov,2021-01-06,1588,30.12.–05.01.,Linke,9
BT13210106X,YouGov,2021-01-06,1588,30.12.–05.01.,AfD,10
BT13210106X,YouGov,2021-01-06,1588,30.12.–05.01.,BSW,NA
BT01210107D,Infratest dimap,2021-01-07,1520,04.01.–06.01.,CDUCSU,35
BT01210107D,Infratest dimap,2021-01-07,1520,04.01.–06.01.,SPD,14
BT01210107D,Infratest dimap,2021-01-07,1520,04.01.–06.01.,Gruene,21
BT01210107D,Infratest dimap,2021-01-07,1520,04.01.–06.01.,FDP,7
BT01210107D,Infratest dimap,2021-01-07,1520,04.01.–06.01.,Linke,7
BT01210107D,Infratest dimap,2021-01-07,1520,04.01.–06.01.,AfD,10
BT01210107D,Infratest dimap,2021-01-07,1520,04.01.–06.01.,BSW,NA
BT02210109F,Forsa,2021-01-09,2503,04.01.–08.01.,CDUCSU,36
BT02210109F,Forsa,2021-01-09,2503,04.01.–08.01.,SPD,14
BT02210109F,Forsa,2021-01-09,2503,04.01.–08.01.,Gruene,20
BT02210109F,Forsa,2021-01-09,2503,04.01.–08.01.,FDP,7
BT02210109F,Forsa,2021-01-09,2503,04.01.–08.01.,Linke,8
BT02210109F,Forsa,2021-01-09,2503,04.01.–08.01.,AfD,8
BT02210109F,Forsa,2021-01-09,2503,04.01.–08.01.,BSW,NA
BT06210115V,Forschungsgruppe Wahlen,2021-01-15,1262,12.01.–14.01.,CDUCSU,37
BT06210115V,Forschungsgruppe Wahlen,2021-01-15,1262,12.01.–14.01.,SPD,15
BT06210115V,Forschungsgruppe Wahlen,2021-01-15,1262,12.01.–14.01.,Gruene,20
BT06210115V,Forschungsgruppe Wahlen,2021-01-15,1262,12.01.–14.01.,FDP,5
BT06210115V,Forschungsgruppe Wahlen,2021-01-15,1262,12.01.–14.01.,Linke,8
BT06210115V,Forschungsgruppe Wahlen,2021-01-15,1262,12.01.–14.01.,AfD,10
BT06210115V,Forschungsgruppe Wahlen,2021-01-15,1262,12.01.–14.01.,BSW,NA
BT03210117O,Verian,2021-01-17,2398,05.01.–13.01.,CDUCSU,36
BT03210117O,Verian,2021-01-17,2398,05.01.–13.01.,SPD,15
BT03210117O,Verian,2021-01-17,2398,05.01.–13.01.,Gruene,18
BT03210117O,Verian,2021-01-17,2398,05.01.–13.01.,FDP,7
BT03210117O,Verian,2021-01-17,2398,05.01.–13.01.,Linke,8
BT03210117O,Verian,2021-01-17,2398,05.01.–13.01.,AfD,10
BT03210117O,Verian,2021-01-17,2398,05.01.–13.01.,BSW,NA
BT02210118H,Forsa,2021-01-18,2014,16.01.–17.01.,CDUCSU,35
BT02210118H,Forsa,2021-01-18,2014,16.01.–17.01.,SPD,15
BT02210118H,Forsa,2021-01-18,2014,16.01.–17.01.,Gruene,19
BT02210118H,Forsa,2021-01-18,2014,16.01.–17.01.,FDP,7
BT02210118H,Forsa,2021-01-18,2014,16.01.–17.01.,Linke,8
BT02210118H,Forsa,2021-01-18,2014,16.01.–17.01.,AfD,9
BT02210118H,Forsa,2021-01-18,2014,16.01.–17.01.,BSW,NA
BT02210118G,Forsa,2021-01-18,2504,11.01.–15.01.,CDUCSU,35
BT02210118G,Forsa,2021-01-18,2504,11.01.–15.01.,SPD,15
BT02210118G,Forsa,2021-01-18,2504,11.01.–15.01.,Gruene,20
BT02210118G,Forsa,2021-01-18,2504,11.01.–15.01.,FDP,6
BT02210118G,Forsa,2021-01-18,2504,11.01.–15.01.,Linke,8
BT02210118G,Forsa,2021-01-18,2504,11.01.–15.01.,AfD,9
BT02210118G,Forsa,2021-01-18,2504,11.01.–15.01.,BSW,NA
BT01210121E,Infratest dimap,2021-01-21,1027,18.01.–20.01.,CDUCSU,34
BT01210121E,Infratest dimap,2021-01-21,1027,18.01.–20.01.,SPD,15
BT01210121E,Infratest dimap,2021-01-21,1027,18.01.–20.01.,Gruene,21
BT01210121E,Infratest dimap,2021-01-21,1027,18.01.–20.01.,FDP,7
BT01210121E,Infratest dimap,2021-01-21,1027,18.01.–20.01.,Linke,6
BT01210121E,Infratest dimap,2021-01-21,1027,18.01.–20.01.,AfD,10
BT01210121E,Infratest dimap,2021-01-21,1027,18.01.–20.01.,BSW,NA
BT03210124P,Verian,2021-01-24,1922,14.01.–20.01.,CDUCSU,35
BT03210124P,Verian,2021-01-24,1922,14.01.–20.01.,SPD,15
BT03210124P,Verian,2021-01-24,1922,14.01.–20.01.,Gruene,20
BT03210124P,Verian,2021-01-24,1922,14.01.–20.01.,FDP,7
BT03210124P,Verian,2021-01-24,1922,14.01.–20.01.,Linke,8
BT03210124P,Verian,2021-01-24,1922,14.01.–20.01.,AfD,9
BT03210124P,Verian,2021-01-24,1922,14.01.–20.01.,BSW,NA
BT02210126I,Forsa,2021-01-26,3005,18.01.–25.01.,CDUCSU,37
BT02210126I,Forsa,2021-01-26,3005,18.01.–25.01.,SPD,15
BT02210126I,Forsa,2021-01-26,3005,18.01.–25.01.,Gruene,18
BT02210126I,Forsa,2021-01-26,3005,18.01.–25.01.,FDP,7
BT02210126I,Forsa,2021-01-26,3005,18.01.–25.01.,Linke,7
BT02210126I,Forsa,2021-01-26,3005,18.01.–25.01.,AfD,9
BT02210126I,Forsa,2021-01-26,3005,18.01.–25.01.,BSW,NA
BT09210128M,Allensbach,2021-01-28,1080,10.01.–20.01.,CDUCSU,37
BT09210128M,Allensbach,2021-01-28,1080,10.01.–20.01.,SPD,16
BT09210128M,Allensbach,2021-01-28,1080,10.01.–20.01.,Gruene,20
BT09210128M,Allensbach,2021-01-28,1080,10.01.–20.01.,FDP,6.5
BT09210128M,Allensbach,2021-01-28,1080,10.01.–20.01.,Linke,7.5
BT09210128M,Allensbach,2021-01-28,1080,10.01.–20.01.,AfD,9
BT09210128M,Allensbach,2021-01-28,1080,10.01.–20.01.,BSW,NA
BT06210128W,Forschungsgruppe Wahlen,2021-01-28,1371,25.01.–27.01.,CDUCSU,37
BT06210128W,Forschungsgruppe Wahlen,2021-01-28,1371,25.01.–27.01.,SPD,15
BT06210128W,Forschungsgruppe Wahlen,2021-01-28,1371,25.01.–27.01.,Gruene,20
BT06210128W,Forschungsgruppe Wahlen,2021-01-28,1371,25.01.–27.01.,FDP,6
BT06210128W,Forschungsgruppe Wahlen,2021-01-28,1371,25.01.–27.01.,Linke,7
BT06210128W,Forschungsgruppe Wahlen,2021-01-28,1371,25.01.–27.01.,AfD,9
BT06210128W,Forschungsgruppe Wahlen,2021-01-28,1371,25.01.–27.01.,BSW,NA
BT03210131Q,Verian,2021-01-31,1427,21.01.–27.01.,CDUCSU,36
BT03210131Q,Verian,2021-01-31,1427,21.01.–27.01.,SPD,15
BT03210131Q,Verian,2021-01-31,1427,21.01.–27.01.,Gruene,19
BT03210131Q,Verian,2021-01-31,1427,21.01.–27.01.,FDP,7
BT03210131Q,Verian,2021-01-31,1427,21.01.–27.01.,Linke,8
BT03210131Q,Verian,2021-01-31,1427,21.01.–27.01.,AfD,9
BT03210131Q,Verian,2021-01-31,1427,21.01.–27.01.,BSW,NA
BT02210202J,Forsa,2021-02-02,2503,26.01.–01.02.,CDUCSU,37
BT02210202J,Forsa,2021-02-02,2503,26.01.–01.02.,SPD,15
BT02210202J,Forsa,2021-02-02,2503,26.01.–01.02.,Gruene,19
BT02210202J,Forsa,2021-02-02,2503,26.01.–01.02.,FDP,6
BT02210202J,Forsa,2021-02-02,2503,26.01.–01.02.,Linke,8
BT02210202J,Forsa,2021-02-02,2503,26.01.–01.02.,AfD,8
BT02210202J,Forsa,2021-02-02,2503,26.01.–01.02.,BSW,NA
BT01210204F,Infratest dimap,2021-02-04,1503,01.02.–03.02.,CDUCSU,34
BT01210204F,Infratest dimap,2021-02-04,1503,01.02.–03.02.,SPD,15
BT01210204F,Infratest dimap,2021-02-04,1503,01.02.–03.02.,Gruene,21
BT01210204F,Infratest dimap,2021-02-04,1503,01.02.–03.02.,FDP,8
BT01210204F,Infratest dimap,2021-02-04,1503,01.02.–03.02.,Linke,6
BT01210204F,Infratest dimap,2021-02-04,1503,01.02.–03.02.,AfD,10
BT01210204F,Infratest dimap,2021-02-04,1503,01.02.–03.02.,BSW,NA
BT13210204Y,YouGov,2021-02-04,1606,29.01.–01.02.,CDUCSU,36
BT13210204Y,YouGov,2021-02-04,1606,29.01.–01.02.,SPD,15
BT13210204Y,YouGov,2021-02-04,1606,29.01.–01.02.,Gruene,18
BT13210204Y,YouGov,2021-02-04,1606,29.01.–01.02.,FDP,7
BT13210204Y,YouGov,2021-02-04,1606,29.01.–01.02.,Linke,9
BT13210204Y,YouGov,2021-02-04,1606,29.01.–01.02.,AfD,10
BT13210204Y,YouGov,2021-02-04,1606,29.01.–01.02.,BSW,NA
BT03210207R,Verian,2021-02-07,1412,28.01.–03.02.,CDUCSU,36
BT03210207R,Verian,2021-02-07,1412,28.01.–03.02.,SPD,16
BT03210207R,Verian,2021-02-07,1412,28.01.–03.02.,Gruene,19
BT03210207R,Verian,2021-02-07,1412,28.01.–03.02.,FDP,7
BT03210207R,Verian,2021-02-07,1412,28.01.–03.02.,Linke,7
BT03210207R,Verian,2021-02-07,1412,28.01.–03.02.,AfD,9
BT03210207R,Verian,2021-02-07,1412,28.01.–03.02.,BSW,NA
BT02210209K,Forsa,2021-02-09,2501,02.02.–08.02.,CDUCSU,37
BT02210209K,Forsa,2021-02-09,2501,02.02.–08.02.,SPD,15
BT02210209K,Forsa,2021-02-09,2501,02.02.–08.02.,Gruene,19
BT02210209K,Forsa,2021-02-09,2501,02.02.–08.02.,FDP,7
BT02210209K,Forsa,2021-02-09,2501,02.02.–08.02.,Linke,7
BT02210209K,Forsa,2021-02-09,2501,02.02.–08.02.,AfD,8
BT02210209K,Forsa,2021-02-09,2501,02.02.–08.02.,BSW,NA
BT03210214S,Verian,2021-02-14,1569,04.02.–10.02.,CDUCSU,35
BT03210214S,Verian,2021-02-14,1569,04.02.–10.02.,SPD,17
BT03210214S,Verian,2021-02-14,1569,04.02.–10.02.,Gruene,18
BT03210214S,Verian,2021-02-14,1569,04.02.–10.02.,FDP,8
BT03210214S,Verian,2021-02-14,1569,04.02.–10.02.,Linke,7
BT03210214S,Verian,2021-02-14,1569,04.02.–10.02.,AfD,10
BT03210214S,Verian,2021-02-14,1569,04.02.–10.02.,BSW,NA
BT04210215P,GMS,2021-02-15,1005,10.02.–15.02.,CDUCSU,37
BT04210215P,GMS,2021-02-15,1005,10.02.–15.02.,SPD,17
BT04210215P,GMS,2021-02-15,1005,10.02.–15.02.,Gruene,18
BT04210215P,GMS,2021-02-15,1005,10.02.–15.02.,FDP,7
BT04210215P,GMS,2021-02-15,1005,10.02.–15.02.,Linke,7
BT04210215P,GMS,2021-02-15,1005,10.02.–15.02.,AfD,9
BT04210215P,GMS,2021-02-15,1005,10.02.–15.02.,BSW,NA
BT02210216L,Forsa,2021-02-16,2502,09.02.–15.02.,CDUCSU,35
BT02210216L,Forsa,2021-02-16,2502,09.02.–15.02.,SPD,16
BT02210216L,Forsa,2021-02-16,2502,09.02.–15.02.,Gruene,19
BT02210216L,Forsa,2021-02-16,2502,09.02.–15.02.,FDP,7
BT02210216L,Forsa,2021-02-16,2502,09.02.–15.02.,Linke,8
BT02210216L,Forsa,2021-02-16,2502,09.02.–15.02.,AfD,8
BT02210216L,Forsa,2021-02-16,2502,09.02.–15.02.,BSW,NA
BT01210218G,Infratest dimap,2021-02-18,1025,15.02.–17.02.,CDUCSU,33
BT01210218G,Infratest dimap,2021-02-18,1025,15.02.–17.02.,SPD,16
BT01210218G,Infratest dimap,2021-02-18,1025,15.02.–17.02.,Gruene,20
BT01210218G,Infratest dimap,2021-02-18,1025,15.02.–17.02.,FDP,8
BT01210218G,Infratest dimap,2021-02-18,1025,15.02.–17.02.,Linke,6
BT01210218G,Infratest dimap,2021-02-18,1025,15.02.–17.02.,AfD,11
BT01210218G,Infratest dimap,2021-02-18,1025,15.02.–17.02.,BSW,NA
BT03210220T,Verian,2021-02-20,1905,11.02.–17.02.,CDUCSU,34
BT03210220T,Verian,2021-02-20,1905,11.02.–17.02.,SPD,16
BT03210220T,Verian,2021-02-20,1905,11.02.–17.02.,Gruene,19
BT03210220T,Verian,2021-02-20,1905,11.02.–17.02.,FDP,8
BT03210220T,Verian,2021-02-20,1905,11.02.–17.02.,Linke,8
BT03210220T,Verian,2021-02-20,1905,11.02.–17.02.,AfD,9
BT03210220T,Verian,2021-02-20,1905,11.02.–17.02.,BSW,NA
BT02210223M,Forsa,2021-02-23,2505,16.02.–22.02.,CDUCSU,35
BT02210223M,Forsa,2021-02-23,2505,16.02.–22.02.,SPD,16
BT02210223M,Forsa,2021-02-23,2505,16.02.–22.02.,Gruene,19
BT02210223M,Forsa,2021-02-23,2505,16.02.–22.02.,FDP,8
BT02210223M,Forsa,2021-02-23,2505,16.02.–22.02.,Linke,7
BT02210223M,Forsa,2021-02-23,2505,16.02.–22.02.,AfD,8
BT02210223M,Forsa,2021-02-23,2505,16.02.–22.02.,BSW,NA
BT09210225N,Allensbach,2021-02-25,1082,04.02.–17.02.,CDUCSU,37
BT09210225N,Allensbach,2021-02-25,1082,04.02.–17.02.,SPD,15
BT09210225N,Allensbach,2021-02-25,1082,04.02.–17.02.,Gruene,20
BT09210225N,Allensbach,2021-02-25,1082,04.02.–17.02.,FDP,7
BT09210225N,Allensbach,2021-02-25,1082,04.02.–17.02.,Linke,7
BT09210225N,Allensbach,2021-02-25,1082,04.02.–17.02.,AfD,9.5
BT09210225N,Allensbach,2021-02-25,1082,04.02.–17.02.,BSW,NA
BT06210226X,Forschungsgruppe Wahlen,2021-02-26,1202,23.02.–25.02.,CDUCSU,35
BT06210226X,Forschungsgruppe Wahlen,2021-02-26,1202,23.02.–25.02.,SPD,16
BT06210226X,Forschungsgruppe Wahlen,2021-02-26,1202,23.02.–25.02.,Gruene,19
BT06210226X,Forschungsgruppe Wahlen,2021-02-26,1202,23.02.–25.02.,FDP,7
BT06210226X,Forschungsgruppe Wahlen,2021-02-26,1202,23.02.–25.02.,Linke,7
BT06210226X,Forschungsgruppe Wahlen,2021-02-26,1202,23.02.–25.02.,AfD,10
BT06210226X,Forschungsgruppe Wahlen,2021-02-26,1202,23.02.–25.02.,BSW,NA
BT13210226A,YouGov,2021-02-26,1619,18.02.–22.02.,CDUCSU,33
BT13210226A,YouGov,2021-02-26,1619,18.02.–22.02.,SPD,16
BT13210226A,YouGov,2021-02-26,1619,18.02.–22.02.,Gruene,18
BT13210226A,YouGov,2021-02-26,1619,18.02.–22.02.,FDP,8
BT13210226A,YouGov,2021-02-26,1619,18.02.–22.02.,Linke,8
BT13210226A,YouGov,2021-02-26,1619,18.02.–22.02.,AfD,11
BT13210226A,YouGov,2021-02-26,1619,18.02.–22.02.,BSW,NA
BT03210227U,Verian,2021-02-27,1869,18.02.–24.02.,CDUCSU,34
BT03210227U,Verian,2021-02-27,1869,18.02.–24.02.,SPD,16
BT03210227U,Verian,2021-02-27,1869,18.02.–24.02.,Gruene,18
BT03210227U,Verian,2021-02-27,1869,18.02.–24.02.,FDP,8
BT03210227U,Verian,2021-02-27,1869,18.02.–24.02.,Linke,9
BT03210227U,Verian,2021-02-27,1869,18.02.–24.02.,AfD,9
BT03210227U,Verian,2021-02-27,1869,18.02.–24.02.,BSW,NA
BT02210302N,Forsa,2021-03-02,2501,25.02.–01.03.,CDUCSU,34
BT02210302N,Forsa,2021-03-02,2501,25.02.–01.03.,SPD,16
BT02210302N,Forsa,2021-03-02,2501,25.02.–01.03.,Gruene,19
BT02210302N,Forsa,2021-03-02,2501,25.02.–01.03.,FDP,7
BT02210302N,Forsa,2021-03-02,2501,25.02.–01.03.,Linke,8
BT02210302N,Forsa,2021-03-02,2501,25.02.–01.03.,AfD,9
BT02210302N,Forsa,2021-03-02,2501,25.02.–01.03.,BSW,NA
BT01210304H,Infratest dimap,2021-03-04,1296,01.03.–02.03.,CDUCSU,33
BT01210304H,Infratest dimap,2021-03-04,1296,01.03.–02.03.,SPD,16
BT01210304H,Infratest dimap,2021-03-04,1296,01.03.–02.03.,Gruene,20
BT01210304H,Infratest dimap,2021-03-04,1296,01.03.–02.03.,FDP,7
BT01210304H,Infratest dimap,2021-03-04,1296,01.03.–02.03.,Linke,7
BT01210304H,Infratest dimap,2021-03-04,1296,01.03.–02.03.,AfD,11
BT01210304H,Infratest dimap,2021-03-04,1296,01.03.–02.03.,BSW,NA
BT03210307V,Verian,2021-03-07,2410,25.02.–03.03.,CDUCSU,32
BT03210307V,Verian,2021-03-07,2410,25.02.–03.03.,SPD,16
BT03210307V,Verian,2021-03-07,2410,25.02.–03.03.,Gruene,19
BT03210307V,Verian,2021-03-07,2410,25.02.–03.03.,FDP,9
BT03210307V,Verian,2021-03-07,2410,25.02.–03.03.,Linke,9
BT03210307V,Verian,2021-03-07,2410,25.02.–03.03.,AfD,10
BT03210307V,Verian,2021-03-07,2410,25.02.–03.03.,BSW,NA
BT02210310O,Forsa,2021-03-10,2510,02.03.–08.03.,CDUCSU,33
BT02210310O,Forsa,2021-03-10,2510,02.03.–08.03.,SPD,16
BT02210310O,Forsa,2021-03-10,2510,02.03.–08.03.,Gruene,18
BT02210310O,Forsa,2021-03-10,2510,02.03.–08.03.,FDP,8
BT02210310O,Forsa,2021-03-10,2510,02.03.–08.03.,Linke,8
BT02210310O,Forsa,2021-03-10,2510,02.03.–08.03.,AfD,10
BT02210310O,Forsa,2021-03-10,2510,02.03.–08.03.,BSW,NA
BT03210314W,Verian,2021-03-14,2378,04.03.–10.03.,CDUCSU,31
BT03210314W,Verian,2021-03-14,2378,04.03.–10.03.,SPD,16
BT03210314W,Verian,2021-03-14,2378,04.03.–10.03.,Gruene,19
BT03210314W,Verian,2021-03-14,2378,04.03.–10.03.,FDP,8
BT03210314W,Verian,2021-03-14,2378,04.03.–10.03.,Linke,8
BT03210314W,Verian,2021-03-14,2378,04.03.–10.03.,AfD,11
BT03210314W,Verian,2021-03-14,2378,04.03.–10.03.,BSW,NA
BT02210317P,Forsa,2021-03-17,2501,09.03.–15.03.,CDUCSU,29
BT02210317P,Forsa,2021-03-17,2501,09.03.–15.03.,SPD,16
BT02210317P,Forsa,2021-03-17,2501,09.03.–15.03.,Gruene,21
BT02210317P,Forsa,2021-03-17,2501,09.03.–15.03.,FDP,8
BT02210317P,Forsa,2021-03-17,2501,09.03.–15.03.,Linke,8
BT02210317P,Forsa,2021-03-17,2501,09.03.–15.03.,AfD,10
BT02210317P,Forsa,2021-03-17,2501,09.03.–15.03.,BSW,NA
BT01210318I,Infratest dimap,2021-03-18,1207,15.03.–17.03.,CDUCSU,29
BT01210318I,Infratest dimap,2021-03-18,1207,15.03.–17.03.,SPD,17
BT01210318I,Infratest dimap,2021-03-18,1207,15.03.–17.03.,Gruene,20
BT01210318I,Infratest dimap,2021-03-18,1207,15.03.–17.03.,FDP,9
BT01210318I,Infratest dimap,2021-03-18,1207,15.03.–17.03.,Linke,7
BT01210318I,Infratest dimap,2021-03-18,1207,15.03.–17.03.,AfD,11
BT01210318I,Infratest dimap,2021-03-18,1207,15.03.–17.03.,BSW,NA
BT03210320X,Verian,2021-03-20,1942,11.03.–17.03.,CDUCSU,27
BT03210320X,Verian,2021-03-20,1942,11.03.–17.03.,SPD,17
BT03210320X,Verian,2021-03-20,1942,11.03.–17.03.,Gruene,22
BT03210320X,Verian,2021-03-20,1942,11.03.–17.03.,FDP,10
BT03210320X,Verian,2021-03-20,1942,11.03.–17.03.,Linke,8
BT03210320X,Verian,2021-03-20,1942,11.03.–17.03.,AfD,10
BT03210320X,Verian,2021-03-20,1942,11.03.–17.03.,BSW,NA
BT09210324O,Allensbach,2021-03-24,1006,08.03.–21.03.,CDUCSU,28.5
BT09210324O,Allensbach,2021-03-24,1006,08.03.–21.03.,SPD,18
BT09210324O,Allensbach,2021-03-24,1006,08.03.–21.03.,Gruene,21.5
BT09210324O,Allensbach,2021-03-24,1006,08.03.–21.03.,FDP,8.5
BT09210324O,Allensbach,2021-03-24,1006,08.03.–21.03.,Linke,8.5
BT09210324O,Allensbach,2021-03-24,1006,08.03.–21.03.,AfD,10
BT09210324O,Allensbach,2021-03-24,1006,08.03.–21.03.,BSW,NA
BT02210324Q,Forsa,2021-03-24,2511,16.03.–22.03.,CDUCSU,26
BT02210324Q,Forsa,2021-03-24,2511,16.03.–22.03.,SPD,16
BT02210324Q,Forsa,2021-03-24,2511,16.03.–22.03.,Gruene,22
BT02210324Q,Forsa,2021-03-24,2511,16.03.–22.03.,FDP,10
BT02210324Q,Forsa,2021-03-24,2511,16.03.–22.03.,Linke,8
BT02210324Q,Forsa,2021-03-24,2511,16.03.–22.03.,AfD,10
BT02210324Q,Forsa,2021-03-24,2511,16.03.–22.03.,BSW,NA
BT06210326Y,Forschungsgruppe Wahlen,2021-03-26,1030,23.03.–25.03.,CDUCSU,28
BT06210326Y,Forschungsgruppe Wahlen,2021-03-26,1030,23.03.–25.03.,SPD,15
BT06210326Y,Forschungsgruppe Wahlen,2021-03-26,1030,23.03.–25.03.,Gruene,23
BT06210326Y,Forschungsgruppe Wahlen,2021-03-26,1030,23.03.–25.03.,FDP,9
BT06210326Y,Forschungsgruppe Wahlen,2021-03-26,1030,23.03.–25.03.,Linke,7
BT06210326Y,Forschungsgruppe Wahlen,2021-03-26,1030,23.03.–25.03.,AfD,12
BT06210326Y,Forschungsgruppe Wahlen,2021-03-26,1030,23.03.–25.03.,BSW,NA
BT03210327Y,Verian,2021-03-27,1447,18.03.–24.03.,CDUCSU,25
BT03210327Y,Verian,2021-03-27,1447,18.03.–24.03.,SPD,17
BT03210327Y,Verian,2021-03-27,1447,18.03.–24.03.,Gruene,23
BT03210327Y,Verian,2021-03-27,1447,18.03.–24.03.,FDP,10
BT03210327Y,Verian,2021-03-27,1447,18.03.–24.03.,Linke,9
BT03210327Y,Verian,2021-03-27,1447,18.03.–24.03.,AfD,10
BT03210327Y,Verian,2021-03-27,1447,18.03.–24.03.,BSW,NA
BT04210329Q,GMS,2021-03-29,1003,24.03.–29.03.,CDUCSU,26
BT04210329Q,GMS,2021-03-29,1003,24.03.–29.03.,SPD,16
BT04210329Q,GMS,2021-03-29,1003,24.03.–29.03.,Gruene,21
BT04210329Q,GMS,2021-03-29,1003,24.03.–29.03.,FDP,11
BT04210329Q,GMS,2021-03-29,1003,24.03.–29.03.,Linke,8
BT04210329Q,GMS,2021-03-29,1003,24.03.–29.03.,AfD,11
BT04210329Q,GMS,2021-03-29,1003,24.03.–29.03.,BSW,NA
BT02210331R,Forsa,2021-03-31,2503,23.03.–29.03.,CDUCSU,27
BT02210331R,Forsa,2021-03-31,2503,23.03.–29.03.,SPD,15
BT02210331R,Forsa,2021-03-31,2503,23.03.–29.03.,Gruene,23
BT02210331R,Forsa,2021-03-31,2503,23.03.–29.03.,FDP,10
BT02210331R,Forsa,2021-03-31,2503,23.03.–29.03.,Linke,7
BT02210331R,Forsa,2021-03-31,2503,23.03.–29.03.,AfD,11
BT02210331R,Forsa,2021-03-31,2503,23.03.–29.03.,BSW,NA
BT01210401J,Infratest dimap,2021-04-01,1348,29.03.–30.03.,CDUCSU,27
BT01210401J,Infratest dimap,2021-04-01,1348,29.03.–30.03.,SPD,16
BT01210401J,Infratest dimap,2021-04-01,1348,29.03.–30.03.,Gruene,22
BT01210401J,Infratest dimap,2021-04-01,1348,29.03.–30.03.,FDP,9
BT01210401J,Infratest dimap,2021-04-01,1348,29.03.–30.03.,Linke,7
BT01210401J,Infratest dimap,2021-04-01,1348,29.03.–30.03.,AfD,11
BT01210401J,Infratest dimap,2021-04-01,1348,29.03.–30.03.,BSW,NA
BT13210401B,YouGov,2021-04-01,1637,25.03.–29.03.,CDUCSU,27
BT13210401B,YouGov,2021-04-01,1637,25.03.–29.03.,SPD,17
BT13210401B,YouGov,2021-04-01,1637,25.03.–29.03.,Gruene,21
BT13210401B,YouGov,2021-04-01,1637,25.03.–29.03.,FDP,10
BT13210401B,YouGov,2021-04-01,1637,25.03.–29.03.,Linke,8
BT13210401B,YouGov,2021-04-01,1637,25.03.–29.03.,AfD,11
BT13210401B,YouGov,2021-04-01,1637,25.03.–29.03.,BSW,NA
BT03210404A,Verian,2021-04-04,1429,25.03.–31.03.,CDUCSU,26
BT03210404A,Verian,2021-04-04,1429,25.03.–31.03.,SPD,16
BT03210404A,Verian,2021-04-04,1429,25.03.–31.03.,Gruene,23
BT03210404A,Verian,2021-04-04,1429,25.03.–31.03.,FDP,9
BT03210404A,Verian,2021-04-04,1429,25.03.–31.03.,Linke,9
BT03210404A,Verian,2021-04-04,1429,25.03.–31.03.,AfD,10
BT03210404A,Verian,2021-04-04,1429,25.03.–31.03.,BSW,NA
BT02210407S,Forsa,2021-04-07,1501,30.03.–01.04.,CDUCSU,27
BT02210407S,Forsa,2021-04-07,1501,30.03.–01.04.,SPD,15
BT02210407S,Forsa,2021-04-07,1501,30.03.–01.04.,Gruene,23
BT02210407S,Forsa,2021-04-07,1501,30.03.–01.04.,FDP,10
BT02210407S,Forsa,2021-04-07,1501,30.03.–01.04.,Linke,7
BT02210407S,Forsa,2021-04-07,1501,30.03.–01.04.,AfD,10
BT02210407S,Forsa,2021-04-07,1501,30.03.–01.04.,BSW,NA
BT03210411B,Verian,2021-04-11,1448,31.03.–07.04.,CDUCSU,27
BT03210411B,Verian,2021-04-11,1448,31.03.–07.04.,SPD,15
BT03210411B,Verian,2021-04-11,1448,31.03.–07.04.,Gruene,22
BT03210411B,Verian,2021-04-11,1448,31.03.–07.04.,FDP,9
BT03210411B,Verian,2021-04-11,1448,31.03.–07.04.,Linke,9
BT03210411B,Verian,2021-04-11,1448,31.03.–07.04.,AfD,11
BT03210411B,Verian,2021-04-11,1448,31.03.–07.04.,BSW,NA
BT02210414T,Forsa,2021-04-14,2500,06.04.–12.04.,CDUCSU,27
BT02210414T,Forsa,2021-04-14,2500,06.04.–12.04.,SPD,15
BT02210414T,Forsa,2021-04-14,2500,06.04.–12.04.,Gruene,23
BT02210414T,Forsa,2021-04-14,2500,06.04.–12.04.,FDP,9
BT02210414T,Forsa,2021-04-14,2500,06.04.–12.04.,Linke,8
BT02210414T,Forsa,2021-04-14,2500,06.04.–12.04.,AfD,11
BT02210414T,Forsa,2021-04-14,2500,06.04.–12.04.,BSW,NA
BT01210415K,Infratest dimap,2021-04-15,1174,13.04.–14.04.,CDUCSU,28
BT01210415K,Infratest dimap,2021-04-15,1174,13.04.–14.04.,SPD,15
BT01210415K,Infratest dimap,2021-04-15,1174,13.04.–14.04.,Gruene,21
BT01210415K,Infratest dimap,2021-04-15,1174,13.04.–14.04.,FDP,11
BT01210415K,Infratest dimap,2021-04-15,1174,13.04.–14.04.,Linke,7
BT01210415K,Infratest dimap,2021-04-15,1174,13.04.–14.04.,AfD,11
BT01210415K,Infratest dimap,2021-04-15,1174,13.04.–14.04.,BSW,NA
BT06210416A,Forschungsgruppe Wahlen,2021-04-16,1292,13.04.–15.04.,CDUCSU,31
BT06210416A,Forschungsgruppe Wahlen,2021-04-16,1292,13.04.–15.04.,SPD,14
BT06210416A,Forschungsgruppe Wahlen,2021-04-16,1292,13.04.–15.04.,Gruene,21
BT06210416A,Forschungsgruppe Wahlen,2021-04-16,1292,13.04.–15.04.,FDP,9
BT06210416A,Forschungsgruppe Wahlen,2021-04-16,1292,13.04.–15.04.,Linke,7
BT06210416A,Forschungsgruppe Wahlen,2021-04-16,1292,13.04.–15.04.,AfD,11
BT06210416A,Forschungsgruppe Wahlen,2021-04-16,1292,13.04.–15.04.,BSW,NA
BT03210418C,Verian,2021-04-18,1437,08.04.–14.04.,CDUCSU,29
BT03210418C,Verian,2021-04-18,1437,08.04.–14.04.,SPD,15
BT03210418C,Verian,2021-04-18,1437,08.04.–14.04.,Gruene,22
BT03210418C,Verian,2021-04-18,1437,08.04.–14.04.,FDP,9
BT03210418C,Verian,2021-04-18,1437,08.04.–14.04.,Linke,8
BT03210418C,Verian,2021-04-18,1437,08.04.–14.04.,AfD,11
BT03210418C,Verian,2021-04-18,1437,08.04.–14.04.,BSW,NA
BT02210420V,Forsa,2021-04-20,1502,20.04.,CDUCSU,21
BT02210420V,Forsa,2021-04-20,1502,20.04.,SPD,13
BT02210420V,Forsa,2021-04-20,1502,20.04.,Gruene,28
BT02210420V,Forsa,2021-04-20,1502,20.04.,FDP,12
BT02210420V,Forsa,2021-04-20,1502,20.04.,Linke,7
BT02210420V,Forsa,2021-04-20,1502,20.04.,AfD,11
BT02210420V,Forsa,2021-04-20,1502,20.04.,BSW,NA
BT02210420U,Forsa,2021-04-20,2003,13.04.–16.04.,CDUCSU,28
BT02210420U,Forsa,2021-04-20,2003,13.04.–16.04.,SPD,15
BT02210420U,Forsa,2021-04-20,2003,13.04.–16.04.,Gruene,23
BT02210420U,Forsa,2021-04-20,2003,13.04.–16.04.,FDP,10
BT02210420U,Forsa,2021-04-20,2003,13.04.–16.04.,Linke,6
BT02210420U,Forsa,2021-04-20,2003,13.04.–16.04.,AfD,11
BT02210420U,Forsa,2021-04-20,2003,13.04.–16.04.,BSW,NA
BT09210421P,Allensbach,2021-04-21,1051,06.04.–15.04.,CDUCSU,28
BT09210421P,Allensbach,2021-04-21,1051,06.04.–15.04.,SPD,16.5
BT09210421P,Allensbach,2021-04-21,1051,06.04.–15.04.,Gruene,23
BT09210421P,Allensbach,2021-04-21,1051,06.04.–15.04.,FDP,10
BT09210421P,Allensbach,2021-04-21,1051,06.04.–15.04.,Linke,7.5
BT09210421P,Allensbach,2021-04-21,1051,06.04.–15.04.,AfD,9.5
BT09210421P,Allensbach,2021-04-21,1051,06.04.–15.04.,BSW,NA
BT03210424D,Verian,2021-04-24,1225,15.04.–21.04.,CDUCSU,27
BT03210424D,Verian,2021-04-24,1225,15.04.–21.04.,SPD,13
BT03210424D,Verian,2021-04-24,1225,15.04.–21.04.,Gruene,28
BT03210424D,Verian,2021-04-24,1225,15.04.–21.04.,FDP,9
BT03210424D,Verian,2021-04-24,1225,15.04.–21.04.,Linke,7
BT03210424D,Verian,2021-04-24,1225,15.04.–21.04.,AfD,10
BT03210424D,Verian,2021-04-24,1225,15.04.–21.04.,BSW,NA
BT02210428W,Forsa,2021-04-28,2507,20.04.–26.04.,CDUCSU,22
BT02210428W,Forsa,2021-04-28,2507,20.04.–26.04.,SPD,13
BT02210428W,Forsa,2021-04-28,2507,20.04.–26.04.,Gruene,28
BT02210428W,Forsa,2021-04-28,2507,20.04.–26.04.,FDP,12
BT02210428W,Forsa,2021-04-28,2507,20.04.–26.04.,Linke,7
BT02210428W,Forsa,2021-04-28,2507,20.04.–26.04.,AfD,11
BT02210428W,Forsa,2021-04-28,2507,20.04.–26.04.,BSW,NA
BT13210430C,YouGov,2021-04-30,1643,23.04.–26.04.,CDUCSU,24
BT13210430C,YouGov,2021-04-30,1643,23.04.–26.04.,SPD,14
BT13210430C,YouGov,2021-04-30,1643,23.04.–26.04.,Gruene,25
BT13210430C,YouGov,2021-04-30,1643,23.04.–26.04.,FDP,11
BT13210430C,YouGov,2021-04-30,1643,23.04.–26.04.,Linke,8
BT13210430C,YouGov,2021-04-30,1643,23.04.–26.04.,AfD,11
BT13210430C,YouGov,2021-04-30,1643,23.04.–26.04.,BSW,NA
BT03210501E,Verian,2021-05-01,1442,22.04.–28.04.,CDUCSU,24
BT03210501E,Verian,2021-05-01,1442,22.04.–28.04.,SPD,15
BT03210501E,Verian,2021-05-01,1442,22.04.–28.04.,Gruene,27
BT03210501E,Verian,2021-05-01,1442,22.04.–28.04.,FDP,11
BT03210501E,Verian,2021-05-01,1442,22.04.–28.04.,Linke,7
BT03210501E,Verian,2021-05-01,1442,22.04.–28.04.,AfD,10
BT03210501E,Verian,2021-05-01,1442,22.04.–28.04.,BSW,NA
BT02210505X,Forsa,2021-05-05,2508,27.04.–03.05.,CDUCSU,23
BT02210505X,Forsa,2021-05-05,2508,27.04.–03.05.,SPD,14
BT02210505X,Forsa,2021-05-05,2508,27.04.–03.05.,Gruene,28
BT02210505X,Forsa,2021-05-05,2508,27.04.–03.05.,FDP,12
BT02210505X,Forsa,2021-05-05,2508,27.04.–03.05.,Linke,6
BT02210505X,Forsa,2021-05-05,2508,27.04.–03.05.,AfD,10
BT02210505X,Forsa,2021-05-05,2508,27.04.–03.05.,BSW,NA
BT01210506L,Infratest dimap,2021-05-06,1351,03.05.–05.05.,CDUCSU,23
BT01210506L,Infratest dimap,2021-05-06,1351,03.05.–05.05.,SPD,14
BT01210506L,Infratest dimap,2021-05-06,1351,03.05.–05.05.,Gruene,26
BT01210506L,Infratest dimap,2021-05-06,1351,03.05.–05.05.,FDP,11
BT01210506L,Infratest dimap,2021-05-06,1351,03.05.–05.05.,Linke,6
BT01210506L,Infratest dimap,2021-05-06,1351,03.05.–05.05.,AfD,12
BT01210506L,Infratest dimap,2021-05-06,1351,03.05.–05.05.,BSW,NA
BT06210507B,Forschungsgruppe Wahlen,2021-05-07,1271,04.05.–06.05.,CDUCSU,25
BT06210507B,Forschungsgruppe Wahlen,2021-05-07,1271,04.05.–06.05.,SPD,14
BT06210507B,Forschungsgruppe Wahlen,2021-05-07,1271,04.05.–06.05.,Gruene,26
BT06210507B,Forschungsgruppe Wahlen,2021-05-07,1271,04.05.–06.05.,FDP,10
BT06210507B,Forschungsgruppe Wahlen,2021-05-07,1271,04.05.–06.05.,Linke,7
BT06210507B,Forschungsgruppe Wahlen,2021-05-07,1271,04.05.–06.05.,AfD,11
BT06210507B,Forschungsgruppe Wahlen,2021-05-07,1271,04.05.–06.05.,BSW,NA
BT03210508F,Verian,2021-05-08,1910,29.04.–05.05.,CDUCSU,23
BT03210508F,Verian,2021-05-08,1910,29.04.–05.05.,SPD,16
BT03210508F,Verian,2021-05-08,1910,29.04.–05.05.,Gruene,26
BT03210508F,Verian,2021-05-08,1910,29.04.–05.05.,FDP,12
BT03210508F,Verian,2021-05-08,1910,29.04.–05.05.,Linke,7
BT03210508F,Verian,2021-05-08,1910,29.04.–05.05.,AfD,10
BT03210508F,Verian,2021-05-08,1910,29.04.–05.05.,BSW,NA
BT02210512Y,Forsa,2021-05-12,2501,04.05.–10.05.,CDUCSU,24
BT02210512Y,Forsa,2021-05-12,2501,04.05.–10.05.,SPD,15
BT02210512Y,Forsa,2021-05-12,2501,04.05.–10.05.,Gruene,27
BT02210512Y,Forsa,2021-05-12,2501,04.05.–10.05.,FDP,11
BT02210512Y,Forsa,2021-05-12,2501,04.05.–10.05.,Linke,6
BT02210512Y,Forsa,2021-05-12,2501,04.05.–10.05.,AfD,10
BT02210512Y,Forsa,2021-05-12,2501,04.05.–10.05.,BSW,NA
BT01210513M,Infratest dimap,2021-05-13,1198,10.05.–11.05.,CDUCSU,24
BT01210513M,Infratest dimap,2021-05-13,1198,10.05.–11.05.,SPD,15
BT01210513M,Infratest dimap,2021-05-13,1198,10.05.–11.05.,Gruene,25
BT01210513M,Infratest dimap,2021-05-13,1198,10.05.–11.05.,FDP,12
BT01210513M,Infratest dimap,2021-05-13,1198,10.05.–11.05.,Linke,7
BT01210513M,Infratest dimap,2021-05-13,1198,10.05.–11.05.,AfD,11
BT01210513M,Infratest dimap,2021-05-13,1198,10.05.–11.05.,BSW,NA
BT03210515G,Verian,2021-05-15,1428,06.05.–11.05.,CDUCSU,24
BT03210515G,Verian,2021-05-15,1428,06.05.–11.05.,SPD,15
BT03210515G,Verian,2021-05-15,1428,06.05.–11.05.,Gruene,25
BT03210515G,Verian,2021-05-15,1428,06.05.–11.05.,FDP,11
BT03210515G,Verian,2021-05-15,1428,06.05.–11.05.,Linke,8
BT03210515G,Verian,2021-05-15,1428,06.05.–11.05.,AfD,11
BT03210515G,Verian,2021-05-15,1428,06.05.–11.05.,BSW,NA
BT04210517R,GMS,2021-05-17,1005,11.05.–17.05.,CDUCSU,26
BT04210517R,GMS,2021-05-17,1005,11.05.–17.05.,SPD,15
BT04210517R,GMS,2021-05-17,1005,11.05.–17.05.,Gruene,24
BT04210517R,GMS,2021-05-17,1005,11.05.–17.05.,FDP,11
BT04210517R,GMS,2021-05-17,1005,11.05.–17.05.,Linke,7
BT04210517R,GMS,2021-05-17,1005,11.05.–17.05.,AfD,11
BT04210517R,GMS,2021-05-17,1005,11.05.–17.05.,BSW,NA
BT09210519Q,Allensbach,2021-05-19,1027,01.05.–13.05.,CDUCSU,27.5
BT09210519Q,Allensbach,2021-05-19,1027,01.05.–13.05.,SPD,16
BT09210519Q,Allensbach,2021-05-19,1027,01.05.–13.05.,Gruene,24
BT09210519Q,Allensbach,2021-05-19,1027,01.05.–13.05.,FDP,10
BT09210519Q,Allensbach,2021-05-19,1027,01.05.–13.05.,Linke,6.5
BT09210519Q,Allensbach,2021-05-19,1027,01.05.–13.05.,AfD,10
BT09210519Q,Allensbach,2021-05-19,1027,01.05.–13.05.,BSW,NA
BT02210519A,Forsa,2021-05-19,2001,11.05.–17.05.,CDUCSU,24
BT02210519A,Forsa,2021-05-19,2001,11.05.–17.05.,SPD,15
BT02210519A,Forsa,2021-05-19,2001,11.05.–17.05.,Gruene,26
BT02210519A,Forsa,2021-05-19,2001,11.05.–17.05.,FDP,11
BT02210519A,Forsa,2021-05-19,2001,11.05.–17.05.,Linke,6
BT02210519A,Forsa,2021-05-19,2001,11.05.–17.05.,AfD,10
BT02210519A,Forsa,2021-05-19,2001,11.05.–17.05.,BSW,NA
BT03210521H,Verian,2021-05-21,1445,11.05.–18.05.,CDUCSU,26
BT03210521H,Verian,2021-05-21,1445,11.05.–18.05.,SPD,14
BT03210521H,Verian,2021-05-21,1445,11.05.–18.05.,Gruene,24
BT03210521H,Verian,2021-05-21,1445,11.05.–18.05.,FDP,11
BT03210521H,Verian,2021-05-21,1445,11.05.–18.05.,Linke,8
BT03210521H,Verian,2021-05-21,1445,11.05.–18.05.,AfD,11
BT03210521H,Verian,2021-05-21,1445,11.05.–18.05.,BSW,NA
BT06210521C,Forschungsgruppe Wahlen,2021-05-21,1229,18.05.–20.05.,CDUCSU,24
BT06210521C,Forschungsgruppe Wahlen,2021-05-21,1229,18.05.–20.05.,SPD,14
BT06210521C,Forschungsgruppe Wahlen,2021-05-21,1229,18.05.–20.05.,Gruene,25
BT06210521C,Forschungsgruppe Wahlen,2021-05-21,1229,18.05.–20.05.,FDP,11
BT06210521C,Forschungsgruppe Wahlen,2021-05-21,1229,18.05.–20.05.,Linke,7
BT06210521C,Forschungsgruppe Wahlen,2021-05-21,1229,18.05.–20.05.,AfD,11
BT06210521C,Forschungsgruppe Wahlen,2021-05-21,1229,18.05.–20.05.,BSW,NA
BT02210526B,Forsa,2021-05-26,2004,18.05.–21.05.,CDUCSU,24
BT02210526B,Forsa,2021-05-26,2004,18.05.–21.05.,SPD,14
BT02210526B,Forsa,2021-05-26,2004,18.05.–21.05.,Gruene,25
BT02210526B,Forsa,2021-05-26,2004,18.05.–21.05.,FDP,13
BT02210526B,Forsa,2021-05-26,2004,18.05.–21.05.,Linke,6
BT02210526B,Forsa,2021-05-26,2004,18.05.–21.05.,AfD,10
BT02210526B,Forsa,2021-05-26,2004,18.05.–21.05.,BSW,NA
BT13210527D,YouGov,2021-05-27,1706,21.05.–24.05.,CDUCSU,26
BT13210527D,YouGov,2021-05-27,1706,21.05.–24.05.,SPD,15
BT13210527D,YouGov,2021-05-27,1706,21.05.–24.05.,Gruene,22
BT13210527D,YouGov,2021-05-27,1706,21.05.–24.05.,FDP,12
BT13210527D,YouGov,2021-05-27,1706,21.05.–24.05.,Linke,7
BT13210527D,YouGov,2021-05-27,1706,21.05.–24.05.,AfD,11
BT13210527D,YouGov,2021-05-27,1706,21.05.–24.05.,BSW,NA
BT03210528I,Verian,2021-05-28,1422,19.05.–25.05.,CDUCSU,25
BT03210528I,Verian,2021-05-28,1422,19.05.–25.05.,SPD,15
BT03210528I,Verian,2021-05-28,1422,19.05.–25.05.,Gruene,23
BT03210528I,Verian,2021-05-28,1422,19.05.–25.05.,FDP,12
BT03210528I,Verian,2021-05-28,1422,19.05.–25.05.,Linke,7
BT03210528I,Verian,2021-05-28,1422,19.05.–25.05.,AfD,12
BT03210528I,Verian,2021-05-28,1422,19.05.–25.05.,BSW,NA
BT02210602C,Forsa,2021-06-02,2500,25.05.–31.05.,CDUCSU,25
BT02210602C,Forsa,2021-06-02,2500,25.05.–31.05.,SPD,14
BT02210602C,Forsa,2021-06-02,2500,25.05.–31.05.,Gruene,24
BT02210602C,Forsa,2021-06-02,2500,25.05.–31.05.,FDP,14
BT02210602C,Forsa,2021-06-02,2500,25.05.–31.05.,Linke,6
BT02210602C,Forsa,2021-06-02,2500,25.05.–31.05.,AfD,9
BT02210602C,Forsa,2021-06-02,2500,25.05.–31.05.,BSW,NA
BT03210605J,Verian,2021-06-05,1419,26.05.–01.06.,CDUCSU,24
BT03210605J,Verian,2021-06-05,1419,26.05.–01.06.,SPD,16
BT03210605J,Verian,2021-06-05,1419,26.05.–01.06.,Gruene,22
BT03210605J,Verian,2021-06-05,1419,26.05.–01.06.,FDP,13
BT03210605J,Verian,2021-06-05,1419,26.05.–01.06.,Linke,7
BT03210605J,Verian,2021-06-05,1419,26.05.–01.06.,AfD,11
BT03210605J,Verian,2021-06-05,1419,26.05.–01.06.,BSW,NA
BT02210609D,Forsa,2021-06-09,2501,01.06.–07.06.,CDUCSU,27
BT02210609D,Forsa,2021-06-09,2501,01.06.–07.06.,SPD,14
BT02210609D,Forsa,2021-06-09,2501,01.06.–07.06.,Gruene,22
BT02210609D,Forsa,2021-06-09,2501,01.06.–07.06.,FDP,14
BT02210609D,Forsa,2021-06-09,2501,01.06.–07.06.,Linke,6
BT02210609D,Forsa,2021-06-09,2501,01.06.–07.06.,AfD,9
BT02210609D,Forsa,2021-06-09,2501,01.06.–07.06.,BSW,NA
BT06210610D,Forschungsgruppe Wahlen,2021-06-10,1232,07.06.–09.06.,CDUCSU,28
BT06210610D,Forschungsgruppe Wahlen,2021-06-10,1232,07.06.–09.06.,SPD,15
BT06210610D,Forschungsgruppe Wahlen,2021-06-10,1232,07.06.–09.06.,Gruene,22
BT06210610D,Forschungsgruppe Wahlen,2021-06-10,1232,07.06.–09.06.,FDP,10
BT06210610D,Forschungsgruppe Wahlen,2021-06-10,1232,07.06.–09.06.,Linke,7
BT06210610D,Forschungsgruppe Wahlen,2021-06-10,1232,07.06.–09.06.,AfD,11
BT06210610D,Forschungsgruppe Wahlen,2021-06-10,1232,07.06.–09.06.,BSW,NA
BT01210610N,Infratest dimap,2021-06-10,1316,07.06.–09.06.,CDUCSU,28
BT01210610N,Infratest dimap,2021-06-10,1316,07.06.–09.06.,SPD,14
BT01210610N,Infratest dimap,2021-06-10,1316,07.06.–09.06.,Gruene,20
BT01210610N,Infratest dimap,2021-06-10,1316,07.06.–09.06.,FDP,12
BT01210610N,Infratest dimap,2021-06-10,1316,07.06.–09.06.,Linke,7
BT01210610N,Infratest dimap,2021-06-10,1316,07.06.–09.06.,AfD,12
BT01210610N,Infratest dimap,2021-06-10,1316,07.06.–09.06.,BSW,NA
BT03210611K,Verian,2021-06-11,1421,02.06.–08.06.,CDUCSU,26
BT03210611K,Verian,2021-06-11,1421,02.06.–08.06.,SPD,16
BT03210611K,Verian,2021-06-11,1421,02.06.–08.06.,Gruene,21
BT03210611K,Verian,2021-06-11,1421,02.06.–08.06.,FDP,13
BT03210611K,Verian,2021-06-11,1421,02.06.–08.06.,Linke,7
BT03210611K,Verian,2021-06-11,1421,02.06.–08.06.,AfD,11
BT03210611K,Verian,2021-06-11,1421,02.06.–08.06.,BSW,NA
BT09210616R,Allensbach,2021-06-16,1070,28.05.–09.06.,CDUCSU,29.5
BT09210616R,Allensbach,2021-06-16,1070,28.05.–09.06.,SPD,17
BT09210616R,Allensbach,2021-06-16,1070,28.05.–09.06.,Gruene,21.5
BT09210616R,Allensbach,2021-06-16,1070,28.05.–09.06.,FDP,11
BT09210616R,Allensbach,2021-06-16,1070,28.05.–09.06.,Linke,7
BT09210616R,Allensbach,2021-06-16,1070,28.05.–09.06.,AfD,9
BT09210616R,Allensbach,2021-06-16,1070,28.05.–09.06.,BSW,NA
BT02210616E,Forsa,2021-06-16,2501,08.06.–14.06.,CDUCSU,28
BT02210616E,Forsa,2021-06-16,2501,08.06.–14.06.,SPD,14
BT02210616E,Forsa,2021-06-16,2501,08.06.–14.06.,Gruene,21
BT02210616E,Forsa,2021-06-16,2501,08.06.–14.06.,FDP,14
BT02210616E,Forsa,2021-06-16,2501,08.06.–14.06.,Linke,7
BT02210616E,Forsa,2021-06-16,2501,08.06.–14.06.,AfD,9
BT02210616E,Forsa,2021-06-16,2501,08.06.–14.06.,BSW,NA
BT03210618L,Verian,2021-06-18,1413,09.06.–15.06.,CDUCSU,27
BT03210618L,Verian,2021-06-18,1413,09.06.–15.06.,SPD,17
BT03210618L,Verian,2021-06-18,1413,09.06.–15.06.,Gruene,20
BT03210618L,Verian,2021-06-18,1413,09.06.–15.06.,FDP,12
BT03210618L,Verian,2021-06-18,1413,09.06.–15.06.,Linke,7
BT03210618L,Verian,2021-06-18,1413,09.06.–15.06.,AfD,10
BT03210618L,Verian,2021-06-18,1413,09.06.–15.06.,BSW,NA
BT04210621S,GMS,2021-06-21,1002,16.06.–21.06.,CDUCSU,28
BT04210621S,GMS,2021-06-21,1002,16.06.–21.06.,SPD,16
BT04210621S,GMS,2021-06-21,1002,16.06.–21.06.,Gruene,20
BT04210621S,GMS,2021-06-21,1002,16.06.–21.06.,FDP,12
BT04210621S,GMS,2021-06-21,1002,16.06.–21.06.,Linke,8
BT04210621S,GMS,2021-06-21,1002,16.06.–21.06.,AfD,10
BT04210621S,GMS,2021-06-21,1002,16.06.–21.06.,BSW,NA
BT02210623F,Forsa,2021-06-23,2502,15.06.–21.06.,CDUCSU,29
BT02210623F,Forsa,2021-06-23,2502,15.06.–21.06.,SPD,15
BT02210623F,Forsa,2021-06-23,2502,15.06.–21.06.,Gruene,21
BT02210623F,Forsa,2021-06-23,2502,15.06.–21.06.,FDP,13
BT02210623F,Forsa,2021-06-23,2502,15.06.–21.06.,Linke,6
BT02210623F,Forsa,2021-06-23,2502,15.06.–21.06.,AfD,9
BT02210623F,Forsa,2021-06-23,2502,15.06.–21.06.,BSW,NA
BT01210624O,Infratest dimap,2021-06-24,1217,22.06.–23.06.,CDUCSU,28
BT01210624O,Infratest dimap,2021-06-24,1217,22.06.–23.06.,SPD,15
BT01210624O,Infratest dimap,2021-06-24,1217,22.06.–23.06.,Gruene,21
BT01210624O,Infratest dimap,2021-06-24,1217,22.06.–23.06.,FDP,11
BT01210624O,Infratest dimap,2021-06-24,1217,22.06.–23.06.,Linke,6
BT01210624O,Infratest dimap,2021-06-24,1217,22.06.–23.06.,AfD,12
BT01210624O,Infratest dimap,2021-06-24,1217,22.06.–23.06.,BSW,NA
BT03210625M,Verian,2021-06-25,1430,15.06.–22.06.,CDUCSU,28
BT03210625M,Verian,2021-06-25,1430,15.06.–22.06.,SPD,17
BT03210625M,Verian,2021-06-25,1430,15.06.–22.06.,Gruene,19
BT03210625M,Verian,2021-06-25,1430,15.06.–22.06.,FDP,11
BT03210625M,Verian,2021-06-25,1430,15.06.–22.06.,Linke,7
BT03210625M,Verian,2021-06-25,1430,15.06.–22.06.,AfD,10
BT03210625M,Verian,2021-06-25,1430,15.06.–22.06.,BSW,NA
BT06210625E,Forschungsgruppe Wahlen,2021-06-25,1271,22.06.–24.06.,CDUCSU,29
BT06210625E,Forschungsgruppe Wahlen,2021-06-25,1271,22.06.–24.06.,SPD,14
BT06210625E,Forschungsgruppe Wahlen,2021-06-25,1271,22.06.–24.06.,Gruene,22
BT06210625E,Forschungsgruppe Wahlen,2021-06-25,1271,22.06.–24.06.,FDP,10
BT06210625E,Forschungsgruppe Wahlen,2021-06-25,1271,22.06.–24.06.,Linke,7
BT06210625E,Forschungsgruppe Wahlen,2021-06-25,1271,22.06.–24.06.,AfD,10
BT06210625E,Forschungsgruppe Wahlen,2021-06-25,1271,22.06.–24.06.,BSW,NA
BT02210630G,Forsa,2021-06-30,2501,22.06.–28.06.,CDUCSU,30
BT02210630G,Forsa,2021-06-30,2501,22.06.–28.06.,SPD,14
BT02210630G,Forsa,2021-06-30,2501,22.06.–28.06.,Gruene,20
BT02210630G,Forsa,2021-06-30,2501,22.06.–28.06.,FDP,12
BT02210630G,Forsa,2021-06-30,2501,22.06.–28.06.,Linke,7
BT02210630G,Forsa,2021-06-30,2501,22.06.–28.06.,AfD,9
BT02210630G,Forsa,2021-06-30,2501,22.06.–28.06.,BSW,NA
BT01210701P,Infratest dimap,2021-07-01,1317,28.06.–30.06.,CDUCSU,28
BT01210701P,Infratest dimap,2021-07-01,1317,28.06.–30.06.,SPD,15
BT01210701P,Infratest dimap,2021-07-01,1317,28.06.–30.06.,Gruene,20
BT01210701P,Infratest dimap,2021-07-01,1317,28.06.–30.06.,FDP,11
BT01210701P,Infratest dimap,2021-07-01,1317,28.06.–30.06.,Linke,7
BT01210701P,Infratest dimap,2021-07-01,1317,28.06.–30.06.,AfD,11
BT01210701P,Infratest dimap,2021-07-01,1317,28.06.–30.06.,BSW,NA
BT03210702N,Verian,2021-07-02,1418,23.06.–29.06.,CDUCSU,28
BT03210702N,Verian,2021-07-02,1418,23.06.–29.06.,SPD,16
BT03210702N,Verian,2021-07-02,1418,23.06.–29.06.,Gruene,20
BT03210702N,Verian,2021-07-02,1418,23.06.–29.06.,FDP,10
BT03210702N,Verian,2021-07-02,1418,23.06.–29.06.,Linke,7
BT03210702N,Verian,2021-07-02,1418,23.06.–29.06.,AfD,11
BT03210702N,Verian,2021-07-02,1418,23.06.–29.06.,BSW,NA
BT13210702E,YouGov,2021-07-02,1648,25.06.–28.06.,CDUCSU,30
BT13210702E,YouGov,2021-07-02,1648,25.06.–28.06.,SPD,15
BT13210702E,YouGov,2021-07-02,1648,25.06.–28.06.,Gruene,19
BT13210702E,YouGov,2021-07-02,1648,25.06.–28.06.,FDP,11
BT13210702E,YouGov,2021-07-02,1648,25.06.–28.06.,Linke,7
BT13210702E,YouGov,2021-07-02,1648,25.06.–28.06.,AfD,11
BT13210702E,YouGov,2021-07-02,1648,25.06.–28.06.,BSW,NA
BT02210707H,Forsa,2021-07-07,2505,29.06.–05.07.,CDUCSU,30
BT02210707H,Forsa,2021-07-07,2505,29.06.–05.07.,SPD,15
BT02210707H,Forsa,2021-07-07,2505,29.06.–05.07.,Gruene,19
BT02210707H,Forsa,2021-07-07,2505,29.06.–05.07.,FDP,11
BT02210707H,Forsa,2021-07-07,2505,29.06.–05.07.,Linke,7
BT02210707H,Forsa,2021-07-07,2505,29.06.–05.07.,AfD,10
BT02210707H,Forsa,2021-07-07,2505,29.06.–05.07.,BSW,NA
BT03210710O,Verian,2021-07-10,1405,29.06.–06.07.,CDUCSU,29
BT03210710O,Verian,2021-07-10,1405,29.06.–06.07.,SPD,15
BT03210710O,Verian,2021-07-10,1405,29.06.–06.07.,Gruene,19
BT03210710O,Verian,2021-07-10,1405,29.06.–06.07.,FDP,11
BT03210710O,Verian,2021-07-10,1405,29.06.–06.07.,Linke,8
BT03210710O,Verian,2021-07-10,1405,29.06.–06.07.,AfD,11
BT03210710O,Verian,2021-07-10,1405,29.06.–06.07.,BSW,NA
BT02210714I,Forsa,2021-07-14,2502,06.07.–12.07.,CDUCSU,30
BT02210714I,Forsa,2021-07-14,2502,06.07.–12.07.,SPD,15
BT02210714I,Forsa,2021-07-14,2502,06.07.–12.07.,Gruene,19
BT02210714I,Forsa,2021-07-14,2502,06.07.–12.07.,FDP,12
BT02210714I,Forsa,2021-07-14,2502,06.07.–12.07.,Linke,7
BT02210714I,Forsa,2021-07-14,2502,06.07.–12.07.,AfD,9
BT02210714I,Forsa,2021-07-14,2502,06.07.–12.07.,BSW,NA
BT03210716P,Verian,2021-07-16,1495,07.07.–13.07.,CDUCSU,28
BT03210716P,Verian,2021-07-16,1495,07.07.–13.07.,SPD,15
BT03210716P,Verian,2021-07-16,1495,07.07.–13.07.,Gruene,20
BT03210716P,Verian,2021-07-16,1495,07.07.–13.07.,FDP,11
BT03210716P,Verian,2021-07-16,1495,07.07.–13.07.,Linke,8
BT03210716P,Verian,2021-07-16,1495,07.07.–13.07.,AfD,11
BT03210716P,Verian,2021-07-16,1495,07.07.–13.07.,BSW,NA
BT06210716F,Forschungsgruppe Wahlen,2021-07-16,1224,13.07.–15.07.,CDUCSU,30
BT06210716F,Forschungsgruppe Wahlen,2021-07-16,1224,13.07.–15.07.,SPD,15
BT06210716F,Forschungsgruppe Wahlen,2021-07-16,1224,13.07.–15.07.,Gruene,20
BT06210716F,Forschungsgruppe Wahlen,2021-07-16,1224,13.07.–15.07.,FDP,10
BT06210716F,Forschungsgruppe Wahlen,2021-07-16,1224,13.07.–15.07.,Linke,7
BT06210716F,Forschungsgruppe Wahlen,2021-07-16,1224,13.07.–15.07.,AfD,10
BT06210716F,Forschungsgruppe Wahlen,2021-07-16,1224,13.07.–15.07.,BSW,NA
BT09210720S,Allensbach,2021-07-20,1028,03.07.–14.07.,CDUCSU,31.5
BT09210720S,Allensbach,2021-07-20,1028,03.07.–14.07.,SPD,16.5
BT09210720S,Allensbach,2021-07-20,1028,03.07.–14.07.,Gruene,18
BT09210720S,Allensbach,2021-07-20,1028,03.07.–14.07.,FDP,12
BT09210720S,Allensbach,2021-07-20,1028,03.07.–14.07.,Linke,6.5
BT09210720S,Allensbach,2021-07-20,1028,03.07.–14.07.,AfD,9.5
BT09210720S,Allensbach,2021-07-20,1028,03.07.–14.07.,BSW,NA
BT02210721J,Forsa,2021-07-21,2503,13.07.–19.07.,CDUCSU,28
BT02210721J,Forsa,2021-07-21,2503,13.07.–19.07.,SPD,16
BT02210721J,Forsa,2021-07-21,2503,13.07.–19.07.,Gruene,19
BT02210721J,Forsa,2021-07-21,2503,13.07.–19.07.,FDP,12
BT02210721J,Forsa,2021-07-21,2503,13.07.–19.07.,Linke,7
BT02210721J,Forsa,2021-07-21,2503,13.07.–19.07.,AfD,10
BT02210721J,Forsa,2021-07-21,2503,13.07.–19.07.,BSW,NA
BT01210722Q,Infratest dimap,2021-07-22,1188,20.07.–21.07.,CDUCSU,29
BT01210722Q,Infratest dimap,2021-07-22,1188,20.07.–21.07.,SPD,16
BT01210722Q,Infratest dimap,2021-07-22,1188,20.07.–21.07.,Gruene,19
BT01210722Q,Infratest dimap,2021-07-22,1188,20.07.–21.07.,FDP,12
BT01210722Q,Infratest dimap,2021-07-22,1188,20.07.–21.07.,Linke,6
BT01210722Q,Infratest dimap,2021-07-22,1188,20.07.–21.07.,AfD,10
BT01210722Q,Infratest dimap,2021-07-22,1188,20.07.–21.07.,BSW,NA
BT03210723Q,Verian,2021-07-23,1421,14.07.–20.07.,CDUCSU,28
BT03210723Q,Verian,2021-07-23,1421,14.07.–20.07.,SPD,16
BT03210723Q,Verian,2021-07-23,1421,14.07.–20.07.,Gruene,19
BT03210723Q,Verian,2021-07-23,1421,14.07.–20.07.,FDP,12
BT03210723Q,Verian,2021-07-23,1421,14.07.–20.07.,Linke,7
BT03210723Q,Verian,2021-07-23,1421,14.07.–20.07.,AfD,11
BT03210723Q,Verian,2021-07-23,1421,14.07.–20.07.,BSW,NA
BT04210727T,GMS,2021-07-27,1003,21.07.–27.07.,CDUCSU,30
BT04210727T,GMS,2021-07-27,1003,21.07.–27.07.,SPD,15
BT04210727T,GMS,2021-07-27,1003,21.07.–27.07.,Gruene,18
BT04210727T,GMS,2021-07-27,1003,21.07.–27.07.,FDP,12
BT04210727T,GMS,2021-07-27,1003,21.07.–27.07.,Linke,7
BT04210727T,GMS,2021-07-27,1003,21.07.–27.07.,AfD,10
BT04210727T,GMS,2021-07-27,1003,21.07.–27.07.,BSW,NA
BT09210728T,Allensbach,2021-07-28,1243,03.07.–22.07.,CDUCSU,30
BT09210728T,Allensbach,2021-07-28,1243,03.07.–22.07.,SPD,16
BT09210728T,Allensbach,2021-07-28,1243,03.07.–22.07.,Gruene,19.5
BT09210728T,Allensbach,2021-07-28,1243,03.07.–22.07.,FDP,12
BT09210728T,Allensbach,2021-07-28,1243,03.07.–22.07.,Linke,7
BT09210728T,Allensbach,2021-07-28,1243,03.07.–22.07.,AfD,9.5
BT09210728T,Allensbach,2021-07-28,1243,03.07.–22.07.,BSW,NA
BT02210728K,Forsa,2021-07-28,2501,20.07.–26.07.,CDUCSU,26
BT02210728K,Forsa,2021-07-28,2501,20.07.–26.07.,SPD,15
BT02210728K,Forsa,2021-07-28,2501,20.07.–26.07.,Gruene,21
BT02210728K,Forsa,2021-07-28,2501,20.07.–26.07.,FDP,13
BT02210728K,Forsa,2021-07-28,2501,20.07.–26.07.,Linke,7
BT02210728K,Forsa,2021-07-28,2501,20.07.–26.07.,AfD,10
BT02210728K,Forsa,2021-07-28,2501,20.07.–26.07.,BSW,NA
BT03210730R,Verian,2021-07-30,1441,20.07.–27.07.,CDUCSU,27
BT03210730R,Verian,2021-07-30,1441,20.07.–27.07.,SPD,17
BT03210730R,Verian,2021-07-30,1441,20.07.–27.07.,Gruene,19
BT03210730R,Verian,2021-07-30,1441,20.07.–27.07.,FDP,13
BT03210730R,Verian,2021-07-30,1441,20.07.–27.07.,Linke,6
BT03210730R,Verian,2021-07-30,1441,20.07.–27.07.,AfD,11
BT03210730R,Verian,2021-07-30,1441,20.07.–27.07.,BSW,NA
BT06210730G,Forschungsgruppe Wahlen,2021-07-30,1268,27.07.–29.07.,CDUCSU,28
BT06210730G,Forschungsgruppe Wahlen,2021-07-30,1268,27.07.–29.07.,SPD,16
BT06210730G,Forschungsgruppe Wahlen,2021-07-30,1268,27.07.–29.07.,Gruene,21
BT06210730G,Forschungsgruppe Wahlen,2021-07-30,1268,27.07.–29.07.,FDP,10
BT06210730G,Forschungsgruppe Wahlen,2021-07-30,1268,27.07.–29.07.,Linke,7
BT06210730G,Forschungsgruppe Wahlen,2021-07-30,1268,27.07.–29.07.,AfD,11
BT06210730G,Forschungsgruppe Wahlen,2021-07-30,1268,27.07.–29.07.,BSW,NA
BT13210730F,YouGov,2021-07-30,1748,23.07.–26.07.,CDUCSU,28
BT13210730F,YouGov,2021-07-30,1748,23.07.–26.07.,SPD,16
BT13210730F,YouGov,2021-07-30,1748,23.07.–26.07.,Gruene,16
BT13210730F,YouGov,2021-07-30,1748,23.07.–26.07.,FDP,12
BT13210730F,YouGov,2021-07-30,1748,23.07.–26.07.,Linke,8
BT13210730F,YouGov,2021-07-30,1748,23.07.–26.07.,AfD,12
BT13210730F,YouGov,2021-07-30,1748,23.07.–26.07.,BSW,NA
BT02210803L,Forsa,2021-08-03,2502,27.07.–02.08.,CDUCSU,26
BT02210803L,Forsa,2021-08-03,2502,27.07.–02.08.,SPD,16
BT02210803L,Forsa,2021-08-03,2502,27.07.–02.08.,Gruene,20
BT02210803L,Forsa,2021-08-03,2502,27.07.–02.08.,FDP,13
BT02210803L,Forsa,2021-08-03,2502,27.07.–02.08.,Linke,6
BT02210803L,Forsa,2021-08-03,2502,27.07.–02.08.,AfD,10
BT02210803L,Forsa,2021-08-03,2502,27.07.–02.08.,BSW,NA
BT03210804S,Verian,2021-08-04,1413,28.07.–03.08.,CDUCSU,24
BT03210804S,Verian,2021-08-04,1413,28.07.–03.08.,SPD,18
BT03210804S,Verian,2021-08-04,1413,28.07.–03.08.,Gruene,22
BT03210804S,Verian,2021-08-04,1413,28.07.–03.08.,FDP,13
BT03210804S,Verian,2021-08-04,1413,28.07.–03.08.,Linke,6
BT03210804S,Verian,2021-08-04,1413,28.07.–03.08.,AfD,11
BT03210804S,Verian,2021-08-04,1413,28.07.–03.08.,BSW,NA
BT01210805R,Infratest dimap,2021-08-05,1312,02.08.–04.08.,CDUCSU,27
BT01210805R,Infratest dimap,2021-08-05,1312,02.08.–04.08.,SPD,18
BT01210805R,Infratest dimap,2021-08-05,1312,02.08.–04.08.,Gruene,19
BT01210805R,Infratest dimap,2021-08-05,1312,02.08.–04.08.,FDP,12
BT01210805R,Infratest dimap,2021-08-05,1312,02.08.–04.08.,Linke,6
BT01210805R,Infratest dimap,2021-08-05,1312,02.08.–04.08.,AfD,10
BT01210805R,Infratest dimap,2021-08-05,1312,02.08.–04.08.,BSW,NA
BT03210811T,Verian,2021-08-11,1446,04.08.–10.08.,CDUCSU,22
BT03210811T,Verian,2021-08-11,1446,04.08.–10.08.,SPD,19
BT03210811T,Verian,2021-08-11,1446,04.08.–10.08.,Gruene,21
BT03210811T,Verian,2021-08-11,1446,04.08.–10.08.,FDP,12
BT03210811T,Verian,2021-08-11,1446,04.08.–10.08.,Linke,7
BT03210811T,Verian,2021-08-11,1446,04.08.–10.08.,AfD,11
BT03210811T,Verian,2021-08-11,1446,04.08.–10.08.,BSW,NA
BT02210811M,Forsa,2021-08-11,2509,03.08.–09.08.,CDUCSU,23
BT02210811M,Forsa,2021-08-11,2509,03.08.–09.08.,SPD,19
BT02210811M,Forsa,2021-08-11,2509,03.08.–09.08.,Gruene,20
BT02210811M,Forsa,2021-08-11,2509,03.08.–09.08.,FDP,12
BT02210811M,Forsa,2021-08-11,2509,03.08.–09.08.,Linke,7
BT02210811M,Forsa,2021-08-11,2509,03.08.–09.08.,AfD,10
BT02210811M,Forsa,2021-08-11,2509,03.08.–09.08.,BSW,NA
BT06210813H,Forschungsgruppe Wahlen,2021-08-13,1252,10.08.–12.08.,CDUCSU,26
BT06210813H,Forschungsgruppe Wahlen,2021-08-13,1252,10.08.–12.08.,SPD,19
BT06210813H,Forschungsgruppe Wahlen,2021-08-13,1252,10.08.–12.08.,Gruene,19
BT06210813H,Forschungsgruppe Wahlen,2021-08-13,1252,10.08.–12.08.,FDP,11
BT06210813H,Forschungsgruppe Wahlen,2021-08-13,1252,10.08.–12.08.,Linke,7
BT06210813H,Forschungsgruppe Wahlen,2021-08-13,1252,10.08.–12.08.,AfD,11
BT06210813H,Forschungsgruppe Wahlen,2021-08-13,1252,10.08.–12.08.,BSW,NA
BT02210818N,Forsa,2021-08-18,2501,10.08.–16.08.,CDUCSU,23
BT02210818N,Forsa,2021-08-18,2501,10.08.–16.08.,SPD,21
BT02210818N,Forsa,2021-08-18,2501,10.08.–16.08.,Gruene,19
BT02210818N,Forsa,2021-08-18,2501,10.08.–16.08.,FDP,12
BT02210818N,Forsa,2021-08-18,2501,10.08.–16.08.,Linke,6
BT02210818N,Forsa,2021-08-18,2501,10.08.–16.08.,AfD,10
BT02210818N,Forsa,2021-08-18,2501,10.08.–16.08.,BSW,NA
BT09210819U,Allensbach,2021-08-19,1018,05.08.–17.08.,CDUCSU,27.5
BT09210819U,Allensbach,2021-08-19,1018,05.08.–17.08.,SPD,19.5
BT09210819U,Allensbach,2021-08-19,1018,05.08.–17.08.,Gruene,17.5
BT09210819U,Allensbach,2021-08-19,1018,05.08.–17.08.,FDP,11
BT09210819U,Allensbach,2021-08-19,1018,05.08.–17.08.,Linke,7.5
BT09210819U,Allensbach,2021-08-19,1018,05.08.–17.08.,AfD,11
BT09210819U,Allensbach,2021-08-19,1018,05.08.–17.08.,BSW,NA
BT03210819U,Verian,2021-08-19,1920,11.08.–17.08.,CDUCSU,22
BT03210819U,Verian,2021-08-19,1920,11.08.–17.08.,SPD,21
BT03210819U,Verian,2021-08-19,1920,11.08.–17.08.,Gruene,19
BT03210819U,Verian,2021-08-19,1920,11.08.–17.08.,FDP,12
BT03210819U,Verian,2021-08-19,1920,11.08.–17.08.,Linke,7
BT03210819U,Verian,2021-08-19,1920,11.08.–17.08.,AfD,11
BT03210819U,Verian,2021-08-19,1920,11.08.–17.08.,BSW,NA
BT01210819S,Infratest dimap,2021-08-19,1219,17.08.–18.08.,CDUCSU,23
BT01210819S,Infratest dimap,2021-08-19,1219,17.08.–18.08.,SPD,21
BT01210819S,Infratest dimap,2021-08-19,1219,17.08.–18.08.,Gruene,17
BT01210819S,Infratest dimap,2021-08-19,1219,17.08.–18.08.,FDP,13
BT01210819S,Infratest dimap,2021-08-19,1219,17.08.–18.08.,Linke,7
BT01210819S,Infratest dimap,2021-08-19,1219,17.08.–18.08.,AfD,11
BT01210819S,Infratest dimap,2021-08-19,1219,17.08.–18.08.,BSW,NA
BT02210824O,Forsa,2021-08-24,2504,17.08.–23.08.,CDUCSU,22
BT02210824O,Forsa,2021-08-24,2504,17.08.–23.08.,SPD,23
BT02210824O,Forsa,2021-08-24,2504,17.08.–23.08.,Gruene,18
BT02210824O,Forsa,2021-08-24,2504,17.08.–23.08.,FDP,12
BT02210824O,Forsa,2021-08-24,2504,17.08.–23.08.,Linke,6
BT02210824O,Forsa,2021-08-24,2504,17.08.–23.08.,AfD,10
BT02210824O,Forsa,2021-08-24,2504,17.08.–23.08.,BSW,NA
BT03210826V,Verian,2021-08-26,1919,18.08.–24.08.,CDUCSU,23
BT03210826V,Verian,2021-08-26,1919,18.08.–24.08.,SPD,23
BT03210826V,Verian,2021-08-26,1919,18.08.–24.08.,Gruene,18
BT03210826V,Verian,2021-08-26,1919,18.08.–24.08.,FDP,12
BT03210826V,Verian,2021-08-26,1919,18.08.–24.08.,Linke,7
BT03210826V,Verian,2021-08-26,1919,18.08.–24.08.,AfD,11
BT03210826V,Verian,2021-08-26,1919,18.08.–24.08.,BSW,NA
BT06210827I,Forschungsgruppe Wahlen,2021-08-27,1300,24.08.–26.08.,CDUCSU,22
BT06210827I,Forschungsgruppe Wahlen,2021-08-27,1300,24.08.–26.08.,SPD,22
BT06210827I,Forschungsgruppe Wahlen,2021-08-27,1300,24.08.–26.08.,Gruene,20
BT06210827I,Forschungsgruppe Wahlen,2021-08-27,1300,24.08.–26.08.,FDP,10
BT06210827I,Forschungsgruppe Wahlen,2021-08-27,1300,24.08.–26.08.,Linke,6
BT06210827I,Forschungsgruppe Wahlen,2021-08-27,1300,24.08.–26.08.,AfD,11
BT06210827I,Forschungsgruppe Wahlen,2021-08-27,1300,24.08.–26.08.,BSW,NA
BT13210827G,YouGov,2021-08-27,1689,20.08.–24.08.,CDUCSU,22
BT13210827G,YouGov,2021-08-27,1689,20.08.–24.08.,SPD,24
BT13210827G,YouGov,2021-08-27,1689,20.08.–24.08.,Gruene,16
BT13210827G,YouGov,2021-08-27,1689,20.08.–24.08.,FDP,13
BT13210827G,YouGov,2021-08-27,1689,20.08.–24.08.,Linke,8
BT13210827G,YouGov,2021-08-27,1689,20.08.–24.08.,AfD,11
BT13210827G,YouGov,2021-08-27,1689,20.08.–24.08.,BSW,NA
BT09210828V,Allensbach,2021-08-28,1038,18.08.–26.08.,CDUCSU,26
BT09210828V,Allensbach,2021-08-28,1038,18.08.–26.08.,SPD,24
BT09210828V,Allensbach,2021-08-28,1038,18.08.–26.08.,Gruene,17
BT09210828V,Allensbach,2021-08-28,1038,18.08.–26.08.,FDP,10.5
BT09210828V,Allensbach,2021-08-28,1038,18.08.–26.08.,Linke,6
BT09210828V,Allensbach,2021-08-28,1038,18.08.–26.08.,AfD,10.5
BT09210828V,Allensbach,2021-08-28,1038,18.08.–26.08.,BSW,NA
BT02210831P,Forsa,2021-08-31,2508,24.08.–30.08.,CDUCSU,21
BT02210831P,Forsa,2021-08-31,2508,24.08.–30.08.,SPD,23
BT02210831P,Forsa,2021-08-31,2508,24.08.–30.08.,Gruene,18
BT02210831P,Forsa,2021-08-31,2508,24.08.–30.08.,FDP,12
BT02210831P,Forsa,2021-08-31,2508,24.08.–30.08.,Linke,6
BT02210831P,Forsa,2021-08-31,2508,24.08.–30.08.,AfD,11
BT02210831P,Forsa,2021-08-31,2508,24.08.–30.08.,BSW,NA
BT03210902W,Verian,2021-09-02,1439,25.08.–31.08.,CDUCSU,21
BT03210902W,Verian,2021-09-02,1439,25.08.–31.08.,SPD,25
BT03210902W,Verian,2021-09-02,1439,25.08.–31.08.,Gruene,19
BT03210902W,Verian,2021-09-02,1439,25.08.–31.08.,FDP,11
BT03210902W,Verian,2021-09-02,1439,25.08.–31.08.,Linke,7
BT03210902W,Verian,2021-09-02,1439,25.08.–31.08.,AfD,11
BT03210902W,Verian,2021-09-02,1439,25.08.–31.08.,BSW,NA
BT01210902T,Infratest dimap,2021-09-02,1337,30.08.–01.09.,CDUCSU,20
BT01210902T,Infratest dimap,2021-09-02,1337,30.08.–01.09.,SPD,25
BT01210902T,Infratest dimap,2021-09-02,1337,30.08.–01.09.,Gruene,16
BT01210902T,Infratest dimap,2021-09-02,1337,30.08.–01.09.,FDP,13
BT01210902T,Infratest dimap,2021-09-02,1337,30.08.–01.09.,Linke,6
BT01210902T,Infratest dimap,2021-09-02,1337,30.08.–01.09.,AfD,12
BT01210902T,Infratest dimap,2021-09-02,1337,30.08.–01.09.,BSW,NA
BT06210903J,Forschungsgruppe Wahlen,2021-09-03,1301,31.08.–02.09.,CDUCSU,22
BT06210903J,Forschungsgruppe Wahlen,2021-09-03,1301,31.08.–02.09.,SPD,25
BT06210903J,Forschungsgruppe Wahlen,2021-09-03,1301,31.08.–02.09.,Gruene,17
BT06210903J,Forschungsgruppe Wahlen,2021-09-03,1301,31.08.–02.09.,FDP,11
BT06210903J,Forschungsgruppe Wahlen,2021-09-03,1301,31.08.–02.09.,Linke,7
BT06210903J,Forschungsgruppe Wahlen,2021-09-03,1301,31.08.–02.09.,AfD,11
BT06210903J,Forschungsgruppe Wahlen,2021-09-03,1301,31.08.–02.09.,BSW,NA
BT13210903H,YouGov,2021-09-03,1729,27.08.–31.08.,CDUCSU,20
BT13210903H,YouGov,2021-09-03,1729,27.08.–31.08.,SPD,25
BT13210903H,YouGov,2021-09-03,1729,27.08.–31.08.,Gruene,15
BT13210903H,YouGov,2021-09-03,1729,27.08.–31.08.,FDP,13
BT13210903H,YouGov,2021-09-03,1729,27.08.–31.08.,Linke,8
BT13210903H,YouGov,2021-09-03,1729,27.08.–31.08.,AfD,12
BT13210903H,YouGov,2021-09-03,1729,27.08.–31.08.,BSW,NA
BT02210907Q,Forsa,2021-09-07,2505,31.08.–06.09.,CDUCSU,19
BT02210907Q,Forsa,2021-09-07,2505,31.08.–06.09.,SPD,25
BT02210907Q,Forsa,2021-09-07,2505,31.08.–06.09.,Gruene,17
BT02210907Q,Forsa,2021-09-07,2505,31.08.–06.09.,FDP,13
BT02210907Q,Forsa,2021-09-07,2505,31.08.–06.09.,Linke,6
BT02210907Q,Forsa,2021-09-07,2505,31.08.–06.09.,AfD,11
BT02210907Q,Forsa,2021-09-07,2505,31.08.–06.09.,BSW,NA
BT04210907U,GMS,2021-09-07,1004,01.09.–06.09.,CDUCSU,23
BT04210907U,GMS,2021-09-07,1004,01.09.–06.09.,SPD,25
BT04210907U,GMS,2021-09-07,1004,01.09.–06.09.,Gruene,17
BT04210907U,GMS,2021-09-07,1004,01.09.–06.09.,FDP,12
BT04210907U,GMS,2021-09-07,1004,01.09.–06.09.,Linke,6
BT04210907U,GMS,2021-09-07,1004,01.09.–06.09.,AfD,11
BT04210907U,GMS,2021-09-07,1004,01.09.–06.09.,BSW,NA
BT09210908W,Allensbach,2021-09-08,1258,01.09.–07.09.,CDUCSU,25
BT09210908W,Allensbach,2021-09-08,1258,01.09.–07.09.,SPD,27
BT09210908W,Allensbach,2021-09-08,1258,01.09.–07.09.,Gruene,15.5
BT09210908W,Allensbach,2021-09-08,1258,01.09.–07.09.,FDP,9.5
BT09210908W,Allensbach,2021-09-08,1258,01.09.–07.09.,Linke,6
BT09210908W,Allensbach,2021-09-08,1258,01.09.–07.09.,AfD,11
BT09210908W,Allensbach,2021-09-08,1258,01.09.–07.09.,BSW,NA
BT03210909X,Verian,2021-09-09,1901,01.09.–07.09.,CDUCSU,21
BT03210909X,Verian,2021-09-09,1901,01.09.–07.09.,SPD,25
BT03210909X,Verian,2021-09-09,1901,01.09.–07.09.,Gruene,17
BT03210909X,Verian,2021-09-09,1901,01.09.–07.09.,FDP,12
BT03210909X,Verian,2021-09-09,1901,01.09.–07.09.,Linke,6
BT03210909X,Verian,2021-09-09,1901,01.09.–07.09.,AfD,12
BT03210909X,Verian,2021-09-09,1901,01.09.–07.09.,BSW,NA
BT06210910K,Forschungsgruppe Wahlen,2021-09-10,1281,07.09.–09.09.,CDUCSU,22
BT06210910K,Forschungsgruppe Wahlen,2021-09-10,1281,07.09.–09.09.,SPD,25
BT06210910K,Forschungsgruppe Wahlen,2021-09-10,1281,07.09.–09.09.,Gruene,17
BT06210910K,Forschungsgruppe Wahlen,2021-09-10,1281,07.09.–09.09.,FDP,11
BT06210910K,Forschungsgruppe Wahlen,2021-09-10,1281,07.09.–09.09.,Linke,6
BT06210910K,Forschungsgruppe Wahlen,2021-09-10,1281,07.09.–09.09.,AfD,11
BT06210910K,Forschungsgruppe Wahlen,2021-09-10,1281,07.09.–09.09.,BSW,NA
BT13210910I,YouGov,2021-09-10,1700,03.09.–07.09.,CDUCSU,21
BT13210910I,YouGov,2021-09-10,1700,03.09.–07.09.,SPD,26
BT13210910I,YouGov,2021-09-10,1700,03.09.–07.09.,Gruene,15
BT13210910I,YouGov,2021-09-10,1700,03.09.–07.09.,FDP,10
BT13210910I,YouGov,2021-09-10,1700,03.09.–07.09.,Linke,6
BT13210910I,YouGov,2021-09-10,1700,03.09.–07.09.,AfD,12
BT13210910I,YouGov,2021-09-10,1700,03.09.–07.09.,BSW,NA
BT02210914R,Forsa,2021-09-14,2501,07.09.–13.09.,CDUCSU,21
BT02210914R,Forsa,2021-09-14,2501,07.09.–13.09.,SPD,25
BT02210914R,Forsa,2021-09-14,2501,07.09.–13.09.,Gruene,17
BT02210914R,Forsa,2021-09-14,2501,07.09.–13.09.,FDP,11
BT02210914R,Forsa,2021-09-14,2501,07.09.–13.09.,Linke,6
BT02210914R,Forsa,2021-09-14,2501,07.09.–13.09.,AfD,11
BT02210914R,Forsa,2021-09-14,2501,07.09.–13.09.,BSW,NA
BT04210914V,GMS,2021-09-14,1003,08.09.–13.09.,CDUCSU,23
BT04210914V,GMS,2021-09-14,1003,08.09.–13.09.,SPD,25
BT04210914V,GMS,2021-09-14,1003,08.09.–13.09.,Gruene,16
BT04210914V,GMS,2021-09-14,1003,08.09.–13.09.,FDP,13
BT04210914V,GMS,2021-09-14,1003,08.09.–13.09.,Linke,6
BT04210914V,GMS,2021-09-14,1003,08.09.–13.09.,AfD,11
BT04210914V,GMS,2021-09-14,1003,08.09.–13.09.,BSW,NA
BT03210916Y,Verian,2021-09-16,1543,08.09.–14.09.,CDUCSU,20
BT03210916Y,Verian,2021-09-16,1543,08.09.–14.09.,SPD,26
BT03210916Y,Verian,2021-09-16,1543,08.09.–14.09.,Gruene,17
BT03210916Y,Verian,2021-09-16,1543,08.09.–14.09.,FDP,11
BT03210916Y,Verian,2021-09-16,1543,08.09.–14.09.,Linke,6
BT03210916Y,Verian,2021-09-16,1543,08.09.–14.09.,AfD,12
BT03210916Y,Verian,2021-09-16,1543,08.09.–14.09.,BSW,NA
BT01210916U,Infratest dimap,2021-09-16,1512,13.09.–15.09.,CDUCSU,22
BT01210916U,Infratest dimap,2021-09-16,1512,13.09.–15.09.,SPD,26
BT01210916U,Infratest dimap,2021-09-16,1512,13.09.–15.09.,Gruene,15
BT01210916U,Infratest dimap,2021-09-16,1512,13.09.–15.09.,FDP,11
BT01210916U,Infratest dimap,2021-09-16,1512,13.09.–15.09.,Linke,6
BT01210916U,Infratest dimap,2021-09-16,1512,13.09.–15.09.,AfD,11
BT01210916U,Infratest dimap,2021-09-16,1512,13.09.–15.09.,BSW,NA
BT13210916J,YouGov,2021-09-16,1816,09.09.–14.09.,CDUCSU,20
BT13210916J,YouGov,2021-09-16,1816,09.09.–14.09.,SPD,25
BT13210916J,YouGov,2021-09-16,1816,09.09.–14.09.,Gruene,15
BT13210916J,YouGov,2021-09-16,1816,09.09.–14.09.,FDP,10
BT13210916J,YouGov,2021-09-16,1816,09.09.–14.09.,Linke,8
BT13210916J,YouGov,2021-09-16,1816,09.09.–14.09.,AfD,11
BT13210916J,YouGov,2021-09-16,1816,09.09.–14.09.,BSW,NA
BT06210917L,Forschungsgruppe Wahlen,2021-09-17,1406,14.09.–16.09.,CDUCSU,22
BT06210917L,Forschungsgruppe Wahlen,2021-09-17,1406,14.09.–16.09.,SPD,25
BT06210917L,Forschungsgruppe Wahlen,2021-09-17,1406,14.09.–16.09.,Gruene,16
BT06210917L,Forschungsgruppe Wahlen,2021-09-17,1406,14.09.–16.09.,FDP,11
BT06210917L,Forschungsgruppe Wahlen,2021-09-17,1406,14.09.–16.09.,Linke,6
BT06210917L,Forschungsgruppe Wahlen,2021-09-17,1406,14.09.–16.09.,AfD,11
BT06210917L,Forschungsgruppe Wahlen,2021-09-17,1406,14.09.–16.09.,BSW,NA
BT02210921S,Forsa,2021-09-21,2502,14.09.–20.09.,CDUCSU,22
BT02210921S,Forsa,2021-09-21,2502,14.09.–20.09.,SPD,25
BT02210921S,Forsa,2021-09-21,2502,14.09.–20.09.,Gruene,17
BT02210921S,Forsa,2021-09-21,2502,14.09.–20.09.,FDP,11
BT02210921S,Forsa,2021-09-21,2502,14.09.–20.09.,Linke,6
BT02210921S,Forsa,2021-09-21,2502,14.09.–20.09.,AfD,11
BT02210921S,Forsa,2021-09-21,2502,14.09.–20.09.,BSW,NA
BT03210923A,Verian,2021-09-23,1433,15.09.–21.09.,CDUCSU,21
BT03210923A,Verian,2021-09-23,1433,15.09.–21.09.,SPD,25
BT03210923A,Verian,2021-09-23,1433,15.09.–21.09.,Gruene,16
BT03210923A,Verian,2021-09-23,1433,15.09.–21.09.,FDP,11
BT03210923A,Verian,2021-09-23,1433,15.09.–21.09.,Linke,7
BT03210923A,Verian,2021-09-23,1433,15.09.–21.09.,AfD,11
BT03210923A,Verian,2021-09-23,1433,15.09.–21.09.,BSW,NA
BT06210923M,Forschungsgruppe Wahlen,2021-09-23,1273,22.09.–23.09.,CDUCSU,23
BT06210923M,Forschungsgruppe Wahlen,2021-09-23,1273,22.09.–23.09.,SPD,25
BT06210923M,Forschungsgruppe Wahlen,2021-09-23,1273,22.09.–23.09.,Gruene,16.5
BT06210923M,Forschungsgruppe Wahlen,2021-09-23,1273,22.09.–23.09.,FDP,11
BT06210923M,Forschungsgruppe Wahlen,2021-09-23,1273,22.09.–23.09.,Linke,6
BT06210923M,Forschungsgruppe Wahlen,2021-09-23,1273,22.09.–23.09.,AfD,10
BT06210923M,Forschungsgruppe Wahlen,2021-09-23,1273,22.09.–23.09.,BSW,NA
BT13210923K,YouGov,2021-09-23,2364,16.09.–22.09.,CDUCSU,21
BT13210923K,YouGov,2021-09-23,2364,16.09.–22.09.,SPD,25
BT13210923K,YouGov,2021-09-23,2364,16.09.–22.09.,Gruene,14
BT13210923K,YouGov,2021-09-23,2364,16.09.–22.09.,FDP,11
BT13210923K,YouGov,2021-09-23,2364,16.09.–22.09.,Linke,7
BT13210923K,YouGov,2021-09-23,2364,16.09.–22.09.,AfD,12
BT13210923K,YouGov,2021-09-23,2364,16.09.–22.09.,BSW,NA
BT09210924X,Allensbach,2021-09-24,1554,16.09.–23.09.,CDUCSU,25
BT09210924X,Allensbach,2021-09-24,1554,16.09.–23.09.,SPD,26
BT09210924X,Allensbach,2021-09-24,1554,16.09.–23.09.,Gruene,16
BT09210924X,Allensbach,2021-09-24,1554,16.09.–23.09.,FDP,10.5
BT09210924X,Allensbach,2021-09-24,1554,16.09.–23.09.,Linke,5
BT09210924X,Allensbach,2021-09-24,1554,16.09.–23.09.,AfD,10
BT09210924X,Allensbach,2021-09-24,1554,16.09.–23.09.,BSW,NA
BT02210924T,Forsa,2021-09-24,2002,20.09.–23.09.,CDUCSU,22
BT02210924T,Forsa,2021-09-24,2002,20.09.–23.09.,SPD,25
BT02210924T,Forsa,2021-09-24,2002,20.09.–23.09.,Gruene,17
BT02210924T,Forsa,2021-09-24,2002,20.09.–23.09.,FDP,12
BT02210924T,Forsa,2021-09-24,2002,20.09.–23.09.,Linke,6
BT02210924T,Forsa,2021-09-24,2002,20.09.–23.09.,AfD,10
BT02210924T,Forsa,2021-09-24,2002,20.09.–23.09.,BSW,NA
BT06211001N,Forschungsgruppe Wahlen,2021-10-01,1249,28.09.–30.09.,CDUCSU,20
BT06211001N,Forschungsgruppe Wahlen,2021-10-01,1249,28.09.–30.09.,SPD,28
BT06211001N,Forschungsgruppe Wahlen,2021-10-01,1249,28.09.–30.09.,Gruene,16
BT06211001N,Forschungsgruppe Wahlen,2021-10-01,1249,28.09.–30.09.,FDP,13
BT06211001N,Forschungsgruppe Wahlen,2021-10-01,1249,28.09.–30.09.,Linke,5
BT06211001N,Forschungsgruppe Wahlen,2021-10-01,1249,28.09.–30.09.,AfD,10
BT06211001N,Forschungsgruppe Wahlen,2021-10-01,1249,28.09.–30.09.,BSW,NA
BT05211002A,INSA,2021-10-02,1254,27.09.–01.10.,CDUCSU,21
BT05211002A,INSA,2021-10-02,1254,27.09.–01.10.,SPD,28
BT05211002A,INSA,2021-10-02,1254,27.09.–01.10.,Gruene,16
BT05211002A,INSA,2021-10-02,1254,27.09.–01.10.,FDP,12
BT05211002A,INSA,2021-10-02,1254,27.09.–01.10.,Linke,5
BT05211002A,INSA,2021-10-02,1254,27.09.–01.10.,AfD,10
BT05211002A,INSA,2021-10-02,1254,27.09.–01.10.,BSW,NA
BT05211004B,INSA,2021-10-04,2000,01.10.–04.10.,CDUCSU,21
BT05211004B,INSA,2021-10-04,2000,01.10.–04.10.,SPD,28
BT05211004B,INSA,2021-10-04,2000,01.10.–04.10.,Gruene,15.5
BT05211004B,INSA,2021-10-04,2000,01.10.–04.10.,FDP,13.5
BT05211004B,INSA,2021-10-04,2000,01.10.–04.10.,Linke,4.5
BT05211004B,INSA,2021-10-04,2000,01.10.–04.10.,AfD,10
BT05211004B,INSA,2021-10-04,2000,01.10.–04.10.,BSW,NA
BT02211005U,Forsa,2021-10-05,3004,27.09.–04.10.,CDUCSU,20
BT02211005U,Forsa,2021-10-05,3004,27.09.–04.10.,SPD,26
BT02211005U,Forsa,2021-10-05,3004,27.09.–04.10.,Gruene,16
BT02211005U,Forsa,2021-10-05,3004,27.09.–04.10.,FDP,14
BT02211005U,Forsa,2021-10-05,3004,27.09.–04.10.,Linke,5
BT02211005U,Forsa,2021-10-05,3004,27.09.–04.10.,AfD,9
BT02211005U,Forsa,2021-10-05,3004,27.09.–04.10.,BSW,NA
BT03211009B,Verian,2021-10-09,1985,28.09.–05.10.,CDUCSU,20
BT03211009B,Verian,2021-10-09,1985,28.09.–05.10.,SPD,26
BT03211009B,Verian,2021-10-09,1985,28.09.–05.10.,Gruene,17
BT03211009B,Verian,2021-10-09,1985,28.09.–05.10.,FDP,13
BT03211009B,Verian,2021-10-09,1985,28.09.–05.10.,Linke,5
BT03211009B,Verian,2021-10-09,1985,28.09.–05.10.,AfD,10
BT03211009B,Verian,2021-10-09,1985,28.09.–05.10.,BSW,NA
BT05211009C,INSA,2021-10-09,1509,04.10.–08.10.,CDUCSU,20
BT05211009C,INSA,2021-10-09,1509,04.10.–08.10.,SPD,28
BT05211009C,INSA,2021-10-09,1509,04.10.–08.10.,Gruene,15
BT05211009C,INSA,2021-10-09,1509,04.10.–08.10.,FDP,14
BT05211009C,INSA,2021-10-09,1509,04.10.–08.10.,Linke,5
BT05211009C,INSA,2021-10-09,1509,04.10.–08.10.,AfD,10
BT05211009C,INSA,2021-10-09,1509,04.10.–08.10.,BSW,NA
BT05211011D,INSA,2021-10-11,2101,08.10.–11.10.,CDUCSU,19.5
BT05211011D,INSA,2021-10-11,2101,08.10.–11.10.,SPD,28.5
BT05211011D,INSA,2021-10-11,2101,08.10.–11.10.,Gruene,16
BT05211011D,INSA,2021-10-11,2101,08.10.–11.10.,FDP,14.5
BT05211011D,INSA,2021-10-11,2101,08.10.–11.10.,Linke,4
BT05211011D,INSA,2021-10-11,2101,08.10.–11.10.,AfD,11
BT05211011D,INSA,2021-10-11,2101,08.10.–11.10.,BSW,NA
BT02211012V,Forsa,2021-10-12,2503,05.10.–11.10.,CDUCSU,20
BT02211012V,Forsa,2021-10-12,2503,05.10.–11.10.,SPD,26
BT02211012V,Forsa,2021-10-12,2503,05.10.–11.10.,Gruene,16
BT02211012V,Forsa,2021-10-12,2503,05.10.–11.10.,FDP,14
BT02211012V,Forsa,2021-10-12,2503,05.10.–11.10.,Linke,5
BT02211012V,Forsa,2021-10-12,2503,05.10.–11.10.,AfD,9
BT02211012V,Forsa,2021-10-12,2503,05.10.–11.10.,BSW,NA
BT03211014C,Verian,2021-10-14,1410,06.10.–12.10.,CDUCSU,19
BT03211014C,Verian,2021-10-14,1410,06.10.–12.10.,SPD,26
BT03211014C,Verian,2021-10-14,1410,06.10.–12.10.,Gruene,17
BT03211014C,Verian,2021-10-14,1410,06.10.–12.10.,FDP,14
BT03211014C,Verian,2021-10-14,1410,06.10.–12.10.,Linke,5
BT03211014C,Verian,2021-10-14,1410,06.10.–12.10.,AfD,10
BT03211014C,Verian,2021-10-14,1410,06.10.–12.10.,BSW,NA
BT06211015O,Forschungsgruppe Wahlen,2021-10-15,1329,12.10.–14.10.,CDUCSU,19
BT06211015O,Forschungsgruppe Wahlen,2021-10-15,1329,12.10.–14.10.,SPD,28
BT06211015O,Forschungsgruppe Wahlen,2021-10-15,1329,12.10.–14.10.,Gruene,17
BT06211015O,Forschungsgruppe Wahlen,2021-10-15,1329,12.10.–14.10.,FDP,13
BT06211015O,Forschungsgruppe Wahlen,2021-10-15,1329,12.10.–14.10.,Linke,5
BT06211015O,Forschungsgruppe Wahlen,2021-10-15,1329,12.10.–14.10.,AfD,11
BT06211015O,Forschungsgruppe Wahlen,2021-10-15,1329,12.10.–14.10.,BSW,NA
BT05211016E,INSA,2021-10-16,1195,11.10.–15.10.,CDUCSU,19
BT05211016E,INSA,2021-10-16,1195,11.10.–15.10.,SPD,28
BT05211016E,INSA,2021-10-16,1195,11.10.–15.10.,Gruene,16
BT05211016E,INSA,2021-10-16,1195,11.10.–15.10.,FDP,13
BT05211016E,INSA,2021-10-16,1195,11.10.–15.10.,Linke,4
BT05211016E,INSA,2021-10-16,1195,11.10.–15.10.,AfD,11
BT05211016E,INSA,2021-10-16,1195,11.10.–15.10.,BSW,NA
BT05211018F,INSA,2021-10-18,2140,15.10.–18.10.,CDUCSU,18.5
BT05211018F,INSA,2021-10-18,2140,15.10.–18.10.,SPD,28
BT05211018F,INSA,2021-10-18,2140,15.10.–18.10.,Gruene,16
BT05211018F,INSA,2021-10-18,2140,15.10.–18.10.,FDP,15
BT05211018F,INSA,2021-10-18,2140,15.10.–18.10.,Linke,5
BT05211018F,INSA,2021-10-18,2140,15.10.–18.10.,AfD,11.5
BT05211018F,INSA,2021-10-18,2140,15.10.–18.10.,BSW,NA
BT02211019W,Forsa,2021-10-19,2502,12.10.–18.10.,CDUCSU,20
BT02211019W,Forsa,2021-10-19,2502,12.10.–18.10.,SPD,26
BT02211019W,Forsa,2021-10-19,2502,12.10.–18.10.,Gruene,16
BT02211019W,Forsa,2021-10-19,2502,12.10.–18.10.,FDP,15
BT02211019W,Forsa,2021-10-19,2502,12.10.–18.10.,Linke,5
BT02211019W,Forsa,2021-10-19,2502,12.10.–18.10.,AfD,9
BT02211019W,Forsa,2021-10-19,2502,12.10.–18.10.,BSW,NA
BT09211020Y,Allensbach,2021-10-20,1045,01.10.–14.10.,CDUCSU,21
BT09211020Y,Allensbach,2021-10-20,1045,01.10.–14.10.,SPD,28
BT09211020Y,Allensbach,2021-10-20,1045,01.10.–14.10.,Gruene,15
BT09211020Y,Allensbach,2021-10-20,1045,01.10.–14.10.,FDP,14
BT09211020Y,Allensbach,2021-10-20,1045,01.10.–14.10.,Linke,5
BT09211020Y,Allensbach,2021-10-20,1045,01.10.–14.10.,AfD,9.5
BT09211020Y,Allensbach,2021-10-20,1045,01.10.–14.10.,BSW,NA
BT03211023D,Verian,2021-10-23,1424,13.10.–19.10.,CDUCSU,21
BT03211023D,Verian,2021-10-23,1424,13.10.–19.10.,SPD,25
BT03211023D,Verian,2021-10-23,1424,13.10.–19.10.,Gruene,16
BT03211023D,Verian,2021-10-23,1424,13.10.–19.10.,FDP,13
BT03211023D,Verian,2021-10-23,1424,13.10.–19.10.,Linke,5
BT03211023D,Verian,2021-10-23,1424,13.10.–19.10.,AfD,11
BT03211023D,Verian,2021-10-23,1424,13.10.–19.10.,BSW,NA
BT05211023G,INSA,2021-10-23,1205,18.10.–22.10.,CDUCSU,20
BT05211023G,INSA,2021-10-23,1205,18.10.–22.10.,SPD,27
BT05211023G,INSA,2021-10-23,1205,18.10.–22.10.,Gruene,17
BT05211023G,INSA,2021-10-23,1205,18.10.–22.10.,FDP,14
BT05211023G,INSA,2021-10-23,1205,18.10.–22.10.,Linke,4
BT05211023G,INSA,2021-10-23,1205,18.10.–22.10.,AfD,11
BT05211023G,INSA,2021-10-23,1205,18.10.–22.10.,BSW,NA
BT05211025H,INSA,2021-10-25,2105,22.10.–25.10.,CDUCSU,20
BT05211025H,INSA,2021-10-25,2105,22.10.–25.10.,SPD,28
BT05211025H,INSA,2021-10-25,2105,22.10.–25.10.,Gruene,16
BT05211025H,INSA,2021-10-25,2105,22.10.–25.10.,FDP,14
BT05211025H,INSA,2021-10-25,2105,22.10.–25.10.,Linke,5
BT05211025H,INSA,2021-10-25,2105,22.10.–25.10.,AfD,11
BT05211025H,INSA,2021-10-25,2105,22.10.–25.10.,BSW,NA
BT02211026X,Forsa,2021-10-26,2510,19.10.–25.10.,CDUCSU,20
BT02211026X,Forsa,2021-10-26,2510,19.10.–25.10.,SPD,25
BT02211026X,Forsa,2021-10-26,2510,19.10.–25.10.,Gruene,17
BT02211026X,Forsa,2021-10-26,2510,19.10.–25.10.,FDP,16
BT02211026X,Forsa,2021-10-26,2510,19.10.–25.10.,Linke,5
BT02211026X,Forsa,2021-10-26,2510,19.10.–25.10.,AfD,9
BT02211026X,Forsa,2021-10-26,2510,19.10.–25.10.,BSW,NA
BT01211028V,Infratest dimap,2021-10-28,1239,26.10.–27.10.,CDUCSU,22
BT01211028V,Infratest dimap,2021-10-28,1239,26.10.–27.10.,SPD,26
BT01211028V,Infratest dimap,2021-10-28,1239,26.10.–27.10.,Gruene,16
BT01211028V,Infratest dimap,2021-10-28,1239,26.10.–27.10.,FDP,13
BT01211028V,Infratest dimap,2021-10-28,1239,26.10.–27.10.,Linke,4
BT01211028V,Infratest dimap,2021-10-28,1239,26.10.–27.10.,AfD,10
BT01211028V,Infratest dimap,2021-10-28,1239,26.10.–27.10.,BSW,NA
BT06211029P,Forschungsgruppe Wahlen,2021-10-29,1208,26.10.–28.10.,CDUCSU,20
BT06211029P,Forschungsgruppe Wahlen,2021-10-29,1208,26.10.–28.10.,SPD,27
BT06211029P,Forschungsgruppe Wahlen,2021-10-29,1208,26.10.–28.10.,Gruene,16
BT06211029P,Forschungsgruppe Wahlen,2021-10-29,1208,26.10.–28.10.,FDP,14
BT06211029P,Forschungsgruppe Wahlen,2021-10-29,1208,26.10.–28.10.,Linke,5
BT06211029P,Forschungsgruppe Wahlen,2021-10-29,1208,26.10.–28.10.,AfD,11
BT06211029P,Forschungsgruppe Wahlen,2021-10-29,1208,26.10.–28.10.,BSW,NA
BT03211030E,Verian,2021-10-30,1422,19.10.–26.10.,CDUCSU,21
BT03211030E,Verian,2021-10-30,1422,19.10.–26.10.,SPD,25
BT03211030E,Verian,2021-10-30,1422,19.10.–26.10.,Gruene,17
BT03211030E,Verian,2021-10-30,1422,19.10.–26.10.,FDP,14
BT03211030E,Verian,2021-10-30,1422,19.10.–26.10.,Linke,5
BT03211030E,Verian,2021-10-30,1422,19.10.–26.10.,AfD,11
BT03211030E,Verian,2021-10-30,1422,19.10.–26.10.,BSW,NA
BT05211030I,INSA,2021-10-30,1503,25.10.–29.10.,CDUCSU,21
BT05211030I,INSA,2021-10-30,1503,25.10.–29.10.,SPD,27
BT05211030I,INSA,2021-10-30,1503,25.10.–29.10.,Gruene,16
BT05211030I,INSA,2021-10-30,1503,25.10.–29.10.,FDP,13
BT05211030I,INSA,2021-10-30,1503,25.10.–29.10.,Linke,5
BT05211030I,INSA,2021-10-30,1503,25.10.–29.10.,AfD,11
BT05211030I,INSA,2021-10-30,1503,25.10.–29.10.,BSW,NA
BT02211102Y,Forsa,2021-11-02,2501,26.10.–01.11.,CDUCSU,21
BT02211102Y,Forsa,2021-11-02,2501,26.10.–01.11.,SPD,25
BT02211102Y,Forsa,2021-11-02,2501,26.10.–01.11.,Gruene,16
BT02211102Y,Forsa,2021-11-02,2501,26.10.–01.11.,FDP,15
BT02211102Y,Forsa,2021-11-02,2501,26.10.–01.11.,Linke,5
BT02211102Y,Forsa,2021-11-02,2501,26.10.–01.11.,AfD,9
BT02211102Y,Forsa,2021-11-02,2501,26.10.–01.11.,BSW,NA
BT05211102J,INSA,2021-11-02,2140,29.10.–01.11.,CDUCSU,20
BT05211102J,INSA,2021-11-02,2140,29.10.–01.11.,SPD,27
BT05211102J,INSA,2021-11-02,2140,29.10.–01.11.,Gruene,16
BT05211102J,INSA,2021-11-02,2140,29.10.–01.11.,FDP,13.5
BT05211102J,INSA,2021-11-02,2140,29.10.–01.11.,Linke,5
BT05211102J,INSA,2021-11-02,2140,29.10.–01.11.,AfD,11.5
BT05211102J,INSA,2021-11-02,2140,29.10.–01.11.,BSW,NA
BT01211104W,Infratest dimap,2021-11-04,1329,02.11.–03.11.,CDUCSU,21
BT01211104W,Infratest dimap,2021-11-04,1329,02.11.–03.11.,SPD,27
BT01211104W,Infratest dimap,2021-11-04,1329,02.11.–03.11.,Gruene,16
BT01211104W,Infratest dimap,2021-11-04,1329,02.11.–03.11.,FDP,13
BT01211104W,Infratest dimap,2021-11-04,1329,02.11.–03.11.,Linke,5
BT01211104W,Infratest dimap,2021-11-04,1329,02.11.–03.11.,AfD,10
BT01211104W,Infratest dimap,2021-11-04,1329,02.11.–03.11.,BSW,NA
BT04211105W,GMS,2021-11-05,1005,01.11.–04.11.,CDUCSU,21
BT04211105W,GMS,2021-11-05,1005,01.11.–04.11.,SPD,26
BT04211105W,GMS,2021-11-05,1005,01.11.–04.11.,Gruene,16
BT04211105W,GMS,2021-11-05,1005,01.11.–04.11.,FDP,15
BT04211105W,GMS,2021-11-05,1005,01.11.–04.11.,Linke,4
BT04211105W,GMS,2021-11-05,1005,01.11.–04.11.,AfD,10
BT04211105W,GMS,2021-11-05,1005,01.11.–04.11.,BSW,NA
BT03211106F,Verian,2021-11-06,1417,27.10.–02.11.,CDUCSU,22
BT03211106F,Verian,2021-11-06,1417,27.10.–02.11.,SPD,25
BT03211106F,Verian,2021-11-06,1417,27.10.–02.11.,Gruene,16
BT03211106F,Verian,2021-11-06,1417,27.10.–02.11.,FDP,13
BT03211106F,Verian,2021-11-06,1417,27.10.–02.11.,Linke,5
BT03211106F,Verian,2021-11-06,1417,27.10.–02.11.,AfD,10
BT03211106F,Verian,2021-11-06,1417,27.10.–02.11.,BSW,NA
BT05211106K,INSA,2021-11-06,1212,01.11.–05.11.,CDUCSU,21
BT05211106K,INSA,2021-11-06,1212,01.11.–05.11.,SPD,27
BT05211106K,INSA,2021-11-06,1212,01.11.–05.11.,Gruene,15
BT05211106K,INSA,2021-11-06,1212,01.11.–05.11.,FDP,14
BT05211106K,INSA,2021-11-06,1212,01.11.–05.11.,Linke,5
BT05211106K,INSA,2021-11-06,1212,01.11.–05.11.,AfD,11
BT05211106K,INSA,2021-11-06,1212,01.11.–05.11.,BSW,NA
BT05211108M,INSA,2021-11-08,2112,05.11.–08.11.,CDUCSU,20.5
BT05211108M,INSA,2021-11-08,2112,05.11.–08.11.,SPD,26.5
BT05211108M,INSA,2021-11-08,2112,05.11.–08.11.,Gruene,16
BT05211108M,INSA,2021-11-08,2112,05.11.–08.11.,FDP,13.5
BT05211108M,INSA,2021-11-08,2112,05.11.–08.11.,Linke,5.5
BT05211108M,INSA,2021-11-08,2112,05.11.–08.11.,AfD,10.5
BT05211108M,INSA,2021-11-08,2112,05.11.–08.11.,BSW,NA
BT02211109A,Forsa,2021-11-09,2502,02.11.–08.11.,CDUCSU,22
BT02211109A,Forsa,2021-11-09,2502,02.11.–08.11.,SPD,25
BT02211109A,Forsa,2021-11-09,2502,02.11.–08.11.,Gruene,16
BT02211109A,Forsa,2021-11-09,2502,02.11.–08.11.,FDP,14
BT02211109A,Forsa,2021-11-09,2502,02.11.–08.11.,Linke,5
BT02211109A,Forsa,2021-11-09,2502,02.11.–08.11.,AfD,9
BT02211109A,Forsa,2021-11-09,2502,02.11.–08.11.,BSW,NA
BT06211112Q,Forschungsgruppe Wahlen,2021-11-12,1257,09.11.–11.11.,CDUCSU,20
BT06211112Q,Forschungsgruppe Wahlen,2021-11-12,1257,09.11.–11.11.,SPD,28
BT06211112Q,Forschungsgruppe Wahlen,2021-11-12,1257,09.11.–11.11.,Gruene,16
BT06211112Q,Forschungsgruppe Wahlen,2021-11-12,1257,09.11.–11.11.,FDP,13
BT06211112Q,Forschungsgruppe Wahlen,2021-11-12,1257,09.11.–11.11.,Linke,5
BT06211112Q,Forschungsgruppe Wahlen,2021-11-12,1257,09.11.–11.11.,AfD,11
BT06211112Q,Forschungsgruppe Wahlen,2021-11-12,1257,09.11.–11.11.,BSW,NA
BT03211113G,Verian,2021-11-13,1424,03.11.–09.11.,CDUCSU,21
BT03211113G,Verian,2021-11-13,1424,03.11.–09.11.,SPD,25
BT03211113G,Verian,2021-11-13,1424,03.11.–09.11.,Gruene,16
BT03211113G,Verian,2021-11-13,1424,03.11.–09.11.,FDP,14
BT03211113G,Verian,2021-11-13,1424,03.11.–09.11.,Linke,6
BT03211113G,Verian,2021-11-13,1424,03.11.–09.11.,AfD,10
BT03211113G,Verian,2021-11-13,1424,03.11.–09.11.,BSW,NA
BT05211113N,INSA,2021-11-13,1202,08.11.–12.11.,CDUCSU,22
BT05211113N,INSA,2021-11-13,1202,08.11.–12.11.,SPD,26
BT05211113N,INSA,2021-11-13,1202,08.11.–12.11.,Gruene,15
BT05211113N,INSA,2021-11-13,1202,08.11.–12.11.,FDP,13
BT05211113N,INSA,2021-11-13,1202,08.11.–12.11.,Linke,5
BT05211113N,INSA,2021-11-13,1202,08.11.–12.11.,AfD,11
BT05211113N,INSA,2021-11-13,1202,08.11.–12.11.,BSW,NA
BT05211115O,INSA,2021-11-15,2091,12.11.–15.11.,CDUCSU,21
BT05211115O,INSA,2021-11-15,2091,12.11.–15.11.,SPD,27
BT05211115O,INSA,2021-11-15,2091,12.11.–15.11.,Gruene,15
BT05211115O,INSA,2021-11-15,2091,12.11.–15.11.,FDP,13
BT05211115O,INSA,2021-11-15,2091,12.11.–15.11.,Linke,5.5
BT05211115O,INSA,2021-11-15,2091,12.11.–15.11.,AfD,11.5
BT05211115O,INSA,2021-11-15,2091,12.11.–15.11.,BSW,NA
BT02211116B,Forsa,2021-11-16,2510,09.11.–15.11.,CDUCSU,22
BT02211116B,Forsa,2021-11-16,2510,09.11.–15.11.,SPD,24
BT02211116B,Forsa,2021-11-16,2510,09.11.–15.11.,Gruene,17
BT02211116B,Forsa,2021-11-16,2510,09.11.–15.11.,FDP,12
BT02211116B,Forsa,2021-11-16,2510,09.11.–15.11.,Linke,5
BT02211116B,Forsa,2021-11-16,2510,09.11.–15.11.,AfD,10
BT02211116B,Forsa,2021-11-16,2510,09.11.–15.11.,BSW,NA
BT09211118A,Allensbach,2021-11-18,1016,29.10.–11.11.,CDUCSU,23
BT09211118A,Allensbach,2021-11-18,1016,29.10.–11.11.,SPD,27
BT09211118A,Allensbach,2021-11-18,1016,29.10.–11.11.,Gruene,15
BT09211118A,Allensbach,2021-11-18,1016,29.10.–11.11.,FDP,14
BT09211118A,Allensbach,2021-11-18,1016,29.10.–11.11.,Linke,5.5
BT09211118A,Allensbach,2021-11-18,1016,29.10.–11.11.,AfD,9.5
BT09211118A,Allensbach,2021-11-18,1016,29.10.–11.11.,BSW,NA
BT03211120H,Verian,2021-11-20,1433,10.11.–16.11.,CDUCSU,21
BT03211120H,Verian,2021-11-20,1433,10.11.–16.11.,SPD,24
BT03211120H,Verian,2021-11-20,1433,10.11.–16.11.,Gruene,18
BT03211120H,Verian,2021-11-20,1433,10.11.–16.11.,FDP,12
BT03211120H,Verian,2021-11-20,1433,10.11.–16.11.,Linke,6
BT03211120H,Verian,2021-11-20,1433,10.11.–16.11.,AfD,11
BT03211120H,Verian,2021-11-20,1433,10.11.–16.11.,BSW,NA
BT05211120P,INSA,2021-11-20,1501,15.11.–19.11.,CDUCSU,21
BT05211120P,INSA,2021-11-20,1501,15.11.–19.11.,SPD,26
BT05211120P,INSA,2021-11-20,1501,15.11.–19.11.,Gruene,15
BT05211120P,INSA,2021-11-20,1501,15.11.–19.11.,FDP,13
BT05211120P,INSA,2021-11-20,1501,15.11.–19.11.,Linke,5
BT05211120P,INSA,2021-11-20,1501,15.11.–19.11.,AfD,12
BT05211120P,INSA,2021-11-20,1501,15.11.–19.11.,BSW,NA
BT05211122Q,INSA,2021-11-22,2096,19.11.–22.11.,CDUCSU,22
BT05211122Q,INSA,2021-11-22,2096,19.11.–22.11.,SPD,26
BT05211122Q,INSA,2021-11-22,2096,19.11.–22.11.,Gruene,14
BT05211122Q,INSA,2021-11-22,2096,19.11.–22.11.,FDP,14
BT05211122Q,INSA,2021-11-22,2096,19.11.–22.11.,Linke,5.5
BT05211122Q,INSA,2021-11-22,2096,19.11.–22.11.,AfD,11
BT05211122Q,INSA,2021-11-22,2096,19.11.–22.11.,BSW,NA
BT02211123C,Forsa,2021-11-23,2501,16.11.–22.11.,CDUCSU,22
BT02211123C,Forsa,2021-11-23,2501,16.11.–22.11.,SPD,24
BT02211123C,Forsa,2021-11-23,2501,16.11.–22.11.,Gruene,17
BT02211123C,Forsa,2021-11-23,2501,16.11.–22.11.,FDP,12
BT02211123C,Forsa,2021-11-23,2501,16.11.–22.11.,Linke,5
BT02211123C,Forsa,2021-11-23,2501,16.11.–22.11.,AfD,10
BT02211123C,Forsa,2021-11-23,2501,16.11.–22.11.,BSW,NA
BT01211125X,Infratest dimap,2021-11-25,1239,23.11.–24.11.,CDUCSU,21
BT01211125X,Infratest dimap,2021-11-25,1239,23.11.–24.11.,SPD,25
BT01211125X,Infratest dimap,2021-11-25,1239,23.11.–24.11.,Gruene,17
BT01211125X,Infratest dimap,2021-11-25,1239,23.11.–24.11.,FDP,13
BT01211125X,Infratest dimap,2021-11-25,1239,23.11.–24.11.,Linke,5
BT01211125X,Infratest dimap,2021-11-25,1239,23.11.–24.11.,AfD,11
BT01211125X,Infratest dimap,2021-11-25,1239,23.11.–24.11.,BSW,NA
BT06211126R,Forschungsgruppe Wahlen,2021-11-26,1344,23.11.–25.11.,CDUCSU,19
BT06211126R,Forschungsgruppe Wahlen,2021-11-26,1344,23.11.–25.11.,SPD,28
BT06211126R,Forschungsgruppe Wahlen,2021-11-26,1344,23.11.–25.11.,Gruene,17
BT06211126R,Forschungsgruppe Wahlen,2021-11-26,1344,23.11.–25.11.,FDP,13
BT06211126R,Forschungsgruppe Wahlen,2021-11-26,1344,23.11.–25.11.,Linke,5
BT06211126R,Forschungsgruppe Wahlen,2021-11-26,1344,23.11.–25.11.,AfD,11
BT06211126R,Forschungsgruppe Wahlen,2021-11-26,1344,23.11.–25.11.,BSW,NA
BT13211126L,YouGov,2021-11-26,1797,19.11.–23.11.,CDUCSU,23
BT13211126L,YouGov,2021-11-26,1797,19.11.–23.11.,SPD,25
BT13211126L,YouGov,2021-11-26,1797,19.11.–23.11.,Gruene,16
BT13211126L,YouGov,2021-11-26,1797,19.11.–23.11.,FDP,11
BT13211126L,YouGov,2021-11-26,1797,19.11.–23.11.,Linke,6
BT13211126L,YouGov,2021-11-26,1797,19.11.–23.11.,AfD,12
BT13211126L,YouGov,2021-11-26,1797,19.11.–23.11.,BSW,NA
BT03211127I,Verian,2021-11-27,1424,17.11.–23.11.,CDUCSU,22
BT03211127I,Verian,2021-11-27,1424,17.11.–23.11.,SPD,24
BT03211127I,Verian,2021-11-27,1424,17.11.–23.11.,Gruene,18
BT03211127I,Verian,2021-11-27,1424,17.11.–23.11.,FDP,11
BT03211127I,Verian,2021-11-27,1424,17.11.–23.11.,Linke,6
BT03211127I,Verian,2021-11-27,1424,17.11.–23.11.,AfD,11
BT03211127I,Verian,2021-11-27,1424,17.11.–23.11.,BSW,NA
BT05211127R,INSA,2021-11-27,1403,22.11.–26.11.,CDUCSU,21
BT05211127R,INSA,2021-11-27,1403,22.11.–26.11.,SPD,26
BT05211127R,INSA,2021-11-27,1403,22.11.–26.11.,Gruene,15
BT05211127R,INSA,2021-11-27,1403,22.11.–26.11.,FDP,13
BT05211127R,INSA,2021-11-27,1403,22.11.–26.11.,Linke,6
BT05211127R,INSA,2021-11-27,1403,22.11.–26.11.,AfD,12
BT05211127R,INSA,2021-11-27,1403,22.11.–26.11.,BSW,NA
BT05211129S,INSA,2021-11-29,2129,26.11.–29.11.,CDUCSU,21
BT05211129S,INSA,2021-11-29,2129,26.11.–29.11.,SPD,25
BT05211129S,INSA,2021-11-29,2129,26.11.–29.11.,Gruene,16
BT05211129S,INSA,2021-11-29,2129,26.11.–29.11.,FDP,14
BT05211129S,INSA,2021-11-29,2129,26.11.–29.11.,Linke,5.5
BT05211129S,INSA,2021-11-29,2129,26.11.–29.11.,AfD,11
BT05211129S,INSA,2021-11-29,2129,26.11.–29.11.,BSW,NA
BT02211130D,Forsa,2021-11-30,2509,23.11.–29.11.,CDUCSU,22
BT02211130D,Forsa,2021-11-30,2509,23.11.–29.11.,SPD,24
BT02211130D,Forsa,2021-11-30,2509,23.11.–29.11.,Gruene,17
BT02211130D,Forsa,2021-11-30,2509,23.11.–29.11.,FDP,12
BT02211130D,Forsa,2021-11-30,2509,23.11.–29.11.,Linke,5
BT02211130D,Forsa,2021-11-30,2509,23.11.–29.11.,AfD,10
BT02211130D,Forsa,2021-11-30,2509,23.11.–29.11.,BSW,NA
BT01211202Y,Infratest dimap,2021-12-02,1316,29.11.–01.12.,CDUCSU,23
BT01211202Y,Infratest dimap,2021-12-02,1316,29.11.–01.12.,SPD,25
BT01211202Y,Infratest dimap,2021-12-02,1316,29.11.–01.12.,Gruene,17
BT01211202Y,Infratest dimap,2021-12-02,1316,29.11.–01.12.,FDP,12
BT01211202Y,Infratest dimap,2021-12-02,1316,29.11.–01.12.,Linke,5
BT01211202Y,Infratest dimap,2021-12-02,1316,29.11.–01.12.,AfD,11
BT01211202Y,Infratest dimap,2021-12-02,1316,29.11.–01.12.,BSW,NA
BT03211204J,Verian,2021-12-04,1425,24.11.–30.11.,CDUCSU,20
BT03211204J,Verian,2021-12-04,1425,24.11.–30.11.,SPD,27
BT03211204J,Verian,2021-12-04,1425,24.11.–30.11.,Gruene,16
BT03211204J,Verian,2021-12-04,1425,24.11.–30.11.,FDP,12
BT03211204J,Verian,2021-12-04,1425,24.11.–30.11.,Linke,6
BT03211204J,Verian,2021-12-04,1425,24.11.–30.11.,AfD,11
BT03211204J,Verian,2021-12-04,1425,24.11.–30.11.,BSW,NA
BT05211204T,INSA,2021-12-04,1348,29.11.–03.12.,CDUCSU,21
BT05211204T,INSA,2021-12-04,1348,29.11.–03.12.,SPD,26
BT05211204T,INSA,2021-12-04,1348,29.11.–03.12.,Gruene,15
BT05211204T,INSA,2021-12-04,1348,29.11.–03.12.,FDP,13
BT05211204T,INSA,2021-12-04,1348,29.11.–03.12.,Linke,5
BT05211204T,INSA,2021-12-04,1348,29.11.–03.12.,AfD,12
BT05211204T,INSA,2021-12-04,1348,29.11.–03.12.,BSW,NA
BT05211206U,INSA,2021-12-06,2119,03.12.–06.12.,CDUCSU,22
BT05211206U,INSA,2021-12-06,2119,03.12.–06.12.,SPD,26
BT05211206U,INSA,2021-12-06,2119,03.12.–06.12.,Gruene,15
BT05211206U,INSA,2021-12-06,2119,03.12.–06.12.,FDP,13.5
BT05211206U,INSA,2021-12-06,2119,03.12.–06.12.,Linke,5.5
BT05211206U,INSA,2021-12-06,2119,03.12.–06.12.,AfD,11.5
BT05211206U,INSA,2021-12-06,2119,03.12.–06.12.,BSW,NA
BT02211207E,Forsa,2021-12-07,2503,30.11.–06.12.,CDUCSU,22
BT02211207E,Forsa,2021-12-07,2503,30.11.–06.12.,SPD,25
BT02211207E,Forsa,2021-12-07,2503,30.11.–06.12.,Gruene,17
BT02211207E,Forsa,2021-12-07,2503,30.11.–06.12.,FDP,11
BT02211207E,Forsa,2021-12-07,2503,30.11.–06.12.,Linke,5
BT02211207E,Forsa,2021-12-07,2503,30.11.–06.12.,AfD,10
BT02211207E,Forsa,2021-12-07,2503,30.11.–06.12.,BSW,NA
BT01211209A,Infratest dimap,2021-12-09,1266,07.12.–08.12.,CDUCSU,23
BT01211209A,Infratest dimap,2021-12-09,1266,07.12.–08.12.,SPD,26
BT01211209A,Infratest dimap,2021-12-09,1266,07.12.–08.12.,Gruene,16
BT01211209A,Infratest dimap,2021-12-09,1266,07.12.–08.12.,FDP,12
BT01211209A,Infratest dimap,2021-12-09,1266,07.12.–08.12.,Linke,5
BT01211209A,Infratest dimap,2021-12-09,1266,07.12.–08.12.,AfD,11
BT01211209A,Infratest dimap,2021-12-09,1266,07.12.–08.12.,BSW,NA
BT06211210S,Forschungsgruppe Wahlen,2021-12-10,1303,07.12.–09.12.,CDUCSU,21
BT06211210S,Forschungsgruppe Wahlen,2021-12-10,1303,07.12.–09.12.,SPD,28
BT06211210S,Forschungsgruppe Wahlen,2021-12-10,1303,07.12.–09.12.,Gruene,17
BT06211210S,Forschungsgruppe Wahlen,2021-12-10,1303,07.12.–09.12.,FDP,12
BT06211210S,Forschungsgruppe Wahlen,2021-12-10,1303,07.12.–09.12.,Linke,5
BT06211210S,Forschungsgruppe Wahlen,2021-12-10,1303,07.12.–09.12.,AfD,10
BT06211210S,Forschungsgruppe Wahlen,2021-12-10,1303,07.12.–09.12.,BSW,NA
BT03211211K,Verian,2021-12-11,1439,01.12.–07.12.,CDUCSU,21
BT03211211K,Verian,2021-12-11,1439,01.12.–07.12.,SPD,28
BT03211211K,Verian,2021-12-11,1439,01.12.–07.12.,Gruene,15
BT03211211K,Verian,2021-12-11,1439,01.12.–07.12.,FDP,11
BT03211211K,Verian,2021-12-11,1439,01.12.–07.12.,Linke,5
BT03211211K,Verian,2021-12-11,1439,01.12.–07.12.,AfD,11
BT03211211K,Verian,2021-12-11,1439,01.12.–07.12.,BSW,NA
BT05211211V,INSA,2021-12-11,1480,06.12.–10.12.,CDUCSU,22
BT05211211V,INSA,2021-12-11,1480,06.12.–10.12.,SPD,26
BT05211211V,INSA,2021-12-11,1480,06.12.–10.12.,Gruene,15
BT05211211V,INSA,2021-12-11,1480,06.12.–10.12.,FDP,13
BT05211211V,INSA,2021-12-11,1480,06.12.–10.12.,Linke,5
BT05211211V,INSA,2021-12-11,1480,06.12.–10.12.,AfD,11
BT05211211V,INSA,2021-12-11,1480,06.12.–10.12.,BSW,NA
BT05211213W,INSA,2021-12-13,2221,10.12.–13.12.,CDUCSU,22
BT05211213W,INSA,2021-12-13,2221,10.12.–13.12.,SPD,27
BT05211213W,INSA,2021-12-13,2221,10.12.–13.12.,Gruene,14.5
BT05211213W,INSA,2021-12-13,2221,10.12.–13.12.,FDP,13
BT05211213W,INSA,2021-12-13,2221,10.12.–13.12.,Linke,5.5
BT05211213W,INSA,2021-12-13,2221,10.12.–13.12.,AfD,11.5
BT05211213W,INSA,2021-12-13,2221,10.12.–13.12.,BSW,NA
BT02211214F,Forsa,2021-12-14,2509,07.12.–13.12.,CDUCSU,23
BT02211214F,Forsa,2021-12-14,2509,07.12.–13.12.,SPD,26
BT02211214F,Forsa,2021-12-14,2509,07.12.–13.12.,Gruene,15
BT02211214F,Forsa,2021-12-14,2509,07.12.–13.12.,FDP,11
BT02211214F,Forsa,2021-12-14,2509,07.12.–13.12.,Linke,5
BT02211214F,Forsa,2021-12-14,2509,07.12.–13.12.,AfD,10
BT02211214F,Forsa,2021-12-14,2509,07.12.–13.12.,BSW,NA
BT13211217M,YouGov,2021-12-17,1715,10.12.–14.12.,CDUCSU,23
BT13211217M,YouGov,2021-12-17,1715,10.12.–14.12.,SPD,27
BT13211217M,YouGov,2021-12-17,1715,10.12.–14.12.,Gruene,16
BT13211217M,YouGov,2021-12-17,1715,10.12.–14.12.,FDP,10
BT13211217M,YouGov,2021-12-17,1715,10.12.–14.12.,Linke,6
BT13211217M,YouGov,2021-12-17,1715,10.12.–14.12.,AfD,11
BT13211217M,YouGov,2021-12-17,1715,10.12.–14.12.,BSW,NA
BT03211218L,Verian,2021-12-18,1440,08.12.–14.12.,CDUCSU,22
BT03211218L,Verian,2021-12-18,1440,08.12.–14.12.,SPD,27
BT03211218L,Verian,2021-12-18,1440,08.12.–14.12.,Gruene,16
BT03211218L,Verian,2021-12-18,1440,08.12.–14.12.,FDP,11
BT03211218L,Verian,2021-12-18,1440,08.12.–14.12.,Linke,5
BT03211218L,Verian,2021-12-18,1440,08.12.–14.12.,AfD,10
BT03211218L,Verian,2021-12-18,1440,08.12.–14.12.,BSW,NA
BT05211218X,INSA,2021-12-18,1501,13.12.–18.12.,CDUCSU,23
BT05211218X,INSA,2021-12-18,1501,13.12.–18.12.,SPD,27
BT05211218X,INSA,2021-12-18,1501,13.12.–18.12.,Gruene,14
BT05211218X,INSA,2021-12-18,1501,13.12.–18.12.,FDP,12
BT05211218X,INSA,2021-12-18,1501,13.12.–18.12.,Linke,5
BT05211218X,INSA,2021-12-18,1501,13.12.–18.12.,AfD,12
BT05211218X,INSA,2021-12-18,1501,13.12.–18.12.,BSW,NA
BT05211220Y,INSA,2021-12-20,2075,17.12.–20.12.,CDUCSU,21.5
BT05211220Y,INSA,2021-12-20,2075,17.12.–20.12.,SPD,27.5
BT05211220Y,INSA,2021-12-20,2075,17.12.–20.12.,Gruene,14.5
BT05211220Y,INSA,2021-12-20,2075,17.12.–20.12.,FDP,13
BT05211220Y,INSA,2021-12-20,2075,17.12.–20.12.,Linke,5.5
BT05211220Y,INSA,2021-12-20,2075,17.12.–20.12.,AfD,11.5
BT05211220Y,INSA,2021-12-20,2075,17.12.–20.12.,BSW,NA
BT02211221G,Forsa,2021-12-21,2501,14.12.–20.12.,CDUCSU,24
BT02211221G,Forsa,2021-12-21,2501,14.12.–20.12.,SPD,26
BT02211221G,Forsa,2021-12-21,2501,14.12.–20.12.,Gruene,16
BT02211221G,Forsa,2021-12-21,2501,14.12.–20.12.,FDP,10
BT02211221G,Forsa,2021-12-21,2501,14.12.–20.12.,Linke,5
BT02211221G,Forsa,2021-12-21,2501,14.12.–20.12.,AfD,9
BT02211221G,Forsa,2021-12-21,2501,14.12.–20.12.,BSW,NA
BT09211222B,Allensbach,2021-12-22,1069,01.12.–15.12.,CDUCSU,24
BT09211222B,Allensbach,2021-12-22,1069,01.12.–15.12.,SPD,26
BT09211222B,Allensbach,2021-12-22,1069,01.12.–15.12.,Gruene,15
BT09211222B,Allensbach,2021-12-22,1069,01.12.–15.12.,FDP,13
BT09211222B,Allensbach,2021-12-22,1069,01.12.–15.12.,Linke,5
BT09211222B,Allensbach,2021-12-22,1069,01.12.–15.12.,AfD,10.5
BT09211222B,Allensbach,2021-12-22,1069,01.12.–15.12.,BSW,NA
BT05211226A,INSA,2021-12-26,1195,20.12.–23.12.,CDUCSU,23
BT05211226A,INSA,2021-12-26,1195,20.12.–23.12.,SPD,28
BT05211226A,INSA,2021-12-26,1195,20.12.–23.12.,Gruene,15
BT05211226A,INSA,2021-12-26,1195,20.12.–23.12.,FDP,11
BT05211226A,INSA,2021-12-26,1195,20.12.–23.12.,Linke,5
BT05211226A,INSA,2021-12-26,1195,20.12.–23.12.,AfD,11
BT05211226A,INSA,2021-12-26,1195,20.12.–23.12.,BSW,NA
BT03211227M,Verian,2021-12-27,1436,14.12.–16.12.,CDUCSU,22
BT03211227M,Verian,2021-12-27,1436,14.12.–16.12.,SPD,27
BT03211227M,Verian,2021-12-27,1436,14.12.–16.12.,Gruene,16
BT03211227M,Verian,2021-12-27,1436,14.12.–16.12.,FDP,11
BT03211227M,Verian,2021-12-27,1436,14.12.–16.12.,Linke,5
BT03211227M,Verian,2021-12-27,1436,14.12.–16.12.,AfD,11
BT03211227M,Verian,2021-12-27,1436,14.12.–16.12.,BSW,NA
BT05220101B,INSA,2022-01-01,1201,27.12.–30.12.,CDUCSU,24
BT05220101B,INSA,2022-01-01,1201,27.12.–30.12.,SPD,27
BT05220101B,INSA,2022-01-01,1201,27.12.–30.12.,Gruene,16
BT05220101B,INSA,2022-01-01,1201,27.12.–30.12.,FDP,10
BT05220101B,INSA,2022-01-01,1201,27.12.–30.12.,Linke,5
BT05220101B,INSA,2022-01-01,1201,27.12.–30.12.,AfD,11
BT05220101B,INSA,2022-01-01,1201,27.12.–30.12.,BSW,NA
BT05220103C,INSA,2022-01-03,2060,30.12.–03.01.,CDUCSU,23
BT05220103C,INSA,2022-01-03,2060,30.12.–03.01.,SPD,26.5
BT05220103C,INSA,2022-01-03,2060,30.12.–03.01.,Gruene,15.5
BT05220103C,INSA,2022-01-03,2060,30.12.–03.01.,FDP,11
BT05220103C,INSA,2022-01-03,2060,30.12.–03.01.,Linke,6
BT05220103C,INSA,2022-01-03,2060,30.12.–03.01.,AfD,11.5
BT05220103C,INSA,2022-01-03,2060,30.12.–03.01.,BSW,NA
BT04220104X,GMS,2022-01-04,1003,29.12.–03.01.,CDUCSU,24
BT04220104X,GMS,2022-01-04,1003,29.12.–03.01.,SPD,26
BT04220104X,GMS,2022-01-04,1003,29.12.–03.01.,Gruene,16
BT04220104X,GMS,2022-01-04,1003,29.12.–03.01.,FDP,12
BT04220104X,GMS,2022-01-04,1003,29.12.–03.01.,Linke,4
BT04220104X,GMS,2022-01-04,1003,29.12.–03.01.,AfD,11
BT04220104X,GMS,2022-01-04,1003,29.12.–03.01.,BSW,NA
BT01220106B,Infratest dimap,2022-01-06,1325,03.01.–05.01.,CDUCSU,23
BT01220106B,Infratest dimap,2022-01-06,1325,03.01.–05.01.,SPD,26
BT01220106B,Infratest dimap,2022-01-06,1325,03.01.–05.01.,Gruene,16
BT01220106B,Infratest dimap,2022-01-06,1325,03.01.–05.01.,FDP,11
BT01220106B,Infratest dimap,2022-01-06,1325,03.01.–05.01.,Linke,5
BT01220106B,Infratest dimap,2022-01-06,1325,03.01.–05.01.,AfD,11
BT01220106B,Infratest dimap,2022-01-06,1325,03.01.–05.01.,BSW,NA
BT05220108D,INSA,2022-01-08,1504,03.01.–08.01.,CDUCSU,23
BT05220108D,INSA,2022-01-08,1504,03.01.–08.01.,SPD,27
BT05220108D,INSA,2022-01-08,1504,03.01.–08.01.,Gruene,16
BT05220108D,INSA,2022-01-08,1504,03.01.–08.01.,FDP,12
BT05220108D,INSA,2022-01-08,1504,03.01.–08.01.,Linke,5
BT05220108D,INSA,2022-01-08,1504,03.01.–08.01.,AfD,11
BT05220108D,INSA,2022-01-08,1504,03.01.–08.01.,BSW,NA
BT05220110E,INSA,2022-01-10,2107,07.01.–10.01.,CDUCSU,23
BT05220110E,INSA,2022-01-10,2107,07.01.–10.01.,SPD,26.5
BT05220110E,INSA,2022-01-10,2107,07.01.–10.01.,Gruene,15
BT05220110E,INSA,2022-01-10,2107,07.01.–10.01.,FDP,12
BT05220110E,INSA,2022-01-10,2107,07.01.–10.01.,Linke,5
BT05220110E,INSA,2022-01-10,2107,07.01.–10.01.,AfD,12
BT05220110E,INSA,2022-01-10,2107,07.01.–10.01.,BSW,NA
BT02220111H,Forsa,2022-01-11,3003,03.01.–10.01.,CDUCSU,25
BT02220111H,Forsa,2022-01-11,3003,03.01.–10.01.,SPD,25
BT02220111H,Forsa,2022-01-11,3003,03.01.–10.01.,Gruene,17
BT02220111H,Forsa,2022-01-11,3003,03.01.–10.01.,FDP,10
BT02220111H,Forsa,2022-01-11,3003,03.01.–10.01.,Linke,5
BT02220111H,Forsa,2022-01-11,3003,03.01.–10.01.,AfD,9
BT02220111H,Forsa,2022-01-11,3003,03.01.–10.01.,BSW,NA
BT06220114T,Forschungsgruppe Wahlen,2022-01-14,1128,11.01.–13.01.,CDUCSU,22
BT06220114T,Forschungsgruppe Wahlen,2022-01-14,1128,11.01.–13.01.,SPD,27
BT06220114T,Forschungsgruppe Wahlen,2022-01-14,1128,11.01.–13.01.,Gruene,16
BT06220114T,Forschungsgruppe Wahlen,2022-01-14,1128,11.01.–13.01.,FDP,11
BT06220114T,Forschungsgruppe Wahlen,2022-01-14,1128,11.01.–13.01.,Linke,6
BT06220114T,Forschungsgruppe Wahlen,2022-01-14,1128,11.01.–13.01.,AfD,10
BT06220114T,Forschungsgruppe Wahlen,2022-01-14,1128,11.01.–13.01.,BSW,NA
BT03220115N,Verian,2022-01-15,1426,05.01.–11.01.,CDUCSU,23
BT03220115N,Verian,2022-01-15,1426,05.01.–11.01.,SPD,26
BT03220115N,Verian,2022-01-15,1426,05.01.–11.01.,Gruene,17
BT03220115N,Verian,2022-01-15,1426,05.01.–11.01.,FDP,10
BT03220115N,Verian,2022-01-15,1426,05.01.–11.01.,Linke,6
BT03220115N,Verian,2022-01-15,1426,05.01.–11.01.,AfD,10
BT03220115N,Verian,2022-01-15,1426,05.01.–11.01.,BSW,NA
BT05220115F,INSA,2022-01-15,1504,10.01.–14.01.,CDUCSU,23
BT05220115F,INSA,2022-01-15,1504,10.01.–14.01.,SPD,27
BT05220115F,INSA,2022-01-15,1504,10.01.–14.01.,Gruene,16
BT05220115F,INSA,2022-01-15,1504,10.01.–14.01.,FDP,11
BT05220115F,INSA,2022-01-15,1504,10.01.–14.01.,Linke,5
BT05220115F,INSA,2022-01-15,1504,10.01.–14.01.,AfD,12
BT05220115F,INSA,2022-01-15,1504,10.01.–14.01.,BSW,NA
BT05220117G,INSA,2022-01-17,2130,14.01.–17.01.,CDUCSU,22.5
BT05220117G,INSA,2022-01-17,2130,14.01.–17.01.,SPD,26
BT05220117G,INSA,2022-01-17,2130,14.01.–17.01.,Gruene,15.5
BT05220117G,INSA,2022-01-17,2130,14.01.–17.01.,FDP,12
BT05220117G,INSA,2022-01-17,2130,14.01.–17.01.,Linke,6
BT05220117G,INSA,2022-01-17,2130,14.01.–17.01.,AfD,12
BT05220117G,INSA,2022-01-17,2130,14.01.–17.01.,BSW,NA
BT02220118I,Forsa,2022-01-18,2504,11.01.–17.01.,CDUCSU,25
BT02220118I,Forsa,2022-01-18,2504,11.01.–17.01.,SPD,25
BT02220118I,Forsa,2022-01-18,2504,11.01.–17.01.,Gruene,16
BT02220118I,Forsa,2022-01-18,2504,11.01.–17.01.,FDP,10
BT02220118I,Forsa,2022-01-18,2504,11.01.–17.01.,Linke,5
BT02220118I,Forsa,2022-01-18,2504,11.01.–17.01.,AfD,10
BT02220118I,Forsa,2022-01-18,2504,11.01.–17.01.,BSW,NA
BT01220120C,Infratest dimap,2022-01-20,1424,18.01.–19.01.,CDUCSU,24
BT01220120C,Infratest dimap,2022-01-20,1424,18.01.–19.01.,SPD,25
BT01220120C,Infratest dimap,2022-01-20,1424,18.01.–19.01.,Gruene,16
BT01220120C,Infratest dimap,2022-01-20,1424,18.01.–19.01.,FDP,10
BT01220120C,Infratest dimap,2022-01-20,1424,18.01.–19.01.,Linke,5
BT01220120C,Infratest dimap,2022-01-20,1424,18.01.–19.01.,AfD,12
BT01220120C,Infratest dimap,2022-01-20,1424,18.01.–19.01.,BSW,NA
BT03220122O,Verian,2022-01-22,1441,12.01.–18.01.,CDUCSU,22
BT03220122O,Verian,2022-01-22,1441,12.01.–18.01.,SPD,26
BT03220122O,Verian,2022-01-22,1441,12.01.–18.01.,Gruene,17
BT03220122O,Verian,2022-01-22,1441,12.01.–18.01.,FDP,9
BT03220122O,Verian,2022-01-22,1441,12.01.–18.01.,Linke,6
BT03220122O,Verian,2022-01-22,1441,12.01.–18.01.,AfD,12
BT03220122O,Verian,2022-01-22,1441,12.01.–18.01.,BSW,NA
BT05220122H,INSA,2022-01-22,1204,17.01.–21.01.,CDUCSU,23
BT05220122H,INSA,2022-01-22,1204,17.01.–21.01.,SPD,26
BT05220122H,INSA,2022-01-22,1204,17.01.–21.01.,Gruene,16
BT05220122H,INSA,2022-01-22,1204,17.01.–21.01.,FDP,12
BT05220122H,INSA,2022-01-22,1204,17.01.–21.01.,Linke,6
BT05220122H,INSA,2022-01-22,1204,17.01.–21.01.,AfD,12
BT05220122H,INSA,2022-01-22,1204,17.01.–21.01.,BSW,NA
BT05220124I,INSA,2022-01-24,2146,21.01.–24.01.,CDUCSU,24
BT05220124I,INSA,2022-01-24,2146,21.01.–24.01.,SPD,26
BT05220124I,INSA,2022-01-24,2146,21.01.–24.01.,Gruene,15
BT05220124I,INSA,2022-01-24,2146,21.01.–24.01.,FDP,11.5
BT05220124I,INSA,2022-01-24,2146,21.01.–24.01.,Linke,6
BT05220124I,INSA,2022-01-24,2146,21.01.–24.01.,AfD,11
BT05220124I,INSA,2022-01-24,2146,21.01.–24.01.,BSW,NA
BT02220125J,Forsa,2022-01-25,2502,18.01.–24.01.,CDUCSU,24
BT02220125J,Forsa,2022-01-25,2502,18.01.–24.01.,SPD,25
BT02220125J,Forsa,2022-01-25,2502,18.01.–24.01.,Gruene,16
BT02220125J,Forsa,2022-01-25,2502,18.01.–24.01.,FDP,10
BT02220125J,Forsa,2022-01-25,2502,18.01.–24.01.,Linke,6
BT02220125J,Forsa,2022-01-25,2502,18.01.–24.01.,AfD,10
BT02220125J,Forsa,2022-01-25,2502,18.01.–24.01.,BSW,NA
BT09220126C,Allensbach,2022-01-26,1090,06.01.–20.01.,CDUCSU,23
BT09220126C,Allensbach,2022-01-26,1090,06.01.–20.01.,SPD,27.5
BT09220126C,Allensbach,2022-01-26,1090,06.01.–20.01.,Gruene,14.5
BT09220126C,Allensbach,2022-01-26,1090,06.01.–20.01.,FDP,12.5
BT09220126C,Allensbach,2022-01-26,1090,06.01.–20.01.,Linke,5.5
BT09220126C,Allensbach,2022-01-26,1090,06.01.–20.01.,AfD,10
BT09220126C,Allensbach,2022-01-26,1090,06.01.–20.01.,BSW,NA
BT06220128U,Forschungsgruppe Wahlen,2022-01-28,1249,25.01.–27.01.,CDUCSU,23
BT06220128U,Forschungsgruppe Wahlen,2022-01-28,1249,25.01.–27.01.,SPD,24
BT06220128U,Forschungsgruppe Wahlen,2022-01-28,1249,25.01.–27.01.,Gruene,18
BT06220128U,Forschungsgruppe Wahlen,2022-01-28,1249,25.01.–27.01.,FDP,10
BT06220128U,Forschungsgruppe Wahlen,2022-01-28,1249,25.01.–27.01.,Linke,7
BT06220128U,Forschungsgruppe Wahlen,2022-01-28,1249,25.01.–27.01.,AfD,10
BT06220128U,Forschungsgruppe Wahlen,2022-01-28,1249,25.01.–27.01.,BSW,NA
BT13220128N,YouGov,2022-01-28,1602,21.01.–25.01.,CDUCSU,26
BT13220128N,YouGov,2022-01-28,1602,21.01.–25.01.,SPD,23
BT13220128N,YouGov,2022-01-28,1602,21.01.–25.01.,Gruene,15
BT13220128N,YouGov,2022-01-28,1602,21.01.–25.01.,FDP,8
BT13220128N,YouGov,2022-01-28,1602,21.01.–25.01.,Linke,8
BT13220128N,YouGov,2022-01-28,1602,21.01.–25.01.,AfD,12
BT13220128N,YouGov,2022-01-28,1602,21.01.–25.01.,BSW,NA
BT03220129P,Verian,2022-01-29,1415,19.01.–25.01.,CDUCSU,24
BT03220129P,Verian,2022-01-29,1415,19.01.–25.01.,SPD,24
BT03220129P,Verian,2022-01-29,1415,19.01.–25.01.,Gruene,18
BT03220129P,Verian,2022-01-29,1415,19.01.–25.01.,FDP,10
BT03220129P,Verian,2022-01-29,1415,19.01.–25.01.,Linke,6
BT03220129P,Verian,2022-01-29,1415,19.01.–25.01.,AfD,10
BT03220129P,Verian,2022-01-29,1415,19.01.–25.01.,BSW,NA
BT05220129J,INSA,2022-01-29,1383,24.01.–28.01.,CDUCSU,24
BT05220129J,INSA,2022-01-29,1383,24.01.–28.01.,SPD,26
BT05220129J,INSA,2022-01-29,1383,24.01.–28.01.,Gruene,16
BT05220129J,INSA,2022-01-29,1383,24.01.–28.01.,FDP,11
BT05220129J,INSA,2022-01-29,1383,24.01.–28.01.,Linke,6
BT05220129J,INSA,2022-01-29,1383,24.01.–28.01.,AfD,11
BT05220129J,INSA,2022-01-29,1383,24.01.–28.01.,BSW,NA
BT05220131K,INSA,2022-01-31,2147,28.01.–31.01.,CDUCSU,25
BT05220131K,INSA,2022-01-31,2147,28.01.–31.01.,SPD,24
BT05220131K,INSA,2022-01-31,2147,28.01.–31.01.,Gruene,15
BT05220131K,INSA,2022-01-31,2147,28.01.–31.01.,FDP,12.5
BT05220131K,INSA,2022-01-31,2147,28.01.–31.01.,Linke,6.5
BT05220131K,INSA,2022-01-31,2147,28.01.–31.01.,AfD,10
BT05220131K,INSA,2022-01-31,2147,28.01.–31.01.,BSW,NA
BT02220201K,Forsa,2022-02-01,2501,25.01.–31.01.,CDUCSU,27
BT02220201K,Forsa,2022-02-01,2501,25.01.–31.01.,SPD,23
BT02220201K,Forsa,2022-02-01,2501,25.01.–31.01.,Gruene,16
BT02220201K,Forsa,2022-02-01,2501,25.01.–31.01.,FDP,9
BT02220201K,Forsa,2022-02-01,2501,25.01.–31.01.,Linke,6
BT02220201K,Forsa,2022-02-01,2501,25.01.–31.01.,AfD,10
BT02220201K,Forsa,2022-02-01,2501,25.01.–31.01.,BSW,NA
BT01220203D,Infratest dimap,2022-02-03,1339,31.01.–02.02.,CDUCSU,27
BT01220203D,Infratest dimap,2022-02-03,1339,31.01.–02.02.,SPD,22
BT01220203D,Infratest dimap,2022-02-03,1339,31.01.–02.02.,Gruene,16
BT01220203D,Infratest dimap,2022-02-03,1339,31.01.–02.02.,FDP,10
BT01220203D,Infratest dimap,2022-02-03,1339,31.01.–02.02.,Linke,5
BT01220203D,Infratest dimap,2022-02-03,1339,31.01.–02.02.,AfD,12
BT01220203D,Infratest dimap,2022-02-03,1339,31.01.–02.02.,BSW,NA
BT03220205Q,Verian,2022-02-05,1410,26.01.–01.02.,CDUCSU,24
BT03220205Q,Verian,2022-02-05,1410,26.01.–01.02.,SPD,24
BT03220205Q,Verian,2022-02-05,1410,26.01.–01.02.,Gruene,17
BT03220205Q,Verian,2022-02-05,1410,26.01.–01.02.,FDP,9
BT03220205Q,Verian,2022-02-05,1410,26.01.–01.02.,Linke,6
BT03220205Q,Verian,2022-02-05,1410,26.01.–01.02.,AfD,11
BT03220205Q,Verian,2022-02-05,1410,26.01.–01.02.,BSW,NA
BT05220205L,INSA,2022-02-05,1202,01.02.–04.02.,CDUCSU,27
BT05220205L,INSA,2022-02-05,1202,01.02.–04.02.,SPD,22
BT05220205L,INSA,2022-02-05,1202,01.02.–04.02.,Gruene,16
BT05220205L,INSA,2022-02-05,1202,01.02.–04.02.,FDP,11
BT05220205L,INSA,2022-02-05,1202,01.02.–04.02.,Linke,6
BT05220205L,INSA,2022-02-05,1202,01.02.–04.02.,AfD,11
BT05220205L,INSA,2022-02-05,1202,01.02.–04.02.,BSW,NA
BT05220207M,INSA,2022-02-07,2067,04.02.–07.02.,CDUCSU,26
BT05220207M,INSA,2022-02-07,2067,04.02.–07.02.,SPD,23
BT05220207M,INSA,2022-02-07,2067,04.02.–07.02.,Gruene,15
BT05220207M,INSA,2022-02-07,2067,04.02.–07.02.,FDP,12
BT05220207M,INSA,2022-02-07,2067,04.02.–07.02.,Linke,7
BT05220207M,INSA,2022-02-07,2067,04.02.–07.02.,AfD,11
BT05220207M,INSA,2022-02-07,2067,04.02.–07.02.,BSW,NA
BT02220208L,Forsa,2022-02-08,2502,01.02.–07.02.,CDUCSU,27
BT02220208L,Forsa,2022-02-08,2502,01.02.–07.02.,SPD,22
BT02220208L,Forsa,2022-02-08,2502,01.02.–07.02.,Gruene,16
BT02220208L,Forsa,2022-02-08,2502,01.02.–07.02.,FDP,9
BT02220208L,Forsa,2022-02-08,2502,01.02.–07.02.,Linke,6
BT02220208L,Forsa,2022-02-08,2502,01.02.–07.02.,AfD,10
BT02220208L,Forsa,2022-02-08,2502,01.02.–07.02.,BSW,NA
BT06220211V,Forschungsgruppe Wahlen,2022-02-11,1224,08.02.–10.02.,CDUCSU,25
BT06220211V,Forschungsgruppe Wahlen,2022-02-11,1224,08.02.–10.02.,SPD,25
BT06220211V,Forschungsgruppe Wahlen,2022-02-11,1224,08.02.–10.02.,Gruene,16
BT06220211V,Forschungsgruppe Wahlen,2022-02-11,1224,08.02.–10.02.,FDP,9
BT06220211V,Forschungsgruppe Wahlen,2022-02-11,1224,08.02.–10.02.,Linke,6
BT06220211V,Forschungsgruppe Wahlen,2022-02-11,1224,08.02.–10.02.,AfD,11
BT06220211V,Forschungsgruppe Wahlen,2022-02-11,1224,08.02.–10.02.,BSW,NA
BT03220212R,Verian,2022-02-12,1287,01.02.–08.02.,CDUCSU,26
BT03220212R,Verian,2022-02-12,1287,01.02.–08.02.,SPD,22
BT03220212R,Verian,2022-02-12,1287,01.02.–08.02.,Gruene,16
BT03220212R,Verian,2022-02-12,1287,01.02.–08.02.,FDP,10
BT03220212R,Verian,2022-02-12,1287,01.02.–08.02.,Linke,6
BT03220212R,Verian,2022-02-12,1287,01.02.–08.02.,AfD,12
BT03220212R,Verian,2022-02-12,1287,01.02.–08.02.,BSW,NA
BT05220212N,INSA,2022-02-12,1504,07.02.–11.02.,CDUCSU,26
BT05220212N,INSA,2022-02-12,1504,07.02.–11.02.,SPD,22
BT05220212N,INSA,2022-02-12,1504,07.02.–11.02.,Gruene,16
BT05220212N,INSA,2022-02-12,1504,07.02.–11.02.,FDP,11
BT05220212N,INSA,2022-02-12,1504,07.02.–11.02.,Linke,6
BT05220212N,INSA,2022-02-12,1504,07.02.–11.02.,AfD,12
BT05220212N,INSA,2022-02-12,1504,07.02.–11.02.,BSW,NA
BT05220214O,INSA,2022-02-14,2141,11.02.–14.02.,CDUCSU,26
BT05220214O,INSA,2022-02-14,2141,11.02.–14.02.,SPD,22.5
BT05220214O,INSA,2022-02-14,2141,11.02.–14.02.,Gruene,15
BT05220214O,INSA,2022-02-14,2141,11.02.–14.02.,FDP,12
BT05220214O,INSA,2022-02-14,2141,11.02.–14.02.,Linke,6
BT05220214O,INSA,2022-02-14,2141,11.02.–14.02.,AfD,12
BT05220214O,INSA,2022-02-14,2141,11.02.–14.02.,BSW,NA
BT02220215M,Forsa,2022-02-15,2504,08.02.–14.02.,CDUCSU,27
BT02220215M,Forsa,2022-02-15,2504,08.02.–14.02.,SPD,23
BT02220215M,Forsa,2022-02-15,2504,08.02.–14.02.,Gruene,16
BT02220215M,Forsa,2022-02-15,2504,08.02.–14.02.,FDP,9
BT02220215M,Forsa,2022-02-15,2504,08.02.–14.02.,Linke,6
BT02220215M,Forsa,2022-02-15,2504,08.02.–14.02.,AfD,9
BT02220215M,Forsa,2022-02-15,2504,08.02.–14.02.,BSW,NA
BT01220217E,Infratest dimap,2022-02-17,1202,15.02.–16.02.,CDUCSU,26
BT01220217E,Infratest dimap,2022-02-17,1202,15.02.–16.02.,SPD,24
BT01220217E,Infratest dimap,2022-02-17,1202,15.02.–16.02.,Gruene,15
BT01220217E,Infratest dimap,2022-02-17,1202,15.02.–16.02.,FDP,9
BT01220217E,Infratest dimap,2022-02-17,1202,15.02.–16.02.,Linke,5
BT01220217E,Infratest dimap,2022-02-17,1202,15.02.–16.02.,AfD,12
BT01220217E,Infratest dimap,2022-02-17,1202,15.02.–16.02.,BSW,NA
BT03220219S,Verian,2022-02-19,1434,08.02.–15.02.,CDUCSU,24
BT03220219S,Verian,2022-02-19,1434,08.02.–15.02.,SPD,24
BT03220219S,Verian,2022-02-19,1434,08.02.–15.02.,Gruene,16
BT03220219S,Verian,2022-02-19,1434,08.02.–15.02.,FDP,10
BT03220219S,Verian,2022-02-19,1434,08.02.–15.02.,Linke,6
BT03220219S,Verian,2022-02-19,1434,08.02.–15.02.,AfD,12
BT03220219S,Verian,2022-02-19,1434,08.02.–15.02.,BSW,NA
BT05220219P,INSA,2022-02-19,1303,14.02.–18.02.,CDUCSU,27
BT05220219P,INSA,2022-02-19,1303,14.02.–18.02.,SPD,22
BT05220219P,INSA,2022-02-19,1303,14.02.–18.02.,Gruene,15
BT05220219P,INSA,2022-02-19,1303,14.02.–18.02.,FDP,11
BT05220219P,INSA,2022-02-19,1303,14.02.–18.02.,Linke,7
BT05220219P,INSA,2022-02-19,1303,14.02.–18.02.,AfD,12
BT05220219P,INSA,2022-02-19,1303,14.02.–18.02.,BSW,NA
BT05220221Q,INSA,2022-02-21,1539,18.02.–21.02.,CDUCSU,27
BT05220221Q,INSA,2022-02-21,1539,18.02.–21.02.,SPD,23
BT05220221Q,INSA,2022-02-21,1539,18.02.–21.02.,Gruene,14.5
BT05220221Q,INSA,2022-02-21,1539,18.02.–21.02.,FDP,12.5
BT05220221Q,INSA,2022-02-21,1539,18.02.–21.02.,Linke,6
BT05220221Q,INSA,2022-02-21,1539,18.02.–21.02.,AfD,11
BT05220221Q,INSA,2022-02-21,1539,18.02.–21.02.,BSW,NA
BT13220221O,YouGov,2022-02-21,1659,10.02.–15.02.,CDUCSU,27
BT13220221O,YouGov,2022-02-21,1659,10.02.–15.02.,SPD,21
BT13220221O,YouGov,2022-02-21,1659,10.02.–15.02.,Gruene,17
BT13220221O,YouGov,2022-02-21,1659,10.02.–15.02.,FDP,9
BT13220221O,YouGov,2022-02-21,1659,10.02.–15.02.,Linke,7
BT13220221O,YouGov,2022-02-21,1659,10.02.–15.02.,AfD,11
BT13220221O,YouGov,2022-02-21,1659,10.02.–15.02.,BSW,NA
BT02220222N,Forsa,2022-02-22,2500,15.02.–21.02.,CDUCSU,27
BT02220222N,Forsa,2022-02-22,2500,15.02.–21.02.,SPD,23
BT02220222N,Forsa,2022-02-22,2500,15.02.–21.02.,Gruene,17
BT02220222N,Forsa,2022-02-22,2500,15.02.–21.02.,FDP,9
BT02220222N,Forsa,2022-02-22,2500,15.02.–21.02.,Linke,6
BT02220222N,Forsa,2022-02-22,2500,15.02.–21.02.,AfD,9
BT02220222N,Forsa,2022-02-22,2500,15.02.–21.02.,BSW,NA
BT09220224D,Allensbach,2022-02-24,1033,03.02.–16.02.,CDUCSU,27
BT09220224D,Allensbach,2022-02-24,1033,03.02.–16.02.,SPD,25
BT09220224D,Allensbach,2022-02-24,1033,03.02.–16.02.,Gruene,15
BT09220224D,Allensbach,2022-02-24,1033,03.02.–16.02.,FDP,10.5
BT09220224D,Allensbach,2022-02-24,1033,03.02.–16.02.,Linke,6
BT09220224D,Allensbach,2022-02-24,1033,03.02.–16.02.,AfD,10
BT09220224D,Allensbach,2022-02-24,1033,03.02.–16.02.,BSW,NA
BT03220226T,Verian,2022-02-26,1432,16.02.–22.02.,CDUCSU,25
BT03220226T,Verian,2022-02-26,1432,16.02.–22.02.,SPD,26
BT03220226T,Verian,2022-02-26,1432,16.02.–22.02.,Gruene,17
BT03220226T,Verian,2022-02-26,1432,16.02.–22.02.,FDP,9
BT03220226T,Verian,2022-02-26,1432,16.02.–22.02.,Linke,7
BT03220226T,Verian,2022-02-26,1432,16.02.–22.02.,AfD,10
BT03220226T,Verian,2022-02-26,1432,16.02.–22.02.,BSW,NA
BT05220227R,INSA,2022-02-27,1405,21.02.–25.02.,CDUCSU,26
BT05220227R,INSA,2022-02-27,1405,21.02.–25.02.,SPD,23
BT05220227R,INSA,2022-02-27,1405,21.02.–25.02.,Gruene,15
BT05220227R,INSA,2022-02-27,1405,21.02.–25.02.,FDP,11
BT05220227R,INSA,2022-02-27,1405,21.02.–25.02.,Linke,7
BT05220227R,INSA,2022-02-27,1405,21.02.–25.02.,AfD,12
BT05220227R,INSA,2022-02-27,1405,21.02.–25.02.,BSW,NA
BT02220301O,Forsa,2022-03-01,1500,24.02.–28.02.,CDUCSU,26
BT02220301O,Forsa,2022-03-01,1500,24.02.–28.02.,SPD,25
BT02220301O,Forsa,2022-03-01,1500,24.02.–28.02.,Gruene,18
BT02220301O,Forsa,2022-03-01,1500,24.02.–28.02.,FDP,9
BT02220301O,Forsa,2022-03-01,1500,24.02.–28.02.,Linke,6
BT02220301O,Forsa,2022-03-01,1500,24.02.–28.02.,AfD,7
BT02220301O,Forsa,2022-03-01,1500,24.02.–28.02.,BSW,NA
BT04220301Y,GMS,2022-03-01,1005,23.02.–26.02.,CDUCSU,27
BT04220301Y,GMS,2022-03-01,1005,23.02.–26.02.,SPD,24
BT04220301Y,GMS,2022-03-01,1005,23.02.–26.02.,Gruene,15
BT04220301Y,GMS,2022-03-01,1005,23.02.–26.02.,FDP,10
BT04220301Y,GMS,2022-03-01,1005,23.02.–26.02.,Linke,6
BT04220301Y,GMS,2022-03-01,1005,23.02.–26.02.,AfD,9
BT04220301Y,GMS,2022-03-01,1005,23.02.–26.02.,BSW,NA
BT05220301S,INSA,2022-03-01,2067,25.02.–28.02.,CDUCSU,27
BT05220301S,INSA,2022-03-01,2067,25.02.–28.02.,SPD,23
BT05220301S,INSA,2022-03-01,2067,25.02.–28.02.,Gruene,15.5
BT05220301S,INSA,2022-03-01,2067,25.02.–28.02.,FDP,11
BT05220301S,INSA,2022-03-01,2067,25.02.–28.02.,Linke,6.5
BT05220301S,INSA,2022-03-01,2067,25.02.–28.02.,AfD,10.5
BT05220301S,INSA,2022-03-01,2067,25.02.–28.02.,BSW,NA
BT06220302W,Forschungsgruppe Wahlen,2022-03-02,1103,21.02.–23.02.,CDUCSU,24
BT06220302W,Forschungsgruppe Wahlen,2022-03-02,1103,21.02.–23.02.,SPD,26
BT06220302W,Forschungsgruppe Wahlen,2022-03-02,1103,21.02.–23.02.,Gruene,17
BT06220302W,Forschungsgruppe Wahlen,2022-03-02,1103,21.02.–23.02.,FDP,9
BT06220302W,Forschungsgruppe Wahlen,2022-03-02,1103,21.02.–23.02.,Linke,6
BT06220302W,Forschungsgruppe Wahlen,2022-03-02,1103,21.02.–23.02.,AfD,11
BT06220302W,Forschungsgruppe Wahlen,2022-03-02,1103,21.02.–23.02.,BSW,NA
BT01220303F,Infratest dimap,2022-03-03,1320,28.02.–02.03.,CDUCSU,26
BT01220303F,Infratest dimap,2022-03-03,1320,28.02.–02.03.,SPD,25
BT01220303F,Infratest dimap,2022-03-03,1320,28.02.–02.03.,Gruene,16
BT01220303F,Infratest dimap,2022-03-03,1320,28.02.–02.03.,FDP,9
BT01220303F,Infratest dimap,2022-03-03,1320,28.02.–02.03.,Linke,5
BT01220303F,Infratest dimap,2022-03-03,1320,28.02.–02.03.,AfD,11
BT01220303F,Infratest dimap,2022-03-03,1320,28.02.–02.03.,BSW,NA
BT03220305U,Verian,2022-03-05,1405,23.02.–01.03.,CDUCSU,26
BT03220305U,Verian,2022-03-05,1405,23.02.–01.03.,SPD,26
BT03220305U,Verian,2022-03-05,1405,23.02.–01.03.,Gruene,17
BT03220305U,Verian,2022-03-05,1405,23.02.–01.03.,FDP,8
BT03220305U,Verian,2022-03-05,1405,23.02.–01.03.,Linke,6
BT03220305U,Verian,2022-03-05,1405,23.02.–01.03.,AfD,10
BT03220305U,Verian,2022-03-05,1405,23.02.–01.03.,BSW,NA
BT05220305T,INSA,2022-03-05,1185,28.02.–04.03.,CDUCSU,25
BT05220305T,INSA,2022-03-05,1185,28.02.–04.03.,SPD,25
BT05220305T,INSA,2022-03-05,1185,28.02.–04.03.,Gruene,15
BT05220305T,INSA,2022-03-05,1185,28.02.–04.03.,FDP,11
BT05220305T,INSA,2022-03-05,1185,28.02.–04.03.,Linke,6
BT05220305T,INSA,2022-03-05,1185,28.02.–04.03.,AfD,11
BT05220305T,INSA,2022-03-05,1185,28.02.–04.03.,BSW,NA
BT05220307V,INSA,2022-03-07,2103,04.03.–07.03.,CDUCSU,24.5
BT05220307V,INSA,2022-03-07,2103,04.03.–07.03.,SPD,25
BT05220307V,INSA,2022-03-07,2103,04.03.–07.03.,Gruene,15.5
BT05220307V,INSA,2022-03-07,2103,04.03.–07.03.,FDP,11
BT05220307V,INSA,2022-03-07,2103,04.03.–07.03.,Linke,6
BT05220307V,INSA,2022-03-07,2103,04.03.–07.03.,AfD,10.5
BT05220307V,INSA,2022-03-07,2103,04.03.–07.03.,BSW,NA
BT02220308P,Forsa,2022-03-08,2501,01.03.–07.03.,CDUCSU,25
BT02220308P,Forsa,2022-03-08,2501,01.03.–07.03.,SPD,26
BT02220308P,Forsa,2022-03-08,2501,01.03.–07.03.,Gruene,18
BT02220308P,Forsa,2022-03-08,2501,01.03.–07.03.,FDP,9
BT02220308P,Forsa,2022-03-08,2501,01.03.–07.03.,Linke,6
BT02220308P,Forsa,2022-03-08,2501,01.03.–07.03.,AfD,7
BT02220308P,Forsa,2022-03-08,2501,01.03.–07.03.,BSW,NA
BT06220311X,Forschungsgruppe Wahlen,2022-03-11,1345,08.03.–10.03.,CDUCSU,24
BT06220311X,Forschungsgruppe Wahlen,2022-03-11,1345,08.03.–10.03.,SPD,27
BT06220311X,Forschungsgruppe Wahlen,2022-03-11,1345,08.03.–10.03.,Gruene,18
BT06220311X,Forschungsgruppe Wahlen,2022-03-11,1345,08.03.–10.03.,FDP,9
BT06220311X,Forschungsgruppe Wahlen,2022-03-11,1345,08.03.–10.03.,Linke,5
BT06220311X,Forschungsgruppe Wahlen,2022-03-11,1345,08.03.–10.03.,AfD,10
BT06220311X,Forschungsgruppe Wahlen,2022-03-11,1345,08.03.–10.03.,BSW,NA
BT13220311P,YouGov,2022-03-11,1629,04.03.–08.03.,CDUCSU,26
BT13220311P,YouGov,2022-03-11,1629,04.03.–08.03.,SPD,23
BT13220311P,YouGov,2022-03-11,1629,04.03.–08.03.,Gruene,16
BT13220311P,YouGov,2022-03-11,1629,04.03.–08.03.,FDP,9
BT13220311P,YouGov,2022-03-11,1629,04.03.–08.03.,Linke,6
BT13220311P,YouGov,2022-03-11,1629,04.03.–08.03.,AfD,11
BT13220311P,YouGov,2022-03-11,1629,04.03.–08.03.,BSW,NA
BT03220312V,Verian,2022-03-12,1426,02.03.–08.03.,CDUCSU,26
BT03220312V,Verian,2022-03-12,1426,02.03.–08.03.,SPD,25
BT03220312V,Verian,2022-03-12,1426,02.03.–08.03.,Gruene,19
BT03220312V,Verian,2022-03-12,1426,02.03.–08.03.,FDP,8
BT03220312V,Verian,2022-03-12,1426,02.03.–08.03.,Linke,5
BT03220312V,Verian,2022-03-12,1426,02.03.–08.03.,AfD,10
BT03220312V,Verian,2022-03-12,1426,02.03.–08.03.,BSW,NA
BT05220312B,INSA,2022-03-12,1201,07.03.–11.03.,CDUCSU,24
BT05220312B,INSA,2022-03-12,1201,07.03.–11.03.,SPD,26
BT05220312B,INSA,2022-03-12,1201,07.03.–11.03.,Gruene,16
BT05220312B,INSA,2022-03-12,1201,07.03.–11.03.,FDP,10
BT05220312B,INSA,2022-03-12,1201,07.03.–11.03.,Linke,6
BT05220312B,INSA,2022-03-12,1201,07.03.–11.03.,AfD,10
BT05220312B,INSA,2022-03-12,1201,07.03.–11.03.,BSW,NA
BT05220314C,INSA,2022-03-14,2073,11.03.–14.03.,CDUCSU,25.5
BT05220314C,INSA,2022-03-14,2073,11.03.–14.03.,SPD,25
BT05220314C,INSA,2022-03-14,2073,11.03.–14.03.,Gruene,15.5
BT05220314C,INSA,2022-03-14,2073,11.03.–14.03.,FDP,10.5
BT05220314C,INSA,2022-03-14,2073,11.03.–14.03.,Linke,5
BT05220314C,INSA,2022-03-14,2073,11.03.–14.03.,AfD,10.5
BT05220314C,INSA,2022-03-14,2073,11.03.–14.03.,BSW,NA
BT02220315Q,Forsa,2022-03-15,2502,08.03.–14.03.,CDUCSU,26
BT02220315Q,Forsa,2022-03-15,2502,08.03.–14.03.,SPD,25
BT02220315Q,Forsa,2022-03-15,2502,08.03.–14.03.,Gruene,18
BT02220315Q,Forsa,2022-03-15,2502,08.03.–14.03.,FDP,9
BT02220315Q,Forsa,2022-03-15,2502,08.03.–14.03.,Linke,5
BT02220315Q,Forsa,2022-03-15,2502,08.03.–14.03.,AfD,9
BT02220315Q,Forsa,2022-03-15,2502,08.03.–14.03.,BSW,NA
BT01220317G,Infratest dimap,2022-03-17,1254,15.03.–16.03.,CDUCSU,26
BT01220317G,Infratest dimap,2022-03-17,1254,15.03.–16.03.,SPD,25
BT01220317G,Infratest dimap,2022-03-17,1254,15.03.–16.03.,Gruene,17
BT01220317G,Infratest dimap,2022-03-17,1254,15.03.–16.03.,FDP,9
BT01220317G,Infratest dimap,2022-03-17,1254,15.03.–16.03.,Linke,4
BT01220317G,Infratest dimap,2022-03-17,1254,15.03.–16.03.,AfD,11
BT01220317G,Infratest dimap,2022-03-17,1254,15.03.–16.03.,BSW,NA
BT03220319W,Verian,2022-03-19,1416,09.03.–15.03.,CDUCSU,26
BT03220319W,Verian,2022-03-19,1416,09.03.–15.03.,SPD,26
BT03220319W,Verian,2022-03-19,1416,09.03.–15.03.,Gruene,19
BT03220319W,Verian,2022-03-19,1416,09.03.–15.03.,FDP,8
BT03220319W,Verian,2022-03-19,1416,09.03.–15.03.,Linke,5
BT03220319W,Verian,2022-03-19,1416,09.03.–15.03.,AfD,9
BT03220319W,Verian,2022-03-19,1416,09.03.–15.03.,BSW,NA
BT05220319D,INSA,2022-03-19,1198,14.03.–18.03.,CDUCSU,26
BT05220319D,INSA,2022-03-19,1198,14.03.–18.03.,SPD,26
BT05220319D,INSA,2022-03-19,1198,14.03.–18.03.,Gruene,16
BT05220319D,INSA,2022-03-19,1198,14.03.–18.03.,FDP,10
BT05220319D,INSA,2022-03-19,1198,14.03.–18.03.,Linke,5
BT05220319D,INSA,2022-03-19,1198,14.03.–18.03.,AfD,10
BT05220319D,INSA,2022-03-19,1198,14.03.–18.03.,BSW,NA
BT05220321E,INSA,2022-03-21,2122,18.03.–21.03.,CDUCSU,26.5
BT05220321E,INSA,2022-03-21,2122,18.03.–21.03.,SPD,24.5
BT05220321E,INSA,2022-03-21,2122,18.03.–21.03.,Gruene,16.5
BT05220321E,INSA,2022-03-21,2122,18.03.–21.03.,FDP,11
BT05220321E,INSA,2022-03-21,2122,18.03.–21.03.,Linke,4.5
BT05220321E,INSA,2022-03-21,2122,18.03.–21.03.,AfD,11
BT05220321E,INSA,2022-03-21,2122,18.03.–21.03.,BSW,NA
BT02220322R,Forsa,2022-03-22,2501,15.03.–21.03.,CDUCSU,27
BT02220322R,Forsa,2022-03-22,2501,15.03.–21.03.,SPD,23
BT02220322R,Forsa,2022-03-22,2501,15.03.–21.03.,Gruene,18
BT02220322R,Forsa,2022-03-22,2501,15.03.–21.03.,FDP,10
BT02220322R,Forsa,2022-03-22,2501,15.03.–21.03.,Linke,5
BT02220322R,Forsa,2022-03-22,2501,15.03.–21.03.,AfD,9
BT02220322R,Forsa,2022-03-22,2501,15.03.–21.03.,BSW,NA
BT09220324E,Allensbach,2022-03-24,1041,09.03.–21.03.,CDUCSU,25
BT09220324E,Allensbach,2022-03-24,1041,09.03.–21.03.,SPD,25
BT09220324E,Allensbach,2022-03-24,1041,09.03.–21.03.,Gruene,17
BT09220324E,Allensbach,2022-03-24,1041,09.03.–21.03.,FDP,10.5
BT09220324E,Allensbach,2022-03-24,1041,09.03.–21.03.,Linke,5
BT09220324E,Allensbach,2022-03-24,1041,09.03.–21.03.,AfD,10
BT09220324E,Allensbach,2022-03-24,1041,09.03.–21.03.,BSW,NA
BT03220326X,Verian,2022-03-26,1429,16.03.–22.03.,CDUCSU,25
BT03220326X,Verian,2022-03-26,1429,16.03.–22.03.,SPD,26
BT03220326X,Verian,2022-03-26,1429,16.03.–22.03.,Gruene,18
BT03220326X,Verian,2022-03-26,1429,16.03.–22.03.,FDP,9
BT03220326X,Verian,2022-03-26,1429,16.03.–22.03.,Linke,6
BT03220326X,Verian,2022-03-26,1429,16.03.–22.03.,AfD,9
BT03220326X,Verian,2022-03-26,1429,16.03.–22.03.,BSW,NA
BT05220326F,INSA,2022-03-26,1205,21.03.–25.03.,CDUCSU,26
BT05220326F,INSA,2022-03-26,1205,21.03.–25.03.,SPD,26
BT05220326F,INSA,2022-03-26,1205,21.03.–25.03.,Gruene,16
BT05220326F,INSA,2022-03-26,1205,21.03.–25.03.,FDP,10
BT05220326F,INSA,2022-03-26,1205,21.03.–25.03.,Linke,5
BT05220326F,INSA,2022-03-26,1205,21.03.–25.03.,AfD,11
BT05220326F,INSA,2022-03-26,1205,21.03.–25.03.,BSW,NA
BT02220329S,Forsa,2022-03-29,2507,22.03.–28.03.,CDUCSU,26
BT02220329S,Forsa,2022-03-29,2507,22.03.–28.03.,SPD,24
BT02220329S,Forsa,2022-03-29,2507,22.03.–28.03.,Gruene,18
BT02220329S,Forsa,2022-03-29,2507,22.03.–28.03.,FDP,9
BT02220329S,Forsa,2022-03-29,2507,22.03.–28.03.,Linke,5
BT02220329S,Forsa,2022-03-29,2507,22.03.–28.03.,AfD,9
BT02220329S,Forsa,2022-03-29,2507,22.03.–28.03.,BSW,NA
BT05220329G,INSA,2022-03-29,2070,25.03.–28.03.,CDUCSU,26
BT05220329G,INSA,2022-03-29,2070,25.03.–28.03.,SPD,25
BT05220329G,INSA,2022-03-29,2070,25.03.–28.03.,Gruene,16.5
BT05220329G,INSA,2022-03-29,2070,25.03.–28.03.,FDP,10
BT05220329G,INSA,2022-03-29,2070,25.03.–28.03.,Linke,5.5
BT05220329G,INSA,2022-03-29,2070,25.03.–28.03.,AfD,10.5
BT05220329G,INSA,2022-03-29,2070,25.03.–28.03.,BSW,NA
BT03220402Y,Verian,2022-04-02,1428,23.03.–29.03.,CDUCSU,26
BT03220402Y,Verian,2022-04-02,1428,23.03.–29.03.,SPD,25
BT03220402Y,Verian,2022-04-02,1428,23.03.–29.03.,Gruene,18
BT03220402Y,Verian,2022-04-02,1428,23.03.–29.03.,FDP,9
BT03220402Y,Verian,2022-04-02,1428,23.03.–29.03.,Linke,5
BT03220402Y,Verian,2022-04-02,1428,23.03.–29.03.,AfD,9
BT03220402Y,Verian,2022-04-02,1428,23.03.–29.03.,BSW,NA
BT05220402H,INSA,2022-04-02,1501,25.03.–01.04.,CDUCSU,26
BT05220402H,INSA,2022-04-02,1501,25.03.–01.04.,SPD,26
BT05220402H,INSA,2022-04-02,1501,25.03.–01.04.,Gruene,16
BT05220402H,INSA,2022-04-02,1501,25.03.–01.04.,FDP,10
BT05220402H,INSA,2022-04-02,1501,25.03.–01.04.,Linke,4
BT05220402H,INSA,2022-04-02,1501,25.03.–01.04.,AfD,11
BT05220402H,INSA,2022-04-02,1501,25.03.–01.04.,BSW,NA
BT05220404I,INSA,2022-04-04,2063,01.04.–04.04.,CDUCSU,26
BT05220404I,INSA,2022-04-04,2063,01.04.–04.04.,SPD,25
BT05220404I,INSA,2022-04-04,2063,01.04.–04.04.,Gruene,17.5
BT05220404I,INSA,2022-04-04,2063,01.04.–04.04.,FDP,10.5
BT05220404I,INSA,2022-04-04,2063,01.04.–04.04.,Linke,4.5
BT05220404I,INSA,2022-04-04,2063,01.04.–04.04.,AfD,10.5
BT05220404I,INSA,2022-04-04,2063,01.04.–04.04.,BSW,NA
BT02220405T,Forsa,2022-04-05,2508,29.03.–04.04.,CDUCSU,24
BT02220405T,Forsa,2022-04-05,2508,29.03.–04.04.,SPD,27
BT02220405T,Forsa,2022-04-05,2508,29.03.–04.04.,Gruene,19
BT02220405T,Forsa,2022-04-05,2508,29.03.–04.04.,FDP,8
BT02220405T,Forsa,2022-04-05,2508,29.03.–04.04.,Linke,4
BT02220405T,Forsa,2022-04-05,2508,29.03.–04.04.,AfD,9
BT02220405T,Forsa,2022-04-05,2508,29.03.–04.04.,BSW,NA
BT01220407H,Infratest dimap,2022-04-07,1325,04.04.–06.04.,CDUCSU,25
BT01220407H,Infratest dimap,2022-04-07,1325,04.04.–06.04.,SPD,24
BT01220407H,Infratest dimap,2022-04-07,1325,04.04.–06.04.,Gruene,19
BT01220407H,Infratest dimap,2022-04-07,1325,04.04.–06.04.,FDP,9
BT01220407H,Infratest dimap,2022-04-07,1325,04.04.–06.04.,Linke,4
BT01220407H,Infratest dimap,2022-04-07,1325,04.04.–06.04.,AfD,11
BT01220407H,Infratest dimap,2022-04-07,1325,04.04.–06.04.,BSW,NA
BT06220408Y,Forschungsgruppe Wahlen,2022-04-08,1230,05.04.–07.04.,CDUCSU,24
BT06220408Y,Forschungsgruppe Wahlen,2022-04-08,1230,05.04.–07.04.,SPD,27
BT06220408Y,Forschungsgruppe Wahlen,2022-04-08,1230,05.04.–07.04.,Gruene,19
BT06220408Y,Forschungsgruppe Wahlen,2022-04-08,1230,05.04.–07.04.,FDP,8
BT06220408Y,Forschungsgruppe Wahlen,2022-04-08,1230,05.04.–07.04.,Linke,4
BT06220408Y,Forschungsgruppe Wahlen,2022-04-08,1230,05.04.–07.04.,AfD,11
BT06220408Y,Forschungsgruppe Wahlen,2022-04-08,1230,05.04.–07.04.,BSW,NA
BT03220409A,Verian,2022-04-09,1437,30.03.–05.04.,CDUCSU,25
BT03220409A,Verian,2022-04-09,1437,30.03.–05.04.,SPD,27
BT03220409A,Verian,2022-04-09,1437,30.03.–05.04.,Gruene,19
BT03220409A,Verian,2022-04-09,1437,30.03.–05.04.,FDP,8
BT03220409A,Verian,2022-04-09,1437,30.03.–05.04.,Linke,4
BT03220409A,Verian,2022-04-09,1437,30.03.–05.04.,AfD,10
BT03220409A,Verian,2022-04-09,1437,30.03.–05.04.,BSW,NA
BT05220409J,INSA,2022-04-09,1503,04.04.–08.04.,CDUCSU,26
BT05220409J,INSA,2022-04-09,1503,04.04.–08.04.,SPD,25
BT05220409J,INSA,2022-04-09,1503,04.04.–08.04.,Gruene,16
BT05220409J,INSA,2022-04-09,1503,04.04.–08.04.,FDP,10
BT05220409J,INSA,2022-04-09,1503,04.04.–08.04.,Linke,4
BT05220409J,INSA,2022-04-09,1503,04.04.–08.04.,AfD,11
BT05220409J,INSA,2022-04-09,1503,04.04.–08.04.,BSW,NA
BT05220411K,INSA,2022-04-11,2061,08.04.–11.04.,CDUCSU,27
BT05220411K,INSA,2022-04-11,2061,08.04.–11.04.,SPD,25
BT05220411K,INSA,2022-04-11,2061,08.04.–11.04.,Gruene,17.5
BT05220411K,INSA,2022-04-11,2061,08.04.–11.04.,FDP,9
BT05220411K,INSA,2022-04-11,2061,08.04.–11.04.,Linke,4.5
BT05220411K,INSA,2022-04-11,2061,08.04.–11.04.,AfD,11
BT05220411K,INSA,2022-04-11,2061,08.04.–11.04.,BSW,NA
BT02220412U,Forsa,2022-04-12,2500,05.04.–11.04.,CDUCSU,24
BT02220412U,Forsa,2022-04-12,2500,05.04.–11.04.,SPD,27
BT02220412U,Forsa,2022-04-12,2500,05.04.–11.04.,Gruene,19
BT02220412U,Forsa,2022-04-12,2500,05.04.–11.04.,FDP,8
BT02220412U,Forsa,2022-04-12,2500,05.04.–11.04.,Linke,4
BT02220412U,Forsa,2022-04-12,2500,05.04.–11.04.,AfD,9
BT02220412U,Forsa,2022-04-12,2500,05.04.–11.04.,BSW,NA
BT09220413F,Allensbach,2022-04-13,1075,25.03.–06.04.,CDUCSU,24
BT09220413F,Allensbach,2022-04-13,1075,25.03.–06.04.,SPD,28
BT09220413F,Allensbach,2022-04-13,1075,25.03.–06.04.,Gruene,17
BT09220413F,Allensbach,2022-04-13,1075,25.03.–06.04.,FDP,9
BT09220413F,Allensbach,2022-04-13,1075,25.03.–06.04.,Linke,6
BT09220413F,Allensbach,2022-04-13,1075,25.03.–06.04.,AfD,9
BT09220413F,Allensbach,2022-04-13,1075,25.03.–06.04.,BSW,NA
BT01220414I,Infratest dimap,2022-04-14,1226,11.04.–12.04.,CDUCSU,26
BT01220414I,Infratest dimap,2022-04-14,1226,11.04.–12.04.,SPD,24
BT01220414I,Infratest dimap,2022-04-14,1226,11.04.–12.04.,Gruene,18
BT01220414I,Infratest dimap,2022-04-14,1226,11.04.–12.04.,FDP,8
BT01220414I,Infratest dimap,2022-04-14,1226,11.04.–12.04.,Linke,4
BT01220414I,Infratest dimap,2022-04-14,1226,11.04.–12.04.,AfD,11
BT01220414I,Infratest dimap,2022-04-14,1226,11.04.–12.04.,BSW,NA
BT13220414Q,YouGov,2022-04-14,1643,08.04.–12.04.,CDUCSU,26
BT13220414Q,YouGov,2022-04-14,1643,08.04.–12.04.,SPD,21
BT13220414Q,YouGov,2022-04-14,1643,08.04.–12.04.,Gruene,18
BT13220414Q,YouGov,2022-04-14,1643,08.04.–12.04.,FDP,9
BT13220414Q,YouGov,2022-04-14,1643,08.04.–12.04.,Linke,6
BT13220414Q,YouGov,2022-04-14,1643,08.04.–12.04.,AfD,12
BT13220414Q,YouGov,2022-04-14,1643,08.04.–12.04.,BSW,NA
BT03220416B,Verian,2022-04-16,1960,06.04.–12.04.,CDUCSU,25
BT03220416B,Verian,2022-04-16,1960,06.04.–12.04.,SPD,26
BT03220416B,Verian,2022-04-16,1960,06.04.–12.04.,Gruene,19
BT03220416B,Verian,2022-04-16,1960,06.04.–12.04.,FDP,8
BT03220416B,Verian,2022-04-16,1960,06.04.–12.04.,Linke,4
BT03220416B,Verian,2022-04-16,1960,06.04.–12.04.,AfD,10
BT03220416B,Verian,2022-04-16,1960,06.04.–12.04.,BSW,NA
BT05220416L,INSA,2022-04-16,1402,11.04.–14.04.,CDUCSU,26
BT05220416L,INSA,2022-04-16,1402,11.04.–14.04.,SPD,25
BT05220416L,INSA,2022-04-16,1402,11.04.–14.04.,Gruene,17
BT05220416L,INSA,2022-04-16,1402,11.04.–14.04.,FDP,10
BT05220416L,INSA,2022-04-16,1402,11.04.–14.04.,Linke,5
BT05220416L,INSA,2022-04-16,1402,11.04.–14.04.,AfD,10
BT05220416L,INSA,2022-04-16,1402,11.04.–14.04.,BSW,NA
BT02220419V,Forsa,2022-04-19,1501,12.04.–14.04.,CDUCSU,25
BT02220419V,Forsa,2022-04-19,1501,12.04.–14.04.,SPD,25
BT02220419V,Forsa,2022-04-19,1501,12.04.–14.04.,Gruene,20
BT02220419V,Forsa,2022-04-19,1501,12.04.–14.04.,FDP,8
BT02220419V,Forsa,2022-04-19,1501,12.04.–14.04.,Linke,4
BT02220419V,Forsa,2022-04-19,1501,12.04.–14.04.,AfD,9
BT02220419V,Forsa,2022-04-19,1501,12.04.–14.04.,BSW,NA
BT05220419M,INSA,2022-04-19,2073,15.04.–18.04.,CDUCSU,26
BT05220419M,INSA,2022-04-19,2073,15.04.–18.04.,SPD,23.5
BT05220419M,INSA,2022-04-19,2073,15.04.–18.04.,Gruene,19
BT05220419M,INSA,2022-04-19,2073,15.04.–18.04.,FDP,9
BT05220419M,INSA,2022-04-19,2073,15.04.–18.04.,Linke,4.5
BT05220419M,INSA,2022-04-19,2073,15.04.–18.04.,AfD,11
BT05220419M,INSA,2022-04-19,2073,15.04.–18.04.,BSW,NA
BT03220423C,Verian,2022-04-23,1715,12.04.–19.04.,CDUCSU,25
BT03220423C,Verian,2022-04-23,1715,12.04.–19.04.,SPD,25
BT03220423C,Verian,2022-04-23,1715,12.04.–19.04.,Gruene,19
BT03220423C,Verian,2022-04-23,1715,12.04.–19.04.,FDP,9
BT03220423C,Verian,2022-04-23,1715,12.04.–19.04.,Linke,4
BT03220423C,Verian,2022-04-23,1715,12.04.–19.04.,AfD,9
BT03220423C,Verian,2022-04-23,1715,12.04.–19.04.,BSW,NA
BT05220423N,INSA,2022-04-23,1296,19.04.–22.04.,CDUCSU,26
BT05220423N,INSA,2022-04-23,1296,19.04.–22.04.,SPD,24
BT05220423N,INSA,2022-04-23,1296,19.04.–22.04.,Gruene,18
BT05220423N,INSA,2022-04-23,1296,19.04.–22.04.,FDP,9
BT05220423N,INSA,2022-04-23,1296,19.04.–22.04.,Linke,5
BT05220423N,INSA,2022-04-23,1296,19.04.–22.04.,AfD,11
BT05220423N,INSA,2022-04-23,1296,19.04.–22.04.,BSW,NA
BT05220425O,INSA,2022-04-25,2056,22.04.–25.04.,CDUCSU,26.5
BT05220425O,INSA,2022-04-25,2056,22.04.–25.04.,SPD,24
BT05220425O,INSA,2022-04-25,2056,22.04.–25.04.,Gruene,18
BT05220425O,INSA,2022-04-25,2056,22.04.–25.04.,FDP,9
BT05220425O,INSA,2022-04-25,2056,22.04.–25.04.,Linke,4.5
BT05220425O,INSA,2022-04-25,2056,22.04.–25.04.,AfD,11.5
BT05220425O,INSA,2022-04-25,2056,22.04.–25.04.,BSW,NA
BT02220426W,Forsa,2022-04-26,2507,19.04.–25.04.,CDUCSU,25
BT02220426W,Forsa,2022-04-26,2507,19.04.–25.04.,SPD,24
BT02220426W,Forsa,2022-04-26,2507,19.04.–25.04.,Gruene,20
BT02220426W,Forsa,2022-04-26,2507,19.04.–25.04.,FDP,9
BT02220426W,Forsa,2022-04-26,2507,19.04.–25.04.,Linke,4
BT02220426W,Forsa,2022-04-26,2507,19.04.–25.04.,AfD,9
BT02220426W,Forsa,2022-04-26,2507,19.04.–25.04.,BSW,NA
BT04220426A,GMS,2022-04-26,1003,20.04.–25.04.,CDUCSU,26
BT04220426A,GMS,2022-04-26,1003,20.04.–25.04.,SPD,26
BT04220426A,GMS,2022-04-26,1003,20.04.–25.04.,Gruene,18
BT04220426A,GMS,2022-04-26,1003,20.04.–25.04.,FDP,8
BT04220426A,GMS,2022-04-26,1003,20.04.–25.04.,Linke,4
BT04220426A,GMS,2022-04-26,1003,20.04.–25.04.,AfD,9
BT04220426A,GMS,2022-04-26,1003,20.04.–25.04.,BSW,NA
BT01220428J,Infratest dimap,2022-04-28,1314,25.04.–27.04.,CDUCSU,26
BT01220428J,Infratest dimap,2022-04-28,1314,25.04.–27.04.,SPD,24
BT01220428J,Infratest dimap,2022-04-28,1314,25.04.–27.04.,Gruene,18
BT01220428J,Infratest dimap,2022-04-28,1314,25.04.–27.04.,FDP,9
BT01220428J,Infratest dimap,2022-04-28,1314,25.04.–27.04.,Linke,3
BT01220428J,Infratest dimap,2022-04-28,1314,25.04.–27.04.,AfD,11
BT01220428J,Infratest dimap,2022-04-28,1314,25.04.–27.04.,BSW,NA
BT06220429A,Forschungsgruppe Wahlen,2022-04-29,1170,26.04.–28.04.,CDUCSU,23
BT06220429A,Forschungsgruppe Wahlen,2022-04-29,1170,26.04.–28.04.,SPD,25
BT06220429A,Forschungsgruppe Wahlen,2022-04-29,1170,26.04.–28.04.,Gruene,21
BT06220429A,Forschungsgruppe Wahlen,2022-04-29,1170,26.04.–28.04.,FDP,9
BT06220429A,Forschungsgruppe Wahlen,2022-04-29,1170,26.04.–28.04.,Linke,4
BT06220429A,Forschungsgruppe Wahlen,2022-04-29,1170,26.04.–28.04.,AfD,11
BT06220429A,Forschungsgruppe Wahlen,2022-04-29,1170,26.04.–28.04.,BSW,NA
BT03220430D,Verian,2022-04-30,1431,19.04.–26.04.,CDUCSU,25
BT03220430D,Verian,2022-04-30,1431,19.04.–26.04.,SPD,23
BT03220430D,Verian,2022-04-30,1431,19.04.–26.04.,Gruene,20
BT03220430D,Verian,2022-04-30,1431,19.04.–26.04.,FDP,9
BT03220430D,Verian,2022-04-30,1431,19.04.–26.04.,Linke,5
BT03220430D,Verian,2022-04-30,1431,19.04.–26.04.,AfD,9
BT03220430D,Verian,2022-04-30,1431,19.04.–26.04.,BSW,NA
BT05220501P,INSA,2022-05-01,1202,25.04.–29.04.,CDUCSU,26
BT05220501P,INSA,2022-05-01,1202,25.04.–29.04.,SPD,23
BT05220501P,INSA,2022-05-01,1202,25.04.–29.04.,Gruene,18
BT05220501P,INSA,2022-05-01,1202,25.04.–29.04.,FDP,10
BT05220501P,INSA,2022-05-01,1202,25.04.–29.04.,Linke,4
BT05220501P,INSA,2022-05-01,1202,25.04.–29.04.,AfD,11
BT05220501P,INSA,2022-05-01,1202,25.04.–29.04.,BSW,NA
BT05220502Q,INSA,2022-05-02,2146,29.04.–02.05.,CDUCSU,27
BT05220502Q,INSA,2022-05-02,2146,29.04.–02.05.,SPD,23
BT05220502Q,INSA,2022-05-02,2146,29.04.–02.05.,Gruene,19
BT05220502Q,INSA,2022-05-02,2146,29.04.–02.05.,FDP,9.5
BT05220502Q,INSA,2022-05-02,2146,29.04.–02.05.,Linke,4.5
BT05220502Q,INSA,2022-05-02,2146,29.04.–02.05.,AfD,10.5
BT05220502Q,INSA,2022-05-02,2146,29.04.–02.05.,BSW,NA
BT02220503X,Forsa,2022-05-03,2508,26.04.–02.05.,CDUCSU,26
BT02220503X,Forsa,2022-05-03,2508,26.04.–02.05.,SPD,23
BT02220503X,Forsa,2022-05-03,2508,26.04.–02.05.,Gruene,20
BT02220503X,Forsa,2022-05-03,2508,26.04.–02.05.,FDP,9
BT02220503X,Forsa,2022-05-03,2508,26.04.–02.05.,Linke,4
BT02220503X,Forsa,2022-05-03,2508,26.04.–02.05.,AfD,9
BT02220503X,Forsa,2022-05-03,2508,26.04.–02.05.,BSW,NA
BT03220507E,Verian,2022-05-07,1570,26.04.–03.05.,CDUCSU,27
BT03220507E,Verian,2022-05-07,1570,26.04.–03.05.,SPD,23
BT03220507E,Verian,2022-05-07,1570,26.04.–03.05.,Gruene,19
BT03220507E,Verian,2022-05-07,1570,26.04.–03.05.,FDP,9
BT03220507E,Verian,2022-05-07,1570,26.04.–03.05.,Linke,5
BT03220507E,Verian,2022-05-07,1570,26.04.–03.05.,AfD,9
BT03220507E,Verian,2022-05-07,1570,26.04.–03.05.,BSW,NA
BT05220507S,INSA,2022-05-07,1501,02.05.–06.05.,CDUCSU,27
BT05220507S,INSA,2022-05-07,1501,02.05.–06.05.,SPD,23
BT05220507S,INSA,2022-05-07,1501,02.05.–06.05.,Gruene,18
BT05220507S,INSA,2022-05-07,1501,02.05.–06.05.,FDP,11
BT05220507S,INSA,2022-05-07,1501,02.05.–06.05.,Linke,3
BT05220507S,INSA,2022-05-07,1501,02.05.–06.05.,AfD,10
BT05220507S,INSA,2022-05-07,1501,02.05.–06.05.,BSW,NA
BT05220509T,INSA,2022-05-09,2086,06.05.–09.05.,CDUCSU,27.5
BT05220509T,INSA,2022-05-09,2086,06.05.–09.05.,SPD,22.5
BT05220509T,INSA,2022-05-09,2086,06.05.–09.05.,Gruene,19
BT05220509T,INSA,2022-05-09,2086,06.05.–09.05.,FDP,10
BT05220509T,INSA,2022-05-09,2086,06.05.–09.05.,Linke,3.5
BT05220509T,INSA,2022-05-09,2086,06.05.–09.05.,AfD,10.5
BT05220509T,INSA,2022-05-09,2086,06.05.–09.05.,BSW,NA
BT02220510Y,Forsa,2022-05-10,2501,03.05.–09.05.,CDUCSU,26
BT02220510Y,Forsa,2022-05-10,2501,03.05.–09.05.,SPD,23
BT02220510Y,Forsa,2022-05-10,2501,03.05.–09.05.,Gruene,21
BT02220510Y,Forsa,2022-05-10,2501,03.05.–09.05.,FDP,9
BT02220510Y,Forsa,2022-05-10,2501,03.05.–09.05.,Linke,4
BT02220510Y,Forsa,2022-05-10,2501,03.05.–09.05.,AfD,9
BT02220510Y,Forsa,2022-05-10,2501,03.05.–09.05.,BSW,NA
BT01220512K,Infratest dimap,2022-05-12,1226,10.05.–11.05.,CDUCSU,26
BT01220512K,Infratest dimap,2022-05-12,1226,10.05.–11.05.,SPD,22
BT01220512K,Infratest dimap,2022-05-12,1226,10.05.–11.05.,Gruene,20
BT01220512K,Infratest dimap,2022-05-12,1226,10.05.–11.05.,FDP,8
BT01220512K,Infratest dimap,2022-05-12,1226,10.05.–11.05.,Linke,4
BT01220512K,Infratest dimap,2022-05-12,1226,10.05.–11.05.,AfD,11
BT01220512K,Infratest dimap,2022-05-12,1226,10.05.–11.05.,BSW,NA
BT13220512R,YouGov,2022-05-12,1659,06.05.–10.05.,CDUCSU,28
BT13220512R,YouGov,2022-05-12,1659,06.05.–10.05.,SPD,20
BT13220512R,YouGov,2022-05-12,1659,06.05.–10.05.,Gruene,19
BT13220512R,YouGov,2022-05-12,1659,06.05.–10.05.,FDP,9
BT13220512R,YouGov,2022-05-12,1659,06.05.–10.05.,Linke,5
BT13220512R,YouGov,2022-05-12,1659,06.05.–10.05.,AfD,10
BT13220512R,YouGov,2022-05-12,1659,06.05.–10.05.,BSW,NA
BT03220514F,Verian,2022-05-14,1426,04.05.–10.05.,CDUCSU,26
BT03220514F,Verian,2022-05-14,1426,04.05.–10.05.,SPD,22
BT03220514F,Verian,2022-05-14,1426,04.05.–10.05.,Gruene,20
BT03220514F,Verian,2022-05-14,1426,04.05.–10.05.,FDP,9
BT03220514F,Verian,2022-05-14,1426,04.05.–10.05.,Linke,5
BT03220514F,Verian,2022-05-14,1426,04.05.–10.05.,AfD,10
BT03220514F,Verian,2022-05-14,1426,04.05.–10.05.,BSW,NA
BT05220514U,INSA,2022-05-14,1501,09.05.–13.05.,CDUCSU,27
BT05220514U,INSA,2022-05-14,1501,09.05.–13.05.,SPD,22
BT05220514U,INSA,2022-05-14,1501,09.05.–13.05.,Gruene,18
BT05220514U,INSA,2022-05-14,1501,09.05.–13.05.,FDP,10
BT05220514U,INSA,2022-05-14,1501,09.05.–13.05.,Linke,4
BT05220514U,INSA,2022-05-14,1501,09.05.–13.05.,AfD,10
BT05220514U,INSA,2022-05-14,1501,09.05.–13.05.,BSW,NA
BT05220516V,INSA,2022-05-16,2147,13.05.–16.05.,CDUCSU,28
BT05220516V,INSA,2022-05-16,2147,13.05.–16.05.,SPD,21.5
BT05220516V,INSA,2022-05-16,2147,13.05.–16.05.,Gruene,20.5
BT05220516V,INSA,2022-05-16,2147,13.05.–16.05.,FDP,9
BT05220516V,INSA,2022-05-16,2147,13.05.–16.05.,Linke,3
BT05220516V,INSA,2022-05-16,2147,13.05.–16.05.,AfD,11
BT05220516V,INSA,2022-05-16,2147,13.05.–16.05.,BSW,NA
BT02220517A,Forsa,2022-05-17,2502,10.05.–16.05.,CDUCSU,27
BT02220517A,Forsa,2022-05-17,2502,10.05.–16.05.,SPD,22
BT02220517A,Forsa,2022-05-17,2502,10.05.–16.05.,Gruene,22
BT02220517A,Forsa,2022-05-17,2502,10.05.–16.05.,FDP,8
BT02220517A,Forsa,2022-05-17,2502,10.05.–16.05.,Linke,4
BT02220517A,Forsa,2022-05-17,2502,10.05.–16.05.,AfD,8
BT02220517A,Forsa,2022-05-17,2502,10.05.–16.05.,BSW,NA
BT06220520B,Forschungsgruppe Wahlen,2022-05-20,1162,17.05.–19.05.,CDUCSU,26
BT06220520B,Forschungsgruppe Wahlen,2022-05-20,1162,17.05.–19.05.,SPD,22
BT06220520B,Forschungsgruppe Wahlen,2022-05-20,1162,17.05.–19.05.,Gruene,24
BT06220520B,Forschungsgruppe Wahlen,2022-05-20,1162,17.05.–19.05.,FDP,7
BT06220520B,Forschungsgruppe Wahlen,2022-05-20,1162,17.05.–19.05.,Linke,4
BT06220520B,Forschungsgruppe Wahlen,2022-05-20,1162,17.05.–19.05.,AfD,10
BT06220520B,Forschungsgruppe Wahlen,2022-05-20,1162,17.05.–19.05.,BSW,NA
BT03220521G,Verian,2022-05-21,1425,11.05.–17.05.,CDUCSU,26
BT03220521G,Verian,2022-05-21,1425,11.05.–17.05.,SPD,22
BT03220521G,Verian,2022-05-21,1425,11.05.–17.05.,Gruene,21
BT03220521G,Verian,2022-05-21,1425,11.05.–17.05.,FDP,8
BT03220521G,Verian,2022-05-21,1425,11.05.–17.05.,Linke,5
BT03220521G,Verian,2022-05-21,1425,11.05.–17.05.,AfD,10
BT03220521G,Verian,2022-05-21,1425,11.05.–17.05.,BSW,NA
BT05220521W,INSA,2022-05-21,1214,16.05.–20.05.,CDUCSU,28
BT05220521W,INSA,2022-05-21,1214,16.05.–20.05.,SPD,21
BT05220521W,INSA,2022-05-21,1214,16.05.–20.05.,Gruene,19
BT05220521W,INSA,2022-05-21,1214,16.05.–20.05.,FDP,10
BT05220521W,INSA,2022-05-21,1214,16.05.–20.05.,Linke,3
BT05220521W,INSA,2022-05-21,1214,16.05.–20.05.,AfD,10
BT05220521W,INSA,2022-05-21,1214,16.05.–20.05.,BSW,NA
BT05220523X,INSA,2022-05-23,2100,20.05.–23.05.,CDUCSU,28.5
BT05220523X,INSA,2022-05-23,2100,20.05.–23.05.,SPD,22
BT05220523X,INSA,2022-05-23,2100,20.05.–23.05.,Gruene,20
BT05220523X,INSA,2022-05-23,2100,20.05.–23.05.,FDP,8.5
BT05220523X,INSA,2022-05-23,2100,20.05.–23.05.,Linke,3
BT05220523X,INSA,2022-05-23,2100,20.05.–23.05.,AfD,10.5
BT05220523X,INSA,2022-05-23,2100,20.05.–23.05.,BSW,NA
BT02220524B,Forsa,2022-05-24,2505,17.05.–23.05.,CDUCSU,28
BT02220524B,Forsa,2022-05-24,2505,17.05.–23.05.,SPD,21
BT02220524B,Forsa,2022-05-24,2505,17.05.–23.05.,Gruene,23
BT02220524B,Forsa,2022-05-24,2505,17.05.–23.05.,FDP,7
BT02220524B,Forsa,2022-05-24,2505,17.05.–23.05.,Linke,4
BT02220524B,Forsa,2022-05-24,2505,17.05.–23.05.,AfD,9
BT02220524B,Forsa,2022-05-24,2505,17.05.–23.05.,BSW,NA
BT09220527G,Allensbach,2022-05-27,1118,06.05.–18.05.,CDUCSU,29
BT09220527G,Allensbach,2022-05-27,1118,06.05.–18.05.,SPD,24
BT09220527G,Allensbach,2022-05-27,1118,06.05.–18.05.,Gruene,20.5
BT09220527G,Allensbach,2022-05-27,1118,06.05.–18.05.,FDP,8
BT09220527G,Allensbach,2022-05-27,1118,06.05.–18.05.,Linke,4.5
BT09220527G,Allensbach,2022-05-27,1118,06.05.–18.05.,AfD,9
BT09220527G,Allensbach,2022-05-27,1118,06.05.–18.05.,BSW,NA
BT03220528H,Verian,2022-05-28,1422,17.05.–24.05.,CDUCSU,27
BT03220528H,Verian,2022-05-28,1422,17.05.–24.05.,SPD,21
BT03220528H,Verian,2022-05-28,1422,17.05.–24.05.,Gruene,21
BT03220528H,Verian,2022-05-28,1422,17.05.–24.05.,FDP,8
BT03220528H,Verian,2022-05-28,1422,17.05.–24.05.,Linke,5
BT03220528H,Verian,2022-05-28,1422,17.05.–24.05.,AfD,9
BT03220528H,Verian,2022-05-28,1422,17.05.–24.05.,BSW,NA
BT05220528Y,INSA,2022-05-28,1337,23.05.–27.05.,CDUCSU,27
BT05220528Y,INSA,2022-05-28,1337,23.05.–27.05.,SPD,23
BT05220528Y,INSA,2022-05-28,1337,23.05.–27.05.,Gruene,19
BT05220528Y,INSA,2022-05-28,1337,23.05.–27.05.,FDP,9
BT05220528Y,INSA,2022-05-28,1337,23.05.–27.05.,Linke,4
BT05220528Y,INSA,2022-05-28,1337,23.05.–27.05.,AfD,9
BT05220528Y,INSA,2022-05-28,1337,23.05.–27.05.,BSW,NA
BT05220530A,INSA,2022-05-30,2056,27.05.–30.05.,CDUCSU,27
BT05220530A,INSA,2022-05-30,2056,27.05.–30.05.,SPD,22
BT05220530A,INSA,2022-05-30,2056,27.05.–30.05.,Gruene,20.5
BT05220530A,INSA,2022-05-30,2056,27.05.–30.05.,FDP,8.5
BT05220530A,INSA,2022-05-30,2056,27.05.–30.05.,Linke,3.5
BT05220530A,INSA,2022-05-30,2056,27.05.–30.05.,AfD,10
BT05220530A,INSA,2022-05-30,2056,27.05.–30.05.,BSW,NA
BT02220531C,Forsa,2022-05-31,2004,24.05.–30.05.,CDUCSU,29
BT02220531C,Forsa,2022-05-31,2004,24.05.–30.05.,SPD,19
BT02220531C,Forsa,2022-05-31,2004,24.05.–30.05.,Gruene,24
BT02220531C,Forsa,2022-05-31,2004,24.05.–30.05.,FDP,7
BT02220531C,Forsa,2022-05-31,2004,24.05.–30.05.,Linke,4
BT02220531C,Forsa,2022-05-31,2004,24.05.–30.05.,AfD,9
BT02220531C,Forsa,2022-05-31,2004,24.05.–30.05.,BSW,NA
BT04220531B,GMS,2022-05-31,1005,25.05.–30.05.,CDUCSU,30
BT04220531B,GMS,2022-05-31,1005,25.05.–30.05.,SPD,22
BT04220531B,GMS,2022-05-31,1005,25.05.–30.05.,Gruene,20
BT04220531B,GMS,2022-05-31,1005,25.05.–30.05.,FDP,8
BT04220531B,GMS,2022-05-31,1005,25.05.–30.05.,Linke,4
BT04220531B,GMS,2022-05-31,1005,25.05.–30.05.,AfD,7
BT04220531B,GMS,2022-05-31,1005,25.05.–30.05.,BSW,NA
BT01220602L,Infratest dimap,2022-06-02,1337,30.05.–01.06.,CDUCSU,27
BT01220602L,Infratest dimap,2022-06-02,1337,30.05.–01.06.,SPD,21
BT01220602L,Infratest dimap,2022-06-02,1337,30.05.–01.06.,Gruene,21
BT01220602L,Infratest dimap,2022-06-02,1337,30.05.–01.06.,FDP,8
BT01220602L,Infratest dimap,2022-06-02,1337,30.05.–01.06.,Linke,4
BT01220602L,Infratest dimap,2022-06-02,1337,30.05.–01.06.,AfD,11
BT01220602L,Infratest dimap,2022-06-02,1337,30.05.–01.06.,BSW,NA
BT03220604I,Verian,2022-06-04,1428,24.05.–31.05.,CDUCSU,28
BT03220604I,Verian,2022-06-04,1428,24.05.–31.05.,SPD,20
BT03220604I,Verian,2022-06-04,1428,24.05.–31.05.,Gruene,23
BT03220604I,Verian,2022-06-04,1428,24.05.–31.05.,FDP,8
BT03220604I,Verian,2022-06-04,1428,24.05.–31.05.,Linke,4
BT03220604I,Verian,2022-06-04,1428,24.05.–31.05.,AfD,8
BT03220604I,Verian,2022-06-04,1428,24.05.–31.05.,BSW,NA
BT05220604B,INSA,2022-06-04,1501,30.05.–03.06.,CDUCSU,27
BT05220604B,INSA,2022-06-04,1501,30.05.–03.06.,SPD,22
BT05220604B,INSA,2022-06-04,1501,30.05.–03.06.,Gruene,20
BT05220604B,INSA,2022-06-04,1501,30.05.–03.06.,FDP,9
BT05220604B,INSA,2022-06-04,1501,30.05.–03.06.,Linke,4
BT05220604B,INSA,2022-06-04,1501,30.05.–03.06.,AfD,9
BT05220604B,INSA,2022-06-04,1501,30.05.–03.06.,BSW,NA
BT02220607D,Forsa,2022-06-07,2002,31.05.–03.06.,CDUCSU,27
BT02220607D,Forsa,2022-06-07,2002,31.05.–03.06.,SPD,19
BT02220607D,Forsa,2022-06-07,2002,31.05.–03.06.,Gruene,23
BT02220607D,Forsa,2022-06-07,2002,31.05.–03.06.,FDP,8
BT02220607D,Forsa,2022-06-07,2002,31.05.–03.06.,Linke,4
BT02220607D,Forsa,2022-06-07,2002,31.05.–03.06.,AfD,10
BT02220607D,Forsa,2022-06-07,2002,31.05.–03.06.,BSW,NA
BT05220607C,INSA,2022-06-07,2055,03.06.–07.06.,CDUCSU,27
BT05220607C,INSA,2022-06-07,2055,03.06.–07.06.,SPD,20
BT05220607C,INSA,2022-06-07,2055,03.06.–07.06.,Gruene,21.5
BT05220607C,INSA,2022-06-07,2055,03.06.–07.06.,FDP,9.5
BT05220607C,INSA,2022-06-07,2055,03.06.–07.06.,Linke,3.5
BT05220607C,INSA,2022-06-07,2055,03.06.–07.06.,AfD,10.5
BT05220607C,INSA,2022-06-07,2055,03.06.–07.06.,BSW,NA
BT13220610S,YouGov,2022-06-10,1633,03.06.–07.06.,CDUCSU,30
BT13220610S,YouGov,2022-06-10,1633,03.06.–07.06.,SPD,18
BT13220610S,YouGov,2022-06-10,1633,03.06.–07.06.,Gruene,21
BT13220610S,YouGov,2022-06-10,1633,03.06.–07.06.,FDP,7
BT13220610S,YouGov,2022-06-10,1633,03.06.–07.06.,Linke,6
BT13220610S,YouGov,2022-06-10,1633,03.06.–07.06.,AfD,12
BT13220610S,YouGov,2022-06-10,1633,03.06.–07.06.,BSW,NA
BT03220611J,Verian,2022-06-11,1428,01.06.–07.06.,CDUCSU,26
BT03220611J,Verian,2022-06-11,1428,01.06.–07.06.,SPD,22
BT03220611J,Verian,2022-06-11,1428,01.06.–07.06.,Gruene,23
BT03220611J,Verian,2022-06-11,1428,01.06.–07.06.,FDP,9
BT03220611J,Verian,2022-06-11,1428,01.06.–07.06.,Linke,4
BT03220611J,Verian,2022-06-11,1428,01.06.–07.06.,AfD,8
BT03220611J,Verian,2022-06-11,1428,01.06.–07.06.,BSW,NA
BT05220611D,INSA,2022-06-11,1203,07.06.–10.06.,CDUCSU,27
BT05220611D,INSA,2022-06-11,1203,07.06.–10.06.,SPD,21
BT05220611D,INSA,2022-06-11,1203,07.06.–10.06.,Gruene,21
BT05220611D,INSA,2022-06-11,1203,07.06.–10.06.,FDP,9
BT05220611D,INSA,2022-06-11,1203,07.06.–10.06.,Linke,4
BT05220611D,INSA,2022-06-11,1203,07.06.–10.06.,AfD,10
BT05220611D,INSA,2022-06-11,1203,07.06.–10.06.,BSW,NA
BT05220613E,INSA,2022-06-13,2082,10.06.–13.06.,CDUCSU,27.5
BT05220613E,INSA,2022-06-13,2082,10.06.–13.06.,SPD,20
BT05220613E,INSA,2022-06-13,2082,10.06.–13.06.,Gruene,21
BT05220613E,INSA,2022-06-13,2082,10.06.–13.06.,FDP,9.5
BT05220613E,INSA,2022-06-13,2082,10.06.–13.06.,Linke,3.5
BT05220613E,INSA,2022-06-13,2082,10.06.–13.06.,AfD,10.5
BT05220613E,INSA,2022-06-13,2082,10.06.–13.06.,BSW,NA
BT02220614E,Forsa,2022-06-14,2511,07.06.–13.06.,CDUCSU,27
BT02220614E,Forsa,2022-06-14,2511,07.06.–13.06.,SPD,20
BT02220614E,Forsa,2022-06-14,2511,07.06.–13.06.,Gruene,23
BT02220614E,Forsa,2022-06-14,2511,07.06.–13.06.,FDP,8
BT02220614E,Forsa,2022-06-14,2511,07.06.–13.06.,Linke,4
BT02220614E,Forsa,2022-06-14,2511,07.06.–13.06.,AfD,9
BT02220614E,Forsa,2022-06-14,2511,07.06.–13.06.,BSW,NA
BT06220617C,Forschungsgruppe Wahlen,2022-06-17,1133,13.06.–15.06.,CDUCSU,26
BT06220617C,Forschungsgruppe Wahlen,2022-06-17,1133,13.06.–15.06.,SPD,22
BT06220617C,Forschungsgruppe Wahlen,2022-06-17,1133,13.06.–15.06.,Gruene,25
BT06220617C,Forschungsgruppe Wahlen,2022-06-17,1133,13.06.–15.06.,FDP,6
BT06220617C,Forschungsgruppe Wahlen,2022-06-17,1133,13.06.–15.06.,Linke,5
BT06220617C,Forschungsgruppe Wahlen,2022-06-17,1133,13.06.–15.06.,AfD,10
BT06220617C,Forschungsgruppe Wahlen,2022-06-17,1133,13.06.–15.06.,BSW,NA
BT03220618K,Verian,2022-06-18,1895,08.06.–14.06.,CDUCSU,28
BT03220618K,Verian,2022-06-18,1895,08.06.–14.06.,SPD,20
BT03220618K,Verian,2022-06-18,1895,08.06.–14.06.,Gruene,22
BT03220618K,Verian,2022-06-18,1895,08.06.–14.06.,FDP,8
BT03220618K,Verian,2022-06-18,1895,08.06.–14.06.,Linke,4
BT03220618K,Verian,2022-06-18,1895,08.06.–14.06.,AfD,9
BT03220618K,Verian,2022-06-18,1895,08.06.–14.06.,BSW,NA
BT05220619F,INSA,2022-06-19,1501,13.06.–17.06.,CDUCSU,27
BT05220619F,INSA,2022-06-19,1501,13.06.–17.06.,SPD,20
BT05220619F,INSA,2022-06-19,1501,13.06.–17.06.,Gruene,21
BT05220619F,INSA,2022-06-19,1501,13.06.–17.06.,FDP,9
BT05220619F,INSA,2022-06-19,1501,13.06.–17.06.,Linke,4
BT05220619F,INSA,2022-06-19,1501,13.06.–17.06.,AfD,10
BT05220619F,INSA,2022-06-19,1501,13.06.–17.06.,BSW,NA
BT05220620G,INSA,2022-06-20,2063,17.06.–20.06.,CDUCSU,28
BT05220620G,INSA,2022-06-20,2063,17.06.–20.06.,SPD,19.5
BT05220620G,INSA,2022-06-20,2063,17.06.–20.06.,Gruene,21
BT05220620G,INSA,2022-06-20,2063,17.06.–20.06.,FDP,9.5
BT05220620G,INSA,2022-06-20,2063,17.06.–20.06.,Linke,4
BT05220620G,INSA,2022-06-20,2063,17.06.–20.06.,AfD,10
BT05220620G,INSA,2022-06-20,2063,17.06.–20.06.,BSW,NA
BT02220621F,Forsa,2022-06-21,2504,14.06.–20.06.,CDUCSU,28
BT02220621F,Forsa,2022-06-21,2504,14.06.–20.06.,SPD,19
BT02220621F,Forsa,2022-06-21,2504,14.06.–20.06.,Gruene,23
BT02220621F,Forsa,2022-06-21,2504,14.06.–20.06.,FDP,8
BT02220621F,Forsa,2022-06-21,2504,14.06.–20.06.,Linke,4
BT02220621F,Forsa,2022-06-21,2504,14.06.–20.06.,AfD,9
BT02220621F,Forsa,2022-06-21,2504,14.06.–20.06.,BSW,NA
BT04220621C,GMS,2022-06-21,1003,15.06.–20.06.,CDUCSU,29
BT04220621C,GMS,2022-06-21,1003,15.06.–20.06.,SPD,21
BT04220621C,GMS,2022-06-21,1003,15.06.–20.06.,Gruene,21
BT04220621C,GMS,2022-06-21,1003,15.06.–20.06.,FDP,8
BT04220621C,GMS,2022-06-21,1003,15.06.–20.06.,Linke,4
BT04220621C,GMS,2022-06-21,1003,15.06.–20.06.,AfD,8
BT04220621C,GMS,2022-06-21,1003,15.06.–20.06.,BSW,NA
BT09220622H,Allensbach,2022-06-22,1046,03.06.–17.06.,CDUCSU,27
BT09220622H,Allensbach,2022-06-22,1046,03.06.–17.06.,SPD,23
BT09220622H,Allensbach,2022-06-22,1046,03.06.–17.06.,Gruene,22
BT09220622H,Allensbach,2022-06-22,1046,03.06.–17.06.,FDP,8
BT09220622H,Allensbach,2022-06-22,1046,03.06.–17.06.,Linke,4.5
BT09220622H,Allensbach,2022-06-22,1046,03.06.–17.06.,AfD,10
BT09220622H,Allensbach,2022-06-22,1046,03.06.–17.06.,BSW,NA
BT01220623M,Infratest dimap,2022-06-23,1248,21.06.–22.06.,CDUCSU,26
BT01220623M,Infratest dimap,2022-06-23,1248,21.06.–22.06.,SPD,20
BT01220623M,Infratest dimap,2022-06-23,1248,21.06.–22.06.,Gruene,23
BT01220623M,Infratest dimap,2022-06-23,1248,21.06.–22.06.,FDP,8
BT01220623M,Infratest dimap,2022-06-23,1248,21.06.–22.06.,Linke,4
BT01220623M,Infratest dimap,2022-06-23,1248,21.06.–22.06.,AfD,12
BT01220623M,Infratest dimap,2022-06-23,1248,21.06.–22.06.,BSW,NA
BT03220625L,Verian,2022-06-25,1769,14.06.–21.06.,CDUCSU,26
BT03220625L,Verian,2022-06-25,1769,14.06.–21.06.,SPD,20
BT03220625L,Verian,2022-06-25,1769,14.06.–21.06.,Gruene,24
BT03220625L,Verian,2022-06-25,1769,14.06.–21.06.,FDP,8
BT03220625L,Verian,2022-06-25,1769,14.06.–21.06.,Linke,4
BT03220625L,Verian,2022-06-25,1769,14.06.–21.06.,AfD,10
BT03220625L,Verian,2022-06-25,1769,14.06.–21.06.,BSW,NA
BT05220625H,INSA,2022-06-25,1414,20.06.–24.06.,CDUCSU,26
BT05220625H,INSA,2022-06-25,1414,20.06.–24.06.,SPD,20
BT05220625H,INSA,2022-06-25,1414,20.06.–24.06.,Gruene,22
BT05220625H,INSA,2022-06-25,1414,20.06.–24.06.,FDP,9
BT05220625H,INSA,2022-06-25,1414,20.06.–24.06.,Linke,4
BT05220625H,INSA,2022-06-25,1414,20.06.–24.06.,AfD,11
BT05220625H,INSA,2022-06-25,1414,20.06.–24.06.,BSW,NA
BT05220627I,INSA,2022-06-27,2101,24.06.–27.06.,CDUCSU,27
BT05220627I,INSA,2022-06-27,2101,24.06.–27.06.,SPD,20
BT05220627I,INSA,2022-06-27,2101,24.06.–27.06.,Gruene,21.5
BT05220627I,INSA,2022-06-27,2101,24.06.–27.06.,FDP,9
BT05220627I,INSA,2022-06-27,2101,24.06.–27.06.,Linke,4
BT05220627I,INSA,2022-06-27,2101,24.06.–27.06.,AfD,10.5
BT05220627I,INSA,2022-06-27,2101,24.06.–27.06.,BSW,NA
BT02220628G,Forsa,2022-06-28,2500,21.06.–27.06.,CDUCSU,26
BT02220628G,Forsa,2022-06-28,2500,21.06.–27.06.,SPD,20
BT02220628G,Forsa,2022-06-28,2500,21.06.–27.06.,Gruene,24
BT02220628G,Forsa,2022-06-28,2500,21.06.–27.06.,FDP,8
BT02220628G,Forsa,2022-06-28,2500,21.06.–27.06.,Linke,4
BT02220628G,Forsa,2022-06-28,2500,21.06.–27.06.,AfD,9
BT02220628G,Forsa,2022-06-28,2500,21.06.–27.06.,BSW,NA
BT06220701D,Forschungsgruppe Wahlen,2022-07-01,1186,28.06.–30.06.,CDUCSU,27
BT06220701D,Forschungsgruppe Wahlen,2022-07-01,1186,28.06.–30.06.,SPD,21
BT06220701D,Forschungsgruppe Wahlen,2022-07-01,1186,28.06.–30.06.,Gruene,25
BT06220701D,Forschungsgruppe Wahlen,2022-07-01,1186,28.06.–30.06.,FDP,6
BT06220701D,Forschungsgruppe Wahlen,2022-07-01,1186,28.06.–30.06.,Linke,5
BT06220701D,Forschungsgruppe Wahlen,2022-07-01,1186,28.06.–30.06.,AfD,10
BT06220701D,Forschungsgruppe Wahlen,2022-07-01,1186,28.06.–30.06.,BSW,NA
BT03220702M,Verian,2022-07-02,1410,21.06.–28.06.,CDUCSU,26
BT03220702M,Verian,2022-07-02,1410,21.06.–28.06.,SPD,20
BT03220702M,Verian,2022-07-02,1410,21.06.–28.06.,Gruene,25
BT03220702M,Verian,2022-07-02,1410,21.06.–28.06.,FDP,8
BT03220702M,Verian,2022-07-02,1410,21.06.–28.06.,Linke,4
BT03220702M,Verian,2022-07-02,1410,21.06.–28.06.,AfD,10
BT03220702M,Verian,2022-07-02,1410,21.06.–28.06.,BSW,NA
BT05220702J,INSA,2022-07-02,1253,27.06.–01.07.,CDUCSU,27
BT05220702J,INSA,2022-07-02,1253,27.06.–01.07.,SPD,20
BT05220702J,INSA,2022-07-02,1253,27.06.–01.07.,Gruene,22
BT05220702J,INSA,2022-07-02,1253,27.06.–01.07.,FDP,9
BT05220702J,INSA,2022-07-02,1253,27.06.–01.07.,Linke,4
BT05220702J,INSA,2022-07-02,1253,27.06.–01.07.,AfD,11
BT05220702J,INSA,2022-07-02,1253,27.06.–01.07.,BSW,NA
BT05220704K,INSA,2022-07-04,2066,01.07.–04.07.,CDUCSU,28
BT05220704K,INSA,2022-07-04,2066,01.07.–04.07.,SPD,19
BT05220704K,INSA,2022-07-04,2066,01.07.–04.07.,Gruene,21
BT05220704K,INSA,2022-07-04,2066,01.07.–04.07.,FDP,9.5
BT05220704K,INSA,2022-07-04,2066,01.07.–04.07.,Linke,4
BT05220704K,INSA,2022-07-04,2066,01.07.–04.07.,AfD,11
BT05220704K,INSA,2022-07-04,2066,01.07.–04.07.,BSW,NA
BT02220705H,Forsa,2022-07-05,2502,28.06.–02.07.,CDUCSU,26
BT02220705H,Forsa,2022-07-05,2502,28.06.–02.07.,SPD,20
BT02220705H,Forsa,2022-07-05,2502,28.06.–02.07.,Gruene,24
BT02220705H,Forsa,2022-07-05,2502,28.06.–02.07.,FDP,8
BT02220705H,Forsa,2022-07-05,2502,28.06.–02.07.,Linke,4
BT02220705H,Forsa,2022-07-05,2502,28.06.–02.07.,AfD,9
BT02220705H,Forsa,2022-07-05,2502,28.06.–02.07.,BSW,NA
BT01220707N,Infratest dimap,2022-07-07,1327,04.07.–06.07.,CDUCSU,27
BT01220707N,Infratest dimap,2022-07-07,1327,04.07.–06.07.,SPD,19
BT01220707N,Infratest dimap,2022-07-07,1327,04.07.–06.07.,Gruene,23
BT01220707N,Infratest dimap,2022-07-07,1327,04.07.–06.07.,FDP,8
BT01220707N,Infratest dimap,2022-07-07,1327,04.07.–06.07.,Linke,4
BT01220707N,Infratest dimap,2022-07-07,1327,04.07.–06.07.,AfD,11
BT01220707N,Infratest dimap,2022-07-07,1327,04.07.–06.07.,BSW,NA
BT13220708T,YouGov,2022-07-08,1655,01.07.–05.07.,CDUCSU,28
BT13220708T,YouGov,2022-07-08,1655,01.07.–05.07.,SPD,19
BT13220708T,YouGov,2022-07-08,1655,01.07.–05.07.,Gruene,20
BT13220708T,YouGov,2022-07-08,1655,01.07.–05.07.,FDP,7
BT13220708T,YouGov,2022-07-08,1655,01.07.–05.07.,Linke,5
BT13220708T,YouGov,2022-07-08,1655,01.07.–05.07.,AfD,12
BT13220708T,YouGov,2022-07-08,1655,01.07.–05.07.,BSW,NA
BT03220709N,Verian,2022-07-09,1426,28.06.–05.07.,CDUCSU,25
BT03220709N,Verian,2022-07-09,1426,28.06.–05.07.,SPD,20
BT03220709N,Verian,2022-07-09,1426,28.06.–05.07.,Gruene,24
BT03220709N,Verian,2022-07-09,1426,28.06.–05.07.,FDP,7
BT03220709N,Verian,2022-07-09,1426,28.06.–05.07.,Linke,5
BT03220709N,Verian,2022-07-09,1426,28.06.–05.07.,AfD,10
BT03220709N,Verian,2022-07-09,1426,28.06.–05.07.,BSW,NA
BT05220710L,INSA,2022-07-10,1202,04.07.–08.07.,CDUCSU,28
BT05220710L,INSA,2022-07-10,1202,04.07.–08.07.,SPD,19
BT05220710L,INSA,2022-07-10,1202,04.07.–08.07.,Gruene,22
BT05220710L,INSA,2022-07-10,1202,04.07.–08.07.,FDP,8
BT05220710L,INSA,2022-07-10,1202,04.07.–08.07.,Linke,4
BT05220710L,INSA,2022-07-10,1202,04.07.–08.07.,AfD,10
BT05220710L,INSA,2022-07-10,1202,04.07.–08.07.,BSW,NA
BT02220712I,Forsa,2022-07-12,2503,05.07.–11.07.,CDUCSU,26
BT02220712I,Forsa,2022-07-12,2503,05.07.–11.07.,SPD,19
BT02220712I,Forsa,2022-07-12,2503,05.07.–11.07.,Gruene,24
BT02220712I,Forsa,2022-07-12,2503,05.07.–11.07.,FDP,7
BT02220712I,Forsa,2022-07-12,2503,05.07.–11.07.,Linke,5
BT02220712I,Forsa,2022-07-12,2503,05.07.–11.07.,AfD,9
BT02220712I,Forsa,2022-07-12,2503,05.07.–11.07.,BSW,NA
BT05220712M,INSA,2022-07-12,2044,08.07.–11.07.,CDUCSU,27
BT05220712M,INSA,2022-07-12,2044,08.07.–11.07.,SPD,20
BT05220712M,INSA,2022-07-12,2044,08.07.–11.07.,Gruene,21
BT05220712M,INSA,2022-07-12,2044,08.07.–11.07.,FDP,8.5
BT05220712M,INSA,2022-07-12,2044,08.07.–11.07.,Linke,4.5
BT05220712M,INSA,2022-07-12,2044,08.07.–11.07.,AfD,11
BT05220712M,INSA,2022-07-12,2044,08.07.–11.07.,BSW,NA
BT06220715E,Forschungsgruppe Wahlen,2022-07-15,1167,12.07.–14.07.,CDUCSU,26
BT06220715E,Forschungsgruppe Wahlen,2022-07-15,1167,12.07.–14.07.,SPD,21
BT06220715E,Forschungsgruppe Wahlen,2022-07-15,1167,12.07.–14.07.,Gruene,25
BT06220715E,Forschungsgruppe Wahlen,2022-07-15,1167,12.07.–14.07.,FDP,6
BT06220715E,Forschungsgruppe Wahlen,2022-07-15,1167,12.07.–14.07.,Linke,5
BT06220715E,Forschungsgruppe Wahlen,2022-07-15,1167,12.07.–14.07.,AfD,11
BT06220715E,Forschungsgruppe Wahlen,2022-07-15,1167,12.07.–14.07.,BSW,NA
BT03220716O,Verian,2022-07-16,1433,06.07.–12.07.,CDUCSU,25
BT03220716O,Verian,2022-07-16,1433,06.07.–12.07.,SPD,20
BT03220716O,Verian,2022-07-16,1433,06.07.–12.07.,Gruene,24
BT03220716O,Verian,2022-07-16,1433,06.07.–12.07.,FDP,8
BT03220716O,Verian,2022-07-16,1433,06.07.–12.07.,Linke,4
BT03220716O,Verian,2022-07-16,1433,06.07.–12.07.,AfD,11
BT03220716O,Verian,2022-07-16,1433,06.07.–12.07.,BSW,NA
BT05220716N,INSA,2022-07-16,1277,11.07.–15.07.,CDUCSU,26
BT05220716N,INSA,2022-07-16,1277,11.07.–15.07.,SPD,19
BT05220716N,INSA,2022-07-16,1277,11.07.–15.07.,Gruene,22
BT05220716N,INSA,2022-07-16,1277,11.07.–15.07.,FDP,8
BT05220716N,INSA,2022-07-16,1277,11.07.–15.07.,Linke,5
BT05220716N,INSA,2022-07-16,1277,11.07.–15.07.,AfD,11
BT05220716N,INSA,2022-07-16,1277,11.07.–15.07.,BSW,NA
BT05220718O,INSA,2022-07-18,2062,15.07.–18.07.,CDUCSU,26.5
BT05220718O,INSA,2022-07-18,2062,15.07.–18.07.,SPD,18.5
BT05220718O,INSA,2022-07-18,2062,15.07.–18.07.,Gruene,22
BT05220718O,INSA,2022-07-18,2062,15.07.–18.07.,FDP,8
BT05220718O,INSA,2022-07-18,2062,15.07.–18.07.,Linke,4.5
BT05220718O,INSA,2022-07-18,2062,15.07.–18.07.,AfD,12
BT05220718O,INSA,2022-07-18,2062,15.07.–18.07.,BSW,NA
BT02220719J,Forsa,2022-07-19,2501,12.07.–18.07.,CDUCSU,26
BT02220719J,Forsa,2022-07-19,2501,12.07.–18.07.,SPD,20
BT02220719J,Forsa,2022-07-19,2501,12.07.–18.07.,Gruene,24
BT02220719J,Forsa,2022-07-19,2501,12.07.–18.07.,FDP,6
BT02220719J,Forsa,2022-07-19,2501,12.07.–18.07.,Linke,5
BT02220719J,Forsa,2022-07-19,2501,12.07.–18.07.,AfD,9
BT02220719J,Forsa,2022-07-19,2501,12.07.–18.07.,BSW,NA
BT01220721O,Infratest dimap,2022-07-21,1210,19.07.–20.07.,CDUCSU,27
BT01220721O,Infratest dimap,2022-07-21,1210,19.07.–20.07.,SPD,19
BT01220721O,Infratest dimap,2022-07-21,1210,19.07.–20.07.,Gruene,22
BT01220721O,Infratest dimap,2022-07-21,1210,19.07.–20.07.,FDP,7
BT01220721O,Infratest dimap,2022-07-21,1210,19.07.–20.07.,Linke,4
BT01220721O,Infratest dimap,2022-07-21,1210,19.07.–20.07.,AfD,12
BT01220721O,Infratest dimap,2022-07-21,1210,19.07.–20.07.,BSW,NA
BT03220723P,Verian,2022-07-23,1392,13.07.–19.07.,CDUCSU,25
BT03220723P,Verian,2022-07-23,1392,13.07.–19.07.,SPD,19
BT03220723P,Verian,2022-07-23,1392,13.07.–19.07.,Gruene,23
BT03220723P,Verian,2022-07-23,1392,13.07.–19.07.,FDP,8
BT03220723P,Verian,2022-07-23,1392,13.07.–19.07.,Linke,5
BT03220723P,Verian,2022-07-23,1392,13.07.–19.07.,AfD,11
BT03220723P,Verian,2022-07-23,1392,13.07.–19.07.,BSW,NA
BT05220723P,INSA,2022-07-23,1501,18.07.–22.07.,CDUCSU,27
BT05220723P,INSA,2022-07-23,1501,18.07.–22.07.,SPD,18
BT05220723P,INSA,2022-07-23,1501,18.07.–22.07.,Gruene,23
BT05220723P,INSA,2022-07-23,1501,18.07.–22.07.,FDP,8
BT05220723P,INSA,2022-07-23,1501,18.07.–22.07.,Linke,5
BT05220723P,INSA,2022-07-23,1501,18.07.–22.07.,AfD,12
BT05220723P,INSA,2022-07-23,1501,18.07.–22.07.,BSW,NA
BT05220725Q,INSA,2022-07-25,2043,22.07.–25.07.,CDUCSU,26.5
BT05220725Q,INSA,2022-07-25,2043,22.07.–25.07.,SPD,18.5
BT05220725Q,INSA,2022-07-25,2043,22.07.–25.07.,Gruene,22
BT05220725Q,INSA,2022-07-25,2043,22.07.–25.07.,FDP,8
BT05220725Q,INSA,2022-07-25,2043,22.07.–25.07.,Linke,5
BT05220725Q,INSA,2022-07-25,2043,22.07.–25.07.,AfD,12
BT05220725Q,INSA,2022-07-25,2043,22.07.–25.07.,BSW,NA
BT02220726K,Forsa,2022-07-26,2510,19.07.–25.07.,CDUCSU,26
BT02220726K,Forsa,2022-07-26,2510,19.07.–25.07.,SPD,19
BT02220726K,Forsa,2022-07-26,2510,19.07.–25.07.,Gruene,24
BT02220726K,Forsa,2022-07-26,2510,19.07.–25.07.,FDP,6
BT02220726K,Forsa,2022-07-26,2510,19.07.–25.07.,Linke,5
BT02220726K,Forsa,2022-07-26,2510,19.07.–25.07.,AfD,10
BT02220726K,Forsa,2022-07-26,2510,19.07.–25.07.,BSW,NA
BT09220727I,Allensbach,2022-07-27,1006,08.07.–21.07.,CDUCSU,27.5
BT09220727I,Allensbach,2022-07-27,1006,08.07.–21.07.,SPD,22
BT09220727I,Allensbach,2022-07-27,1006,08.07.–21.07.,Gruene,22
BT09220727I,Allensbach,2022-07-27,1006,08.07.–21.07.,FDP,7
BT09220727I,Allensbach,2022-07-27,1006,08.07.–21.07.,Linke,5
BT09220727I,Allensbach,2022-07-27,1006,08.07.–21.07.,AfD,11
BT09220727I,Allensbach,2022-07-27,1006,08.07.–21.07.,BSW,NA
BT04220727D,GMS,2022-07-27,1005,20.07.–25.07.,CDUCSU,27
BT04220727D,GMS,2022-07-27,1005,20.07.–25.07.,SPD,18
BT04220727D,GMS,2022-07-27,1005,20.07.–25.07.,Gruene,23
BT04220727D,GMS,2022-07-27,1005,20.07.–25.07.,FDP,9
BT04220727D,GMS,2022-07-27,1005,20.07.–25.07.,Linke,5
BT04220727D,GMS,2022-07-27,1005,20.07.–25.07.,AfD,10
BT04220727D,GMS,2022-07-27,1005,20.07.–25.07.,BSW,NA
BT03220730Q,Verian,2022-07-30,1413,19.07.–26.07.,CDUCSU,26
BT03220730Q,Verian,2022-07-30,1413,19.07.–26.07.,SPD,21
BT03220730Q,Verian,2022-07-30,1413,19.07.–26.07.,Gruene,22
BT03220730Q,Verian,2022-07-30,1413,19.07.–26.07.,FDP,7
BT03220730Q,Verian,2022-07-30,1413,19.07.–26.07.,Linke,5
BT03220730Q,Verian,2022-07-30,1413,19.07.–26.07.,AfD,11
BT03220730Q,Verian,2022-07-30,1413,19.07.–26.07.,BSW,NA
BT05220730R,INSA,2022-07-30,1202,25.07.–29.07.,CDUCSU,26
BT05220730R,INSA,2022-07-30,1202,25.07.–29.07.,SPD,19
BT05220730R,INSA,2022-07-30,1202,25.07.–29.07.,Gruene,22
BT05220730R,INSA,2022-07-30,1202,25.07.–29.07.,FDP,9
BT05220730R,INSA,2022-07-30,1202,25.07.–29.07.,Linke,5
BT05220730R,INSA,2022-07-30,1202,25.07.–29.07.,AfD,12
BT05220730R,INSA,2022-07-30,1202,25.07.–29.07.,BSW,NA
BT05220801S,INSA,2022-08-01,2144,29.07.–01.08.,CDUCSU,26.5
BT05220801S,INSA,2022-08-01,2144,29.07.–01.08.,SPD,18.5
BT05220801S,INSA,2022-08-01,2144,29.07.–01.08.,Gruene,22
BT05220801S,INSA,2022-08-01,2144,29.07.–01.08.,FDP,8
BT05220801S,INSA,2022-08-01,2144,29.07.–01.08.,Linke,5
BT05220801S,INSA,2022-08-01,2144,29.07.–01.08.,AfD,12
BT05220801S,INSA,2022-08-01,2144,29.07.–01.08.,BSW,NA
BT02220802L,Forsa,2022-08-02,2504,26.07.–01.08.,CDUCSU,27
BT02220802L,Forsa,2022-08-02,2504,26.07.–01.08.,SPD,18
BT02220802L,Forsa,2022-08-02,2504,26.07.–01.08.,Gruene,24
BT02220802L,Forsa,2022-08-02,2504,26.07.–01.08.,FDP,7
BT02220802L,Forsa,2022-08-02,2504,26.07.–01.08.,Linke,5
BT02220802L,Forsa,2022-08-02,2504,26.07.–01.08.,AfD,10
BT02220802L,Forsa,2022-08-02,2504,26.07.–01.08.,BSW,NA
BT01220804P,Infratest dimap,2022-08-04,1313,01.08.–03.08.,CDUCSU,28
BT01220804P,Infratest dimap,2022-08-04,1313,01.08.–03.08.,SPD,17
BT01220804P,Infratest dimap,2022-08-04,1313,01.08.–03.08.,Gruene,23
BT01220804P,Infratest dimap,2022-08-04,1313,01.08.–03.08.,FDP,7
BT01220804P,Infratest dimap,2022-08-04,1313,01.08.–03.08.,Linke,4
BT01220804P,Infratest dimap,2022-08-04,1313,01.08.–03.08.,AfD,13
BT01220804P,Infratest dimap,2022-08-04,1313,01.08.–03.08.,BSW,NA
BT03220806R,Verian,2022-08-06,1426,26.07.–02.08.,CDUCSU,25
BT03220806R,Verian,2022-08-06,1426,26.07.–02.08.,SPD,21
BT03220806R,Verian,2022-08-06,1426,26.07.–02.08.,Gruene,23
BT03220806R,Verian,2022-08-06,1426,26.07.–02.08.,FDP,6
BT03220806R,Verian,2022-08-06,1426,26.07.–02.08.,Linke,5
BT03220806R,Verian,2022-08-06,1426,26.07.–02.08.,AfD,11
BT03220806R,Verian,2022-08-06,1426,26.07.–02.08.,BSW,NA
BT05220806T,INSA,2022-08-06,1701,01.08.–05.08.,CDUCSU,27
BT05220806T,INSA,2022-08-06,1701,01.08.–05.08.,SPD,19
BT05220806T,INSA,2022-08-06,1701,01.08.–05.08.,Gruene,21
BT05220806T,INSA,2022-08-06,1701,01.08.–05.08.,FDP,9
BT05220806T,INSA,2022-08-06,1701,01.08.–05.08.,Linke,5
BT05220806T,INSA,2022-08-06,1701,01.08.–05.08.,AfD,12
BT05220806T,INSA,2022-08-06,1701,01.08.–05.08.,BSW,NA
BT05220808U,INSA,2022-08-08,2099,05.08.–08.08.,CDUCSU,27
BT05220808U,INSA,2022-08-08,2099,05.08.–08.08.,SPD,18
BT05220808U,INSA,2022-08-08,2099,05.08.–08.08.,Gruene,21.5
BT05220808U,INSA,2022-08-08,2099,05.08.–08.08.,FDP,8
BT05220808U,INSA,2022-08-08,2099,05.08.–08.08.,Linke,5.5
BT05220808U,INSA,2022-08-08,2099,05.08.–08.08.,AfD,12.5
BT05220808U,INSA,2022-08-08,2099,05.08.–08.08.,BSW,NA
BT02220809M,Forsa,2022-08-09,2504,02.08.–08.08.,CDUCSU,26
BT02220809M,Forsa,2022-08-09,2504,02.08.–08.08.,SPD,18
BT02220809M,Forsa,2022-08-09,2504,02.08.–08.08.,Gruene,24
BT02220809M,Forsa,2022-08-09,2504,02.08.–08.08.,FDP,7
BT02220809M,Forsa,2022-08-09,2504,02.08.–08.08.,Linke,5
BT02220809M,Forsa,2022-08-09,2504,02.08.–08.08.,AfD,10
BT02220809M,Forsa,2022-08-09,2504,02.08.–08.08.,BSW,NA
BT06220812F,Forschungsgruppe Wahlen,2022-08-12,1389,09.08.–11.08.,CDUCSU,26
BT06220812F,Forschungsgruppe Wahlen,2022-08-12,1389,09.08.–11.08.,SPD,19
BT06220812F,Forschungsgruppe Wahlen,2022-08-12,1389,09.08.–11.08.,Gruene,26
BT06220812F,Forschungsgruppe Wahlen,2022-08-12,1389,09.08.–11.08.,FDP,7
BT06220812F,Forschungsgruppe Wahlen,2022-08-12,1389,09.08.–11.08.,Linke,4
BT06220812F,Forschungsgruppe Wahlen,2022-08-12,1389,09.08.–11.08.,AfD,12
BT06220812F,Forschungsgruppe Wahlen,2022-08-12,1389,09.08.–11.08.,BSW,NA
BT13220812U,YouGov,2022-08-12,1595,05.08.–10.08.,CDUCSU,27
BT13220812U,YouGov,2022-08-12,1595,05.08.–10.08.,SPD,19
BT13220812U,YouGov,2022-08-12,1595,05.08.–10.08.,Gruene,21
BT13220812U,YouGov,2022-08-12,1595,05.08.–10.08.,FDP,6
BT13220812U,YouGov,2022-08-12,1595,05.08.–10.08.,Linke,6
BT13220812U,YouGov,2022-08-12,1595,05.08.–10.08.,AfD,14
BT13220812U,YouGov,2022-08-12,1595,05.08.–10.08.,BSW,NA
BT03220813S,Verian,2022-08-13,1422,03.08.–09.08.,CDUCSU,27
BT03220813S,Verian,2022-08-13,1422,03.08.–09.08.,SPD,21
BT03220813S,Verian,2022-08-13,1422,03.08.–09.08.,Gruene,22
BT03220813S,Verian,2022-08-13,1422,03.08.–09.08.,FDP,7
BT03220813S,Verian,2022-08-13,1422,03.08.–09.08.,Linke,5
BT03220813S,Verian,2022-08-13,1422,03.08.–09.08.,AfD,11
BT03220813S,Verian,2022-08-13,1422,03.08.–09.08.,BSW,NA
BT05220813V,INSA,2022-08-13,1502,05.08.–12.08.,CDUCSU,27
BT05220813V,INSA,2022-08-13,1502,05.08.–12.08.,SPD,19
BT05220813V,INSA,2022-08-13,1502,05.08.–12.08.,Gruene,22
BT05220813V,INSA,2022-08-13,1502,05.08.–12.08.,FDP,9
BT05220813V,INSA,2022-08-13,1502,05.08.–12.08.,Linke,5
BT05220813V,INSA,2022-08-13,1502,05.08.–12.08.,AfD,12
BT05220813V,INSA,2022-08-13,1502,05.08.–12.08.,BSW,NA
BT05220815W,INSA,2022-08-15,2146,12.08.–15.08.,CDUCSU,28
BT05220815W,INSA,2022-08-15,2146,12.08.–15.08.,SPD,19
BT05220815W,INSA,2022-08-15,2146,12.08.–15.08.,Gruene,22
BT05220815W,INSA,2022-08-15,2146,12.08.–15.08.,FDP,8
BT05220815W,INSA,2022-08-15,2146,12.08.–15.08.,Linke,5
BT05220815W,INSA,2022-08-15,2146,12.08.–15.08.,AfD,12
BT05220815W,INSA,2022-08-15,2146,12.08.–15.08.,BSW,NA
BT02220816N,Forsa,2022-08-16,2500,09.08.–15.08.,CDUCSU,26
BT02220816N,Forsa,2022-08-16,2500,09.08.–15.08.,SPD,18
BT02220816N,Forsa,2022-08-16,2500,09.08.–15.08.,Gruene,25
BT02220816N,Forsa,2022-08-16,2500,09.08.–15.08.,FDP,6
BT02220816N,Forsa,2022-08-16,2500,09.08.–15.08.,Linke,4
BT02220816N,Forsa,2022-08-16,2500,09.08.–15.08.,AfD,11
BT02220816N,Forsa,2022-08-16,2500,09.08.–15.08.,BSW,NA
BT01220818Q,Infratest dimap,2022-08-18,1273,16.08.–17.08.,CDUCSU,28
BT01220818Q,Infratest dimap,2022-08-18,1273,16.08.–17.08.,SPD,18
BT01220818Q,Infratest dimap,2022-08-18,1273,16.08.–17.08.,Gruene,23
BT01220818Q,Infratest dimap,2022-08-18,1273,16.08.–17.08.,FDP,7
BT01220818Q,Infratest dimap,2022-08-18,1273,16.08.–17.08.,Linke,4
BT01220818Q,Infratest dimap,2022-08-18,1273,16.08.–17.08.,AfD,12
BT01220818Q,Infratest dimap,2022-08-18,1273,16.08.–17.08.,BSW,NA
BT03220820T,Verian,2022-08-20,1429,10.08.–16.08.,CDUCSU,28
BT03220820T,Verian,2022-08-20,1429,10.08.–16.08.,SPD,20
BT03220820T,Verian,2022-08-20,1429,10.08.–16.08.,Gruene,23
BT03220820T,Verian,2022-08-20,1429,10.08.–16.08.,FDP,6
BT03220820T,Verian,2022-08-20,1429,10.08.–16.08.,Linke,4
BT03220820T,Verian,2022-08-20,1429,10.08.–16.08.,AfD,12
BT03220820T,Verian,2022-08-20,1429,10.08.–16.08.,BSW,NA
BT05220820X,INSA,2022-08-20,1427,15.08.–19.08.,CDUCSU,28
BT05220820X,INSA,2022-08-20,1427,15.08.–19.08.,SPD,19
BT05220820X,INSA,2022-08-20,1427,15.08.–19.08.,Gruene,21
BT05220820X,INSA,2022-08-20,1427,15.08.–19.08.,FDP,8
BT05220820X,INSA,2022-08-20,1427,15.08.–19.08.,Linke,5
BT05220820X,INSA,2022-08-20,1427,15.08.–19.08.,AfD,12
BT05220820X,INSA,2022-08-20,1427,15.08.–19.08.,BSW,NA
BT05220822Y,INSA,2022-08-22,2091,19.08.–22.08.,CDUCSU,28
BT05220822Y,INSA,2022-08-22,2091,19.08.–22.08.,SPD,18.5
BT05220822Y,INSA,2022-08-22,2091,19.08.–22.08.,Gruene,21
BT05220822Y,INSA,2022-08-22,2091,19.08.–22.08.,FDP,7.5
BT05220822Y,INSA,2022-08-22,2091,19.08.–22.08.,Linke,5.5
BT05220822Y,INSA,2022-08-22,2091,19.08.–22.08.,AfD,13
BT05220822Y,INSA,2022-08-22,2091,19.08.–22.08.,BSW,NA
BT02220823O,Forsa,2022-08-23,2505,16.08.–22.08.,CDUCSU,26
BT02220823O,Forsa,2022-08-23,2505,16.08.–22.08.,SPD,18
BT02220823O,Forsa,2022-08-23,2505,16.08.–22.08.,Gruene,25
BT02220823O,Forsa,2022-08-23,2505,16.08.–22.08.,FDP,7
BT02220823O,Forsa,2022-08-23,2505,16.08.–22.08.,Linke,4
BT02220823O,Forsa,2022-08-23,2505,16.08.–22.08.,AfD,11
BT02220823O,Forsa,2022-08-23,2505,16.08.–22.08.,BSW,NA
BT09220824J,Allensbach,2022-08-24,1038,05.08.–08.08.,CDUCSU,29
BT09220824J,Allensbach,2022-08-24,1038,05.08.–08.08.,SPD,19.5
BT09220824J,Allensbach,2022-08-24,1038,05.08.–08.08.,Gruene,21
BT09220824J,Allensbach,2022-08-24,1038,05.08.–08.08.,FDP,8
BT09220824J,Allensbach,2022-08-24,1038,05.08.–08.08.,Linke,5
BT09220824J,Allensbach,2022-08-24,1038,05.08.–08.08.,AfD,12
BT09220824J,Allensbach,2022-08-24,1038,05.08.–08.08.,BSW,NA
BT03220827U,Verian,2022-08-27,1431,17.08.–23.08.,CDUCSU,26
BT03220827U,Verian,2022-08-27,1431,17.08.–23.08.,SPD,19
BT03220827U,Verian,2022-08-27,1431,17.08.–23.08.,Gruene,23
BT03220827U,Verian,2022-08-27,1431,17.08.–23.08.,FDP,7
BT03220827U,Verian,2022-08-27,1431,17.08.–23.08.,Linke,5
BT03220827U,Verian,2022-08-27,1431,17.08.–23.08.,AfD,12
BT03220827U,Verian,2022-08-27,1431,17.08.–23.08.,BSW,NA
BT05220827A,INSA,2022-08-27,1204,22.08.–26.08.,CDUCSU,28
BT05220827A,INSA,2022-08-27,1204,22.08.–26.08.,SPD,20
BT05220827A,INSA,2022-08-27,1204,22.08.–26.08.,Gruene,21
BT05220827A,INSA,2022-08-27,1204,22.08.–26.08.,FDP,8
BT05220827A,INSA,2022-08-27,1204,22.08.–26.08.,Linke,5
BT05220827A,INSA,2022-08-27,1204,22.08.–26.08.,AfD,12
BT05220827A,INSA,2022-08-27,1204,22.08.–26.08.,BSW,NA
BT05220829B,INSA,2022-08-29,2138,26.08.–29.08.,CDUCSU,27.5
BT05220829B,INSA,2022-08-29,2138,26.08.–29.08.,SPD,19
BT05220829B,INSA,2022-08-29,2138,26.08.–29.08.,Gruene,20.5
BT05220829B,INSA,2022-08-29,2138,26.08.–29.08.,FDP,8
BT05220829B,INSA,2022-08-29,2138,26.08.–29.08.,Linke,5.5
BT05220829B,INSA,2022-08-29,2138,26.08.–29.08.,AfD,13
BT05220829B,INSA,2022-08-29,2138,26.08.–29.08.,BSW,NA
BT02220830P,Forsa,2022-08-30,2503,23.08.–29.08.,CDUCSU,26
BT02220830P,Forsa,2022-08-30,2503,23.08.–29.08.,SPD,17
BT02220830P,Forsa,2022-08-30,2503,23.08.–29.08.,Gruene,25
BT02220830P,Forsa,2022-08-30,2503,23.08.–29.08.,FDP,7
BT02220830P,Forsa,2022-08-30,2503,23.08.–29.08.,Linke,5
BT02220830P,Forsa,2022-08-30,2503,23.08.–29.08.,AfD,11
BT02220830P,Forsa,2022-08-30,2503,23.08.–29.08.,BSW,NA
BT01220901R,Infratest dimap,2022-09-01,1324,29.08.–31.08.,CDUCSU,27
BT01220901R,Infratest dimap,2022-09-01,1324,29.08.–31.08.,SPD,17
BT01220901R,Infratest dimap,2022-09-01,1324,29.08.–31.08.,Gruene,22
BT01220901R,Infratest dimap,2022-09-01,1324,29.08.–31.08.,FDP,8
BT01220901R,Infratest dimap,2022-09-01,1324,29.08.–31.08.,Linke,5
BT01220901R,Infratest dimap,2022-09-01,1324,29.08.–31.08.,AfD,13
BT01220901R,Infratest dimap,2022-09-01,1324,29.08.–31.08.,BSW,NA
BT03220903V,Verian,2022-09-03,1411,24.08.–30.08.,CDUCSU,24
BT03220903V,Verian,2022-09-03,1411,24.08.–30.08.,SPD,21
BT03220903V,Verian,2022-09-03,1411,24.08.–30.08.,Gruene,22
BT03220903V,Verian,2022-09-03,1411,24.08.–30.08.,FDP,8
BT03220903V,Verian,2022-09-03,1411,24.08.–30.08.,Linke,5
BT03220903V,Verian,2022-09-03,1411,24.08.–30.08.,AfD,12
BT03220903V,Verian,2022-09-03,1411,24.08.–30.08.,BSW,NA
BT05220903C,INSA,2022-09-03,1203,29.08.–02.09.,CDUCSU,28
BT05220903C,INSA,2022-09-03,1203,29.08.–02.09.,SPD,19
BT05220903C,INSA,2022-09-03,1203,29.08.–02.09.,Gruene,20
BT05220903C,INSA,2022-09-03,1203,29.08.–02.09.,FDP,8
BT05220903C,INSA,2022-09-03,1203,29.08.–02.09.,Linke,5
BT05220903C,INSA,2022-09-03,1203,29.08.–02.09.,AfD,13
BT05220903C,INSA,2022-09-03,1203,29.08.–02.09.,BSW,NA
BT02220906Q,Forsa,2022-09-06,2500,30.08.–05.09.,CDUCSU,26
BT02220906Q,Forsa,2022-09-06,2500,30.08.–05.09.,SPD,18
BT02220906Q,Forsa,2022-09-06,2500,30.08.–05.09.,Gruene,24
BT02220906Q,Forsa,2022-09-06,2500,30.08.–05.09.,FDP,7
BT02220906Q,Forsa,2022-09-06,2500,30.08.–05.09.,Linke,5
BT02220906Q,Forsa,2022-09-06,2500,30.08.–05.09.,AfD,11
BT02220906Q,Forsa,2022-09-06,2500,30.08.–05.09.,BSW,NA
BT05220906D,INSA,2022-09-06,2004,02.09.–05.09.,CDUCSU,28
BT05220906D,INSA,2022-09-06,2004,02.09.–05.09.,SPD,18
BT05220906D,INSA,2022-09-06,2004,02.09.–05.09.,Gruene,20.5
BT05220906D,INSA,2022-09-06,2004,02.09.–05.09.,FDP,7.5
BT05220906D,INSA,2022-09-06,2004,02.09.–05.09.,Linke,5.5
BT05220906D,INSA,2022-09-06,2004,02.09.–05.09.,AfD,13.5
BT05220906D,INSA,2022-09-06,2004,02.09.–05.09.,BSW,NA
BT06220909G,Forschungsgruppe Wahlen,2022-09-09,1299,06.09.–08.09.,CDUCSU,28
BT06220909G,Forschungsgruppe Wahlen,2022-09-09,1299,06.09.–08.09.,SPD,19
BT06220909G,Forschungsgruppe Wahlen,2022-09-09,1299,06.09.–08.09.,Gruene,23
BT06220909G,Forschungsgruppe Wahlen,2022-09-09,1299,06.09.–08.09.,FDP,6
BT06220909G,Forschungsgruppe Wahlen,2022-09-09,1299,06.09.–08.09.,Linke,5
BT06220909G,Forschungsgruppe Wahlen,2022-09-09,1299,06.09.–08.09.,AfD,13
BT06220909G,Forschungsgruppe Wahlen,2022-09-09,1299,06.09.–08.09.,BSW,NA
BT03220910W,Verian,2022-09-10,1416,31.08.–06.09.,CDUCSU,25
BT03220910W,Verian,2022-09-10,1416,31.08.–06.09.,SPD,20
BT03220910W,Verian,2022-09-10,1416,31.08.–06.09.,Gruene,21
BT03220910W,Verian,2022-09-10,1416,31.08.–06.09.,FDP,8
BT03220910W,Verian,2022-09-10,1416,31.08.–06.09.,Linke,5
BT03220910W,Verian,2022-09-10,1416,31.08.–06.09.,AfD,12
BT03220910W,Verian,2022-09-10,1416,31.08.–06.09.,BSW,NA
BT05220910E,INSA,2022-09-10,1443,05.09.–09.09.,CDUCSU,27
BT05220910E,INSA,2022-09-10,1443,05.09.–09.09.,SPD,19
BT05220910E,INSA,2022-09-10,1443,05.09.–09.09.,Gruene,20
BT05220910E,INSA,2022-09-10,1443,05.09.–09.09.,FDP,8
BT05220910E,INSA,2022-09-10,1443,05.09.–09.09.,Linke,5
BT05220910E,INSA,2022-09-10,1443,05.09.–09.09.,AfD,13
BT05220910E,INSA,2022-09-10,1443,05.09.–09.09.,BSW,NA
BT05220912F,INSA,2022-09-12,2039,09.09.–12.09.,CDUCSU,28
BT05220912F,INSA,2022-09-12,2039,09.09.–12.09.,SPD,18
BT05220912F,INSA,2022-09-12,2039,09.09.–12.09.,Gruene,20
BT05220912F,INSA,2022-09-12,2039,09.09.–12.09.,FDP,8
BT05220912F,INSA,2022-09-12,2039,09.09.–12.09.,Linke,5.5
BT05220912F,INSA,2022-09-12,2039,09.09.–12.09.,AfD,13.5
BT05220912F,INSA,2022-09-12,2039,09.09.–12.09.,BSW,NA
BT02220913R,Forsa,2022-09-13,2501,06.09.–13.09.,CDUCSU,28
BT02220913R,Forsa,2022-09-13,2501,06.09.–13.09.,SPD,19
BT02220913R,Forsa,2022-09-13,2501,06.09.–13.09.,Gruene,20
BT02220913R,Forsa,2022-09-13,2501,06.09.–13.09.,FDP,6
BT02220913R,Forsa,2022-09-13,2501,06.09.–13.09.,Linke,5
BT02220913R,Forsa,2022-09-13,2501,06.09.–13.09.,AfD,13
BT02220913R,Forsa,2022-09-13,2501,06.09.–13.09.,BSW,NA
BT01220915S,Infratest dimap,2022-09-15,1224,13.09.–14.09.,CDUCSU,28
BT01220915S,Infratest dimap,2022-09-15,1224,13.09.–14.09.,SPD,17
BT01220915S,Infratest dimap,2022-09-15,1224,13.09.–14.09.,Gruene,21
BT01220915S,Infratest dimap,2022-09-15,1224,13.09.–14.09.,FDP,7
BT01220915S,Infratest dimap,2022-09-15,1224,13.09.–14.09.,Linke,5
BT01220915S,Infratest dimap,2022-09-15,1224,13.09.–14.09.,AfD,14
BT01220915S,Infratest dimap,2022-09-15,1224,13.09.–14.09.,BSW,NA
BT09220916K,Allensbach,2022-09-16,1030,01.09.–14.09.,CDUCSU,30
BT09220916K,Allensbach,2022-09-16,1030,01.09.–14.09.,SPD,20
BT09220916K,Allensbach,2022-09-16,1030,01.09.–14.09.,Gruene,19
BT09220916K,Allensbach,2022-09-16,1030,01.09.–14.09.,FDP,7
BT09220916K,Allensbach,2022-09-16,1030,01.09.–14.09.,Linke,5.5
BT09220916K,Allensbach,2022-09-16,1030,01.09.–14.09.,AfD,13
BT09220916K,Allensbach,2022-09-16,1030,01.09.–14.09.,BSW,NA
BT13220916V,YouGov,2022-09-16,1635,09.09.–13.09.,CDUCSU,29
BT13220916V,YouGov,2022-09-16,1635,09.09.–13.09.,SPD,16
BT13220916V,YouGov,2022-09-16,1635,09.09.–13.09.,Gruene,19
BT13220916V,YouGov,2022-09-16,1635,09.09.–13.09.,FDP,6
BT13220916V,YouGov,2022-09-16,1635,09.09.–13.09.,Linke,7
BT13220916V,YouGov,2022-09-16,1635,09.09.–13.09.,AfD,14
BT13220916V,YouGov,2022-09-16,1635,09.09.–13.09.,BSW,NA
BT03220917X,Verian,2022-09-17,1443,07.09.–13.09.,CDUCSU,26
BT03220917X,Verian,2022-09-17,1443,07.09.–13.09.,SPD,20
BT03220917X,Verian,2022-09-17,1443,07.09.–13.09.,Gruene,21
BT03220917X,Verian,2022-09-17,1443,07.09.–13.09.,FDP,7
BT03220917X,Verian,2022-09-17,1443,07.09.–13.09.,Linke,5
BT03220917X,Verian,2022-09-17,1443,07.09.–13.09.,AfD,13
BT03220917X,Verian,2022-09-17,1443,07.09.–13.09.,BSW,NA
BT05220917G,INSA,2022-09-17,1476,12.09.–16.09.,CDUCSU,28
BT05220917G,INSA,2022-09-17,1476,12.09.–16.09.,SPD,19
BT05220917G,INSA,2022-09-17,1476,12.09.–16.09.,Gruene,19
BT05220917G,INSA,2022-09-17,1476,12.09.–16.09.,FDP,7
BT05220917G,INSA,2022-09-17,1476,12.09.–16.09.,Linke,6
BT05220917G,INSA,2022-09-17,1476,12.09.–16.09.,AfD,13
BT05220917G,INSA,2022-09-17,1476,12.09.–16.09.,BSW,NA
BT02220920S,Forsa,2022-09-20,2506,13.09.–19.09.,CDUCSU,28
BT02220920S,Forsa,2022-09-20,2506,13.09.–19.09.,SPD,19
BT02220920S,Forsa,2022-09-20,2506,13.09.–19.09.,Gruene,19
BT02220920S,Forsa,2022-09-20,2506,13.09.–19.09.,FDP,7
BT02220920S,Forsa,2022-09-20,2506,13.09.–19.09.,Linke,5
BT02220920S,Forsa,2022-09-20,2506,13.09.–19.09.,AfD,13
BT02220920S,Forsa,2022-09-20,2506,13.09.–19.09.,BSW,NA
BT05220920H,INSA,2022-09-20,2080,16.09.–19.09.,CDUCSU,28.5
BT05220920H,INSA,2022-09-20,2080,16.09.–19.09.,SPD,18.5
BT05220920H,INSA,2022-09-20,2080,16.09.–19.09.,Gruene,19
BT05220920H,INSA,2022-09-20,2080,16.09.–19.09.,FDP,7.5
BT05220920H,INSA,2022-09-20,2080,16.09.–19.09.,Linke,5.5
BT05220920H,INSA,2022-09-20,2080,16.09.–19.09.,AfD,14
BT05220920H,INSA,2022-09-20,2080,16.09.–19.09.,BSW,NA
BT04220921E,GMS,2022-09-21,1003,14.09.–20.09.,CDUCSU,28
BT04220921E,GMS,2022-09-21,1003,14.09.–20.09.,SPD,18
BT04220921E,GMS,2022-09-21,1003,14.09.–20.09.,Gruene,21
BT04220921E,GMS,2022-09-21,1003,14.09.–20.09.,FDP,7
BT04220921E,GMS,2022-09-21,1003,14.09.–20.09.,Linke,4
BT04220921E,GMS,2022-09-21,1003,14.09.–20.09.,AfD,13
BT04220921E,GMS,2022-09-21,1003,14.09.–20.09.,BSW,NA
BT03220924Y,Verian,2022-09-24,1444,14.09.–20.09.,CDUCSU,27
BT03220924Y,Verian,2022-09-24,1444,14.09.–20.09.,SPD,19
BT03220924Y,Verian,2022-09-24,1444,14.09.–20.09.,Gruene,20
BT03220924Y,Verian,2022-09-24,1444,14.09.–20.09.,FDP,7
BT03220924Y,Verian,2022-09-24,1444,14.09.–20.09.,Linke,5
BT03220924Y,Verian,2022-09-24,1444,14.09.–20.09.,AfD,14
BT03220924Y,Verian,2022-09-24,1444,14.09.–20.09.,BSW,NA
BT05220924I,INSA,2022-09-24,1255,19.09.–23.09.,CDUCSU,28
BT05220924I,INSA,2022-09-24,1255,19.09.–23.09.,SPD,19
BT05220924I,INSA,2022-09-24,1255,19.09.–23.09.,Gruene,19
BT05220924I,INSA,2022-09-24,1255,19.09.–23.09.,FDP,8
BT05220924I,INSA,2022-09-24,1255,19.09.–23.09.,Linke,5
BT05220924I,INSA,2022-09-24,1255,19.09.–23.09.,AfD,14
BT05220924I,INSA,2022-09-24,1255,19.09.–23.09.,BSW,NA
BT05220926J,INSA,2022-09-26,2102,23.09.–26.09.,CDUCSU,27.5
BT05220926J,INSA,2022-09-26,2102,23.09.–26.09.,SPD,18
BT05220926J,INSA,2022-09-26,2102,23.09.–26.09.,Gruene,19.5
BT05220926J,INSA,2022-09-26,2102,23.09.–26.09.,FDP,8
BT05220926J,INSA,2022-09-26,2102,23.09.–26.09.,Linke,5.5
BT05220926J,INSA,2022-09-26,2102,23.09.–26.09.,AfD,15
BT05220926J,INSA,2022-09-26,2102,23.09.–26.09.,BSW,NA
BT02220927T,Forsa,2022-09-27,2505,20.09.–26.09.,CDUCSU,28
BT02220927T,Forsa,2022-09-27,2505,20.09.–26.09.,SPD,18
BT02220927T,Forsa,2022-09-27,2505,20.09.–26.09.,Gruene,20
BT02220927T,Forsa,2022-09-27,2505,20.09.–26.09.,FDP,7
BT02220927T,Forsa,2022-09-27,2505,20.09.–26.09.,Linke,5
BT02220927T,Forsa,2022-09-27,2505,20.09.–26.09.,AfD,13
BT02220927T,Forsa,2022-09-27,2505,20.09.–26.09.,BSW,NA
BT06220930H,Forschungsgruppe Wahlen,2022-09-30,1355,27.09.–29.09.,CDUCSU,27
BT06220930H,Forschungsgruppe Wahlen,2022-09-30,1355,27.09.–29.09.,SPD,18
BT06220930H,Forschungsgruppe Wahlen,2022-09-30,1355,27.09.–29.09.,Gruene,22
BT06220930H,Forschungsgruppe Wahlen,2022-09-30,1355,27.09.–29.09.,FDP,7
BT06220930H,Forschungsgruppe Wahlen,2022-09-30,1355,27.09.–29.09.,Linke,5
BT06220930H,Forschungsgruppe Wahlen,2022-09-30,1355,27.09.–29.09.,AfD,14
BT06220930H,Forschungsgruppe Wahlen,2022-09-30,1355,27.09.–29.09.,BSW,NA
BT03221001A,Verian,2022-10-01,1381,22.09.–27.09.,CDUCSU,27
BT03221001A,Verian,2022-10-01,1381,22.09.–27.09.,SPD,19
BT03221001A,Verian,2022-10-01,1381,22.09.–27.09.,Gruene,21
BT03221001A,Verian,2022-10-01,1381,22.09.–27.09.,FDP,8
BT03221001A,Verian,2022-10-01,1381,22.09.–27.09.,Linke,5
BT03221001A,Verian,2022-10-01,1381,22.09.–27.09.,AfD,13
BT03221001A,Verian,2022-10-01,1381,22.09.–27.09.,BSW,NA
BT05221001K,INSA,2022-10-01,1210,26.09.–30.09.,CDUCSU,28
BT05221001K,INSA,2022-10-01,1210,26.09.–30.09.,SPD,19
BT05221001K,INSA,2022-10-01,1210,26.09.–30.09.,Gruene,18
BT05221001K,INSA,2022-10-01,1210,26.09.–30.09.,FDP,8
BT05221001K,INSA,2022-10-01,1210,26.09.–30.09.,Linke,6
BT05221001K,INSA,2022-10-01,1210,26.09.–30.09.,AfD,15
BT05221001K,INSA,2022-10-01,1210,26.09.–30.09.,BSW,NA
BT02221004U,Forsa,2022-10-04,2001,27.09.–30.09.,CDUCSU,28
BT02221004U,Forsa,2022-10-04,2001,27.09.–30.09.,SPD,18
BT02221004U,Forsa,2022-10-04,2001,27.09.–30.09.,Gruene,20
BT02221004U,Forsa,2022-10-04,2001,27.09.–30.09.,FDP,6
BT02221004U,Forsa,2022-10-04,2001,27.09.–30.09.,Linke,5
BT02221004U,Forsa,2022-10-04,2001,27.09.–30.09.,AfD,14
BT02221004U,Forsa,2022-10-04,2001,27.09.–30.09.,BSW,NA
BT05221004L,INSA,2022-10-04,2008,29.09.–04.10.,CDUCSU,27.5
BT05221004L,INSA,2022-10-04,2008,29.09.–04.10.,SPD,19
BT05221004L,INSA,2022-10-04,2008,29.09.–04.10.,Gruene,18.5
BT05221004L,INSA,2022-10-04,2008,29.09.–04.10.,FDP,8
BT05221004L,INSA,2022-10-04,2008,29.09.–04.10.,Linke,5.5
BT05221004L,INSA,2022-10-04,2008,29.09.–04.10.,AfD,15
BT05221004L,INSA,2022-10-04,2008,29.09.–04.10.,BSW,NA
BT01221006T,Infratest dimap,2022-10-06,1307,03.10.–05.10.,CDUCSU,28
BT01221006T,Infratest dimap,2022-10-06,1307,03.10.–05.10.,SPD,17
BT01221006T,Infratest dimap,2022-10-06,1307,03.10.–05.10.,Gruene,19
BT01221006T,Infratest dimap,2022-10-06,1307,03.10.–05.10.,FDP,7
BT01221006T,Infratest dimap,2022-10-06,1307,03.10.–05.10.,Linke,5
BT01221006T,Infratest dimap,2022-10-06,1307,03.10.–05.10.,AfD,15
BT01221006T,Infratest dimap,2022-10-06,1307,03.10.–05.10.,BSW,NA
BT03221008B,Verian,2022-10-08,1864,28.09.–04.10.,CDUCSU,27
BT03221008B,Verian,2022-10-08,1864,28.09.–04.10.,SPD,18
BT03221008B,Verian,2022-10-08,1864,28.09.–04.10.,Gruene,20
BT03221008B,Verian,2022-10-08,1864,28.09.–04.10.,FDP,8
BT03221008B,Verian,2022-10-08,1864,28.09.–04.10.,Linke,6
BT03221008B,Verian,2022-10-08,1864,28.09.–04.10.,AfD,14
BT03221008B,Verian,2022-10-08,1864,28.09.–04.10.,BSW,NA
BT05221008M,INSA,2022-10-08,1315,04.10.–07.10.,CDUCSU,27
BT05221008M,INSA,2022-10-08,1315,04.10.–07.10.,SPD,19
BT05221008M,INSA,2022-10-08,1315,04.10.–07.10.,Gruene,19
BT05221008M,INSA,2022-10-08,1315,04.10.–07.10.,FDP,8
BT05221008M,INSA,2022-10-08,1315,04.10.–07.10.,Linke,5
BT05221008M,INSA,2022-10-08,1315,04.10.–07.10.,AfD,15
BT05221008M,INSA,2022-10-08,1315,04.10.–07.10.,BSW,NA
BT05221010N,INSA,2022-10-10,2005,07.10.–10.10.,CDUCSU,27.5
BT05221010N,INSA,2022-10-10,2005,07.10.–10.10.,SPD,19.5
BT05221010N,INSA,2022-10-10,2005,07.10.–10.10.,Gruene,19
BT05221010N,INSA,2022-10-10,2005,07.10.–10.10.,FDP,7.5
BT05221010N,INSA,2022-10-10,2005,07.10.–10.10.,Linke,5
BT05221010N,INSA,2022-10-10,2005,07.10.–10.10.,AfD,15
BT05221010N,INSA,2022-10-10,2005,07.10.–10.10.,BSW,NA
BT02221011V,Forsa,2022-10-11,2501,04.10.–10.10.,CDUCSU,28
BT02221011V,Forsa,2022-10-11,2501,04.10.–10.10.,SPD,18
BT02221011V,Forsa,2022-10-11,2501,04.10.–10.10.,Gruene,20
BT02221011V,Forsa,2022-10-11,2501,04.10.–10.10.,FDP,6
BT02221011V,Forsa,2022-10-11,2501,04.10.–10.10.,Linke,5
BT02221011V,Forsa,2022-10-11,2501,04.10.–10.10.,AfD,14
BT02221011V,Forsa,2022-10-11,2501,04.10.–10.10.,BSW,NA
BT01221013U,Infratest dimap,2022-10-13,1225,11.10.–12.10.,CDUCSU,26
BT01221013U,Infratest dimap,2022-10-13,1225,11.10.–12.10.,SPD,19
BT01221013U,Infratest dimap,2022-10-13,1225,11.10.–12.10.,Gruene,20
BT01221013U,Infratest dimap,2022-10-13,1225,11.10.–12.10.,FDP,6
BT01221013U,Infratest dimap,2022-10-13,1225,11.10.–12.10.,Linke,5
BT01221013U,Infratest dimap,2022-10-13,1225,11.10.–12.10.,AfD,15
BT01221013U,Infratest dimap,2022-10-13,1225,11.10.–12.10.,BSW,NA
BT13221014W,YouGov,2022-10-14,1617,07.10.–12.10.,CDUCSU,29
BT13221014W,YouGov,2022-10-14,1617,07.10.–12.10.,SPD,16
BT13221014W,YouGov,2022-10-14,1617,07.10.–12.10.,Gruene,19
BT13221014W,YouGov,2022-10-14,1617,07.10.–12.10.,FDP,6
BT13221014W,YouGov,2022-10-14,1617,07.10.–12.10.,Linke,6
BT13221014W,YouGov,2022-10-14,1617,07.10.–12.10.,AfD,15
BT13221014W,YouGov,2022-10-14,1617,07.10.–12.10.,BSW,NA
BT03221015C,Verian,2022-10-15,1433,05.10.–11.10.,CDUCSU,25
BT03221015C,Verian,2022-10-15,1433,05.10.–11.10.,SPD,20
BT03221015C,Verian,2022-10-15,1433,05.10.–11.10.,Gruene,21
BT03221015C,Verian,2022-10-15,1433,05.10.–11.10.,FDP,6
BT03221015C,Verian,2022-10-15,1433,05.10.–11.10.,Linke,5
BT03221015C,Verian,2022-10-15,1433,05.10.–11.10.,AfD,15
BT03221015C,Verian,2022-10-15,1433,05.10.–11.10.,BSW,NA
BT05221016O,INSA,2022-10-16,1327,10.10.–14.10.,CDUCSU,28
BT05221016O,INSA,2022-10-16,1327,10.10.–14.10.,SPD,19
BT05221016O,INSA,2022-10-16,1327,10.10.–14.10.,Gruene,18
BT05221016O,INSA,2022-10-16,1327,10.10.–14.10.,FDP,8
BT05221016O,INSA,2022-10-16,1327,10.10.–14.10.,Linke,5
BT05221016O,INSA,2022-10-16,1327,10.10.–14.10.,AfD,15
BT05221016O,INSA,2022-10-16,1327,10.10.–14.10.,BSW,NA
BT05221017Q,INSA,2022-10-17,2000,14.10.–17.10.,CDUCSU,27.5
BT05221017Q,INSA,2022-10-17,2000,14.10.–17.10.,SPD,19.5
BT05221017Q,INSA,2022-10-17,2000,14.10.–17.10.,Gruene,18.5
BT05221017Q,INSA,2022-10-17,2000,14.10.–17.10.,FDP,7.5
BT05221017Q,INSA,2022-10-17,2000,14.10.–17.10.,Linke,4.5
BT05221017Q,INSA,2022-10-17,2000,14.10.–17.10.,AfD,15.5
BT05221017Q,INSA,2022-10-17,2000,14.10.–17.10.,BSW,NA
BT02221018W,Forsa,2022-10-18,2505,11.10.–17.10.,CDUCSU,27
BT02221018W,Forsa,2022-10-18,2505,11.10.–17.10.,SPD,20
BT02221018W,Forsa,2022-10-18,2505,11.10.–17.10.,Gruene,20
BT02221018W,Forsa,2022-10-18,2505,11.10.–17.10.,FDP,6
BT02221018W,Forsa,2022-10-18,2505,11.10.–17.10.,Linke,4
BT02221018W,Forsa,2022-10-18,2505,11.10.–17.10.,AfD,14
BT02221018W,Forsa,2022-10-18,2505,11.10.–17.10.,BSW,NA
BT09221020L,Allensbach,2022-10-20,1021,01.10.–13.10.,CDUCSU,30.5
BT09221020L,Allensbach,2022-10-20,1021,01.10.–13.10.,SPD,19
BT09221020L,Allensbach,2022-10-20,1021,01.10.–13.10.,Gruene,19
BT09221020L,Allensbach,2022-10-20,1021,01.10.–13.10.,FDP,7
BT09221020L,Allensbach,2022-10-20,1021,01.10.–13.10.,Linke,5
BT09221020L,Allensbach,2022-10-20,1021,01.10.–13.10.,AfD,14
BT09221020L,Allensbach,2022-10-20,1021,01.10.–13.10.,BSW,NA
BT06221021I,Forschungsgruppe Wahlen,2022-10-21,1389,18.10.–20.10.,CDUCSU,28
BT06221021I,Forschungsgruppe Wahlen,2022-10-21,1389,18.10.–20.10.,SPD,19
BT06221021I,Forschungsgruppe Wahlen,2022-10-21,1389,18.10.–20.10.,Gruene,21
BT06221021I,Forschungsgruppe Wahlen,2022-10-21,1389,18.10.–20.10.,FDP,6
BT06221021I,Forschungsgruppe Wahlen,2022-10-21,1389,18.10.–20.10.,Linke,5
BT06221021I,Forschungsgruppe Wahlen,2022-10-21,1389,18.10.–20.10.,AfD,15
BT06221021I,Forschungsgruppe Wahlen,2022-10-21,1389,18.10.–20.10.,BSW,NA
BT03221022D,Verian,2022-10-22,1435,12.10.–18.10.,CDUCSU,23
BT03221022D,Verian,2022-10-22,1435,12.10.–18.10.,SPD,22
BT03221022D,Verian,2022-10-22,1435,12.10.–18.10.,Gruene,20
BT03221022D,Verian,2022-10-22,1435,12.10.–18.10.,FDP,7
BT03221022D,Verian,2022-10-22,1435,12.10.–18.10.,Linke,4
BT03221022D,Verian,2022-10-22,1435,12.10.–18.10.,AfD,16
BT03221022D,Verian,2022-10-22,1435,12.10.–18.10.,BSW,NA
BT05221023R,INSA,2022-10-23,1503,17.10.–21.10.,CDUCSU,27
BT05221023R,INSA,2022-10-23,1503,17.10.–21.10.,SPD,20
BT05221023R,INSA,2022-10-23,1503,17.10.–21.10.,Gruene,18
BT05221023R,INSA,2022-10-23,1503,17.10.–21.10.,FDP,8
BT05221023R,INSA,2022-10-23,1503,17.10.–21.10.,Linke,5
BT05221023R,INSA,2022-10-23,1503,17.10.–21.10.,AfD,15
BT05221023R,INSA,2022-10-23,1503,17.10.–21.10.,BSW,NA
BT02221025X,Forsa,2022-10-25,2502,18.10.–24.10.,CDUCSU,28
BT02221025X,Forsa,2022-10-25,2502,18.10.–24.10.,SPD,19
BT02221025X,Forsa,2022-10-25,2502,18.10.–24.10.,Gruene,20
BT02221025X,Forsa,2022-10-25,2502,18.10.–24.10.,FDP,6
BT02221025X,Forsa,2022-10-25,2502,18.10.–24.10.,Linke,4
BT02221025X,Forsa,2022-10-25,2502,18.10.–24.10.,AfD,14
BT02221025X,Forsa,2022-10-25,2502,18.10.–24.10.,BSW,NA
BT05221025S,INSA,2022-10-25,2007,21.10.–24.10.,CDUCSU,26.5
BT05221025S,INSA,2022-10-25,2007,21.10.–24.10.,SPD,20.5
BT05221025S,INSA,2022-10-25,2007,21.10.–24.10.,Gruene,17.5
BT05221025S,INSA,2022-10-25,2007,21.10.–24.10.,FDP,8.5
BT05221025S,INSA,2022-10-25,2007,21.10.–24.10.,Linke,4.5
BT05221025S,INSA,2022-10-25,2007,21.10.–24.10.,AfD,15
BT05221025S,INSA,2022-10-25,2007,21.10.–24.10.,BSW,NA
BT04221026F,GMS,2022-10-26,1002,19.10.–25.10.,CDUCSU,28
BT04221026F,GMS,2022-10-26,1002,19.10.–25.10.,SPD,18
BT04221026F,GMS,2022-10-26,1002,19.10.–25.10.,Gruene,20
BT04221026F,GMS,2022-10-26,1002,19.10.–25.10.,FDP,6
BT04221026F,GMS,2022-10-26,1002,19.10.–25.10.,Linke,4
BT04221026F,GMS,2022-10-26,1002,19.10.–25.10.,AfD,15
BT04221026F,GMS,2022-10-26,1002,19.10.–25.10.,BSW,NA
BT03221029E,Verian,2022-10-29,1406,19.10.–25.10.,CDUCSU,25
BT03221029E,Verian,2022-10-29,1406,19.10.–25.10.,SPD,21
BT03221029E,Verian,2022-10-29,1406,19.10.–25.10.,Gruene,20
BT03221029E,Verian,2022-10-29,1406,19.10.–25.10.,FDP,7
BT03221029E,Verian,2022-10-29,1406,19.10.–25.10.,Linke,5
BT03221029E,Verian,2022-10-29,1406,19.10.–25.10.,AfD,15
BT03221029E,Verian,2022-10-29,1406,19.10.–25.10.,BSW,NA
BT05221030T,INSA,2022-10-30,1230,24.10.–28.10.,CDUCSU,26
BT05221030T,INSA,2022-10-30,1230,24.10.–28.10.,SPD,20
BT05221030T,INSA,2022-10-30,1230,24.10.–28.10.,Gruene,18
BT05221030T,INSA,2022-10-30,1230,24.10.–28.10.,FDP,9
BT05221030T,INSA,2022-10-30,1230,24.10.–28.10.,Linke,5
BT05221030T,INSA,2022-10-30,1230,24.10.–28.10.,AfD,15
BT05221030T,INSA,2022-10-30,1230,24.10.–28.10.,BSW,NA
BT05221101U,INSA,2022-11-01,2009,28.10.–31.10.,CDUCSU,26
BT05221101U,INSA,2022-11-01,2009,28.10.–31.10.,SPD,20.5
BT05221101U,INSA,2022-11-01,2009,28.10.–31.10.,Gruene,18
BT05221101U,INSA,2022-11-01,2009,28.10.–31.10.,FDP,9
BT05221101U,INSA,2022-11-01,2009,28.10.–31.10.,Linke,4.5
BT05221101U,INSA,2022-11-01,2009,28.10.–31.10.,AfD,15
BT05221101U,INSA,2022-11-01,2009,28.10.–31.10.,BSW,NA
BT02221102Y,Forsa,2022-11-02,2503,25.10.–31.10.,CDUCSU,27
BT02221102Y,Forsa,2022-11-02,2503,25.10.–31.10.,SPD,20
BT02221102Y,Forsa,2022-11-02,2503,25.10.–31.10.,Gruene,20
BT02221102Y,Forsa,2022-11-02,2503,25.10.–31.10.,FDP,6
BT02221102Y,Forsa,2022-11-02,2503,25.10.–31.10.,Linke,4
BT02221102Y,Forsa,2022-11-02,2503,25.10.–31.10.,AfD,14
BT02221102Y,Forsa,2022-11-02,2503,25.10.–31.10.,BSW,NA
BT01221103V,Infratest dimap,2022-11-03,1307,31.10.–02.11.,CDUCSU,28
BT01221103V,Infratest dimap,2022-11-03,1307,31.10.–02.11.,SPD,19
BT01221103V,Infratest dimap,2022-11-03,1307,31.10.–02.11.,Gruene,19
BT01221103V,Infratest dimap,2022-11-03,1307,31.10.–02.11.,FDP,6
BT01221103V,Infratest dimap,2022-11-03,1307,31.10.–02.11.,Linke,5
BT01221103V,Infratest dimap,2022-11-03,1307,31.10.–02.11.,AfD,14
BT01221103V,Infratest dimap,2022-11-03,1307,31.10.–02.11.,BSW,NA
BT03221105F,Verian,2022-11-05,1516,25.10.–02.11.,CDUCSU,26
BT03221105F,Verian,2022-11-05,1516,25.10.–02.11.,SPD,21
BT03221105F,Verian,2022-11-05,1516,25.10.–02.11.,Gruene,19
BT03221105F,Verian,2022-11-05,1516,25.10.–02.11.,FDP,8
BT03221105F,Verian,2022-11-05,1516,25.10.–02.11.,Linke,5
BT03221105F,Verian,2022-11-05,1516,25.10.–02.11.,AfD,14
BT03221105F,Verian,2022-11-05,1516,25.10.–02.11.,BSW,NA
BT05221106V,INSA,2022-11-06,1286,01.11.–04.11.,CDUCSU,27
BT05221106V,INSA,2022-11-06,1286,01.11.–04.11.,SPD,21
BT05221106V,INSA,2022-11-06,1286,01.11.–04.11.,Gruene,17
BT05221106V,INSA,2022-11-06,1286,01.11.–04.11.,FDP,8
BT05221106V,INSA,2022-11-06,1286,01.11.–04.11.,Linke,5
BT05221106V,INSA,2022-11-06,1286,01.11.–04.11.,AfD,15
BT05221106V,INSA,2022-11-06,1286,01.11.–04.11.,BSW,NA
BT05221107W,INSA,2022-11-07,2007,04.11.–07.11.,CDUCSU,27
BT05221107W,INSA,2022-11-07,2007,04.11.–07.11.,SPD,21
BT05221107W,INSA,2022-11-07,2007,04.11.–07.11.,Gruene,17.5
BT05221107W,INSA,2022-11-07,2007,04.11.–07.11.,FDP,8
BT05221107W,INSA,2022-11-07,2007,04.11.–07.11.,Linke,4.5
BT05221107W,INSA,2022-11-07,2007,04.11.–07.11.,AfD,14.5
BT05221107W,INSA,2022-11-07,2007,04.11.–07.11.,BSW,NA
BT02221108A,Forsa,2022-11-08,2502,01.11.–07.11.,CDUCSU,28
BT02221108A,Forsa,2022-11-08,2502,01.11.–07.11.,SPD,19
BT02221108A,Forsa,2022-11-08,2502,01.11.–07.11.,Gruene,19
BT02221108A,Forsa,2022-11-08,2502,01.11.–07.11.,FDP,6
BT02221108A,Forsa,2022-11-08,2502,01.11.–07.11.,Linke,5
BT02221108A,Forsa,2022-11-08,2502,01.11.–07.11.,AfD,14
BT02221108A,Forsa,2022-11-08,2502,01.11.–07.11.,BSW,NA
BT01221110W,Infratest dimap,2022-11-10,1225,08.11.–09.11.,CDUCSU,28
BT01221110W,Infratest dimap,2022-11-10,1225,08.11.–09.11.,SPD,18
BT01221110W,Infratest dimap,2022-11-10,1225,08.11.–09.11.,Gruene,19
BT01221110W,Infratest dimap,2022-11-10,1225,08.11.–09.11.,FDP,7
BT01221110W,Infratest dimap,2022-11-10,1225,08.11.–09.11.,Linke,4
BT01221110W,Infratest dimap,2022-11-10,1225,08.11.–09.11.,AfD,14
BT01221110W,Infratest dimap,2022-11-10,1225,08.11.–09.11.,BSW,NA
BT06221111J,Forschungsgruppe Wahlen,2022-11-11,1310,08.11.–10.11.,CDUCSU,28
BT06221111J,Forschungsgruppe Wahlen,2022-11-11,1310,08.11.–10.11.,SPD,19
BT06221111J,Forschungsgruppe Wahlen,2022-11-11,1310,08.11.–10.11.,Gruene,22
BT06221111J,Forschungsgruppe Wahlen,2022-11-11,1310,08.11.–10.11.,FDP,5
BT06221111J,Forschungsgruppe Wahlen,2022-11-11,1310,08.11.–10.11.,Linke,5
BT06221111J,Forschungsgruppe Wahlen,2022-11-11,1310,08.11.–10.11.,AfD,15
BT06221111J,Forschungsgruppe Wahlen,2022-11-11,1310,08.11.–10.11.,BSW,NA
BT13221111X,YouGov,2022-11-11,1608,04.11.–09.11.,CDUCSU,29
BT13221111X,YouGov,2022-11-11,1608,04.11.–09.11.,SPD,18
BT13221111X,YouGov,2022-11-11,1608,04.11.–09.11.,Gruene,20
BT13221111X,YouGov,2022-11-11,1608,04.11.–09.11.,FDP,5
BT13221111X,YouGov,2022-11-11,1608,04.11.–09.11.,Linke,7
BT13221111X,YouGov,2022-11-11,1608,04.11.–09.11.,AfD,16
BT13221111X,YouGov,2022-11-11,1608,04.11.–09.11.,BSW,NA
BT03221112G,Verian,2022-11-12,1442,02.11.–08.11.,CDUCSU,26
BT03221112G,Verian,2022-11-12,1442,02.11.–08.11.,SPD,21
BT03221112G,Verian,2022-11-12,1442,02.11.–08.11.,Gruene,20
BT03221112G,Verian,2022-11-12,1442,02.11.–08.11.,FDP,7
BT03221112G,Verian,2022-11-12,1442,02.11.–08.11.,Linke,5
BT03221112G,Verian,2022-11-12,1442,02.11.–08.11.,AfD,14
BT03221112G,Verian,2022-11-12,1442,02.11.–08.11.,BSW,NA
BT05221113X,INSA,2022-11-13,1255,08.11.–11.11.,CDUCSU,28
BT05221113X,INSA,2022-11-13,1255,08.11.–11.11.,SPD,21
BT05221113X,INSA,2022-11-13,1255,08.11.–11.11.,Gruene,18
BT05221113X,INSA,2022-11-13,1255,08.11.–11.11.,FDP,7
BT05221113X,INSA,2022-11-13,1255,08.11.–11.11.,Linke,4
BT05221113X,INSA,2022-11-13,1255,08.11.–11.11.,AfD,15
BT05221113X,INSA,2022-11-13,1255,08.11.–11.11.,BSW,NA
BT05221114Y,INSA,2022-11-14,2010,11.11.–14.11.,CDUCSU,27.5
BT05221114Y,INSA,2022-11-14,2010,11.11.–14.11.,SPD,20.5
BT05221114Y,INSA,2022-11-14,2010,11.11.–14.11.,Gruene,17.5
BT05221114Y,INSA,2022-11-14,2010,11.11.–14.11.,FDP,7
BT05221114Y,INSA,2022-11-14,2010,11.11.–14.11.,Linke,4.5
BT05221114Y,INSA,2022-11-14,2010,11.11.–14.11.,AfD,15
BT05221114Y,INSA,2022-11-14,2010,11.11.–14.11.,BSW,NA
BT02221115B,Forsa,2022-11-15,2503,08.11.–14.11.,CDUCSU,28
BT02221115B,Forsa,2022-11-15,2503,08.11.–14.11.,SPD,19
BT02221115B,Forsa,2022-11-15,2503,08.11.–14.11.,Gruene,20
BT02221115B,Forsa,2022-11-15,2503,08.11.–14.11.,FDP,6
BT02221115B,Forsa,2022-11-15,2503,08.11.–14.11.,Linke,4
BT02221115B,Forsa,2022-11-15,2503,08.11.–14.11.,AfD,14
BT02221115B,Forsa,2022-11-15,2503,08.11.–14.11.,BSW,NA
BT03221119H,Verian,2022-11-19,1443,09.11.–15.11.,CDUCSU,27
BT03221119H,Verian,2022-11-19,1443,09.11.–15.11.,SPD,20
BT03221119H,Verian,2022-11-19,1443,09.11.–15.11.,Gruene,19
BT03221119H,Verian,2022-11-19,1443,09.11.–15.11.,FDP,7
BT03221119H,Verian,2022-11-19,1443,09.11.–15.11.,Linke,5
BT03221119H,Verian,2022-11-19,1443,09.11.–15.11.,AfD,13
BT03221119H,Verian,2022-11-19,1443,09.11.–15.11.,BSW,NA
BT05221120A,INSA,2022-11-20,1314,14.11.–18.11.,CDUCSU,28
BT05221120A,INSA,2022-11-20,1314,14.11.–18.11.,SPD,20
BT05221120A,INSA,2022-11-20,1314,14.11.–18.11.,Gruene,17
BT05221120A,INSA,2022-11-20,1314,14.11.–18.11.,FDP,7
BT05221120A,INSA,2022-11-20,1314,14.11.–18.11.,Linke,5
BT05221120A,INSA,2022-11-20,1314,14.11.–18.11.,AfD,15
BT05221120A,INSA,2022-11-20,1314,14.11.–18.11.,BSW,NA
BT05221121B,INSA,2022-11-21,2004,18.11.–21.11.,CDUCSU,28
BT05221121B,INSA,2022-11-21,2004,18.11.–21.11.,SPD,20
BT05221121B,INSA,2022-11-21,2004,18.11.–21.11.,Gruene,17
BT05221121B,INSA,2022-11-21,2004,18.11.–21.11.,FDP,7.5
BT05221121B,INSA,2022-11-21,2004,18.11.–21.11.,Linke,5
BT05221121B,INSA,2022-11-21,2004,18.11.–21.11.,AfD,15
BT05221121B,INSA,2022-11-21,2004,18.11.–21.11.,BSW,NA
BT02221122C,Forsa,2022-11-22,2502,15.11.–21.11.,CDUCSU,28
BT02221122C,Forsa,2022-11-22,2502,15.11.–21.11.,SPD,19
BT02221122C,Forsa,2022-11-22,2502,15.11.–21.11.,Gruene,20
BT02221122C,Forsa,2022-11-22,2502,15.11.–21.11.,FDP,6
BT02221122C,Forsa,2022-11-22,2502,15.11.–21.11.,Linke,5
BT02221122C,Forsa,2022-11-22,2502,15.11.–21.11.,AfD,13
BT02221122C,Forsa,2022-11-22,2502,15.11.–21.11.,BSW,NA
BT09221124M,Allensbach,2022-11-24,1042,05.11.–17.11.,CDUCSU,29.5
BT09221124M,Allensbach,2022-11-24,1042,05.11.–17.11.,SPD,20
BT09221124M,Allensbach,2022-11-24,1042,05.11.–17.11.,Gruene,20
BT09221124M,Allensbach,2022-11-24,1042,05.11.–17.11.,FDP,7
BT09221124M,Allensbach,2022-11-24,1042,05.11.–17.11.,Linke,4
BT09221124M,Allensbach,2022-11-24,1042,05.11.–17.11.,AfD,14
BT09221124M,Allensbach,2022-11-24,1042,05.11.–17.11.,BSW,NA
BT06221125K,Forschungsgruppe Wahlen,2022-11-25,1273,22.11.–24.11.,CDUCSU,28
BT06221125K,Forschungsgruppe Wahlen,2022-11-25,1273,22.11.–24.11.,SPD,19
BT06221125K,Forschungsgruppe Wahlen,2022-11-25,1273,22.11.–24.11.,Gruene,22
BT06221125K,Forschungsgruppe Wahlen,2022-11-25,1273,22.11.–24.11.,FDP,5
BT06221125K,Forschungsgruppe Wahlen,2022-11-25,1273,22.11.–24.11.,Linke,6
BT06221125K,Forschungsgruppe Wahlen,2022-11-25,1273,22.11.–24.11.,AfD,14
BT06221125K,Forschungsgruppe Wahlen,2022-11-25,1273,22.11.–24.11.,BSW,NA
BT03221126I,Verian,2022-11-26,1430,15.11.–22.11.,CDUCSU,29
BT03221126I,Verian,2022-11-26,1430,15.11.–22.11.,SPD,19
BT03221126I,Verian,2022-11-26,1430,15.11.–22.11.,Gruene,19
BT03221126I,Verian,2022-11-26,1430,15.11.–22.11.,FDP,7
BT03221126I,Verian,2022-11-26,1430,15.11.–22.11.,Linke,4
BT03221126I,Verian,2022-11-26,1430,15.11.–22.11.,AfD,13
BT03221126I,Verian,2022-11-26,1430,15.11.–22.11.,BSW,NA
BT05221127C,INSA,2022-11-27,1501,21.11.–25.11.,CDUCSU,27
BT05221127C,INSA,2022-11-27,1501,21.11.–25.11.,SPD,21
BT05221127C,INSA,2022-11-27,1501,21.11.–25.11.,Gruene,18
BT05221127C,INSA,2022-11-27,1501,21.11.–25.11.,FDP,7
BT05221127C,INSA,2022-11-27,1501,21.11.–25.11.,Linke,5
BT05221127C,INSA,2022-11-27,1501,21.11.–25.11.,AfD,15
BT05221127C,INSA,2022-11-27,1501,21.11.–25.11.,BSW,NA
BT05221128D,INSA,2022-11-28,2006,25.11.–28.11.,CDUCSU,27
BT05221128D,INSA,2022-11-28,2006,25.11.–28.11.,SPD,21
BT05221128D,INSA,2022-11-28,2006,25.11.–28.11.,Gruene,17.5
BT05221128D,INSA,2022-11-28,2006,25.11.–28.11.,FDP,7
BT05221128D,INSA,2022-11-28,2006,25.11.–28.11.,Linke,5
BT05221128D,INSA,2022-11-28,2006,25.11.–28.11.,AfD,15
BT05221128D,INSA,2022-11-28,2006,25.11.–28.11.,BSW,NA
BT02221129D,Forsa,2022-11-29,2505,22.11.–28.11.,CDUCSU,29
BT02221129D,Forsa,2022-11-29,2505,22.11.–28.11.,SPD,19
BT02221129D,Forsa,2022-11-29,2505,22.11.–28.11.,Gruene,20
BT02221129D,Forsa,2022-11-29,2505,22.11.–28.11.,FDP,6
BT02221129D,Forsa,2022-11-29,2505,22.11.–28.11.,Linke,5
BT02221129D,Forsa,2022-11-29,2505,22.11.–28.11.,AfD,12
BT02221129D,Forsa,2022-11-29,2505,22.11.–28.11.,BSW,NA
BT01221201X,Infratest dimap,2022-12-01,1318,28.11.–30.11.,CDUCSU,30
BT01221201X,Infratest dimap,2022-12-01,1318,28.11.–30.11.,SPD,18
BT01221201X,Infratest dimap,2022-12-01,1318,28.11.–30.11.,Gruene,18
BT01221201X,Infratest dimap,2022-12-01,1318,28.11.–30.11.,FDP,5
BT01221201X,Infratest dimap,2022-12-01,1318,28.11.–30.11.,Linke,5
BT01221201X,Infratest dimap,2022-12-01,1318,28.11.–30.11.,AfD,15
BT01221201X,Infratest dimap,2022-12-01,1318,28.11.–30.11.,BSW,NA
BT04221202G,GMS,2022-12-02,1005,28.11.–01.12.,CDUCSU,28
BT04221202G,GMS,2022-12-02,1005,28.11.–01.12.,SPD,18
BT04221202G,GMS,2022-12-02,1005,28.11.–01.12.,Gruene,21
BT04221202G,GMS,2022-12-02,1005,28.11.–01.12.,FDP,7
BT04221202G,GMS,2022-12-02,1005,28.11.–01.12.,Linke,4
BT04221202G,GMS,2022-12-02,1005,28.11.–01.12.,AfD,12
BT04221202G,GMS,2022-12-02,1005,28.11.–01.12.,BSW,NA
BT03221203J,Verian,2022-12-03,1414,22.11.–29.11.,CDUCSU,27
BT03221203J,Verian,2022-12-03,1414,22.11.–29.11.,SPD,18
BT03221203J,Verian,2022-12-03,1414,22.11.–29.11.,Gruene,20
BT03221203J,Verian,2022-12-03,1414,22.11.–29.11.,FDP,7
BT03221203J,Verian,2022-12-03,1414,22.11.–29.11.,Linke,5
BT03221203J,Verian,2022-12-03,1414,22.11.–29.11.,AfD,14
BT03221203J,Verian,2022-12-03,1414,22.11.–29.11.,BSW,NA
BT05221203E,INSA,2022-12-03,1502,28.11.–02.12.,CDUCSU,28
BT05221203E,INSA,2022-12-03,1502,28.11.–02.12.,SPD,20
BT05221203E,INSA,2022-12-03,1502,28.11.–02.12.,Gruene,17
BT05221203E,INSA,2022-12-03,1502,28.11.–02.12.,FDP,7
BT05221203E,INSA,2022-12-03,1502,28.11.–02.12.,Linke,5
BT05221203E,INSA,2022-12-03,1502,28.11.–02.12.,AfD,15
BT05221203E,INSA,2022-12-03,1502,28.11.–02.12.,BSW,NA
BT02221206E,Forsa,2022-12-06,2500,29.11.–05.12.,CDUCSU,29
BT02221206E,Forsa,2022-12-06,2500,29.11.–05.12.,SPD,19
BT02221206E,Forsa,2022-12-06,2500,29.11.–05.12.,Gruene,19
BT02221206E,Forsa,2022-12-06,2500,29.11.–05.12.,FDP,7
BT02221206E,Forsa,2022-12-06,2500,29.11.–05.12.,Linke,5
BT02221206E,Forsa,2022-12-06,2500,29.11.–05.12.,AfD,12
BT02221206E,Forsa,2022-12-06,2500,29.11.–05.12.,BSW,NA
BT05221206F,INSA,2022-12-06,2008,03.12.–05.12.,CDUCSU,28
BT05221206F,INSA,2022-12-06,2008,03.12.–05.12.,SPD,20.5
BT05221206F,INSA,2022-12-06,2008,03.12.–05.12.,Gruene,17
BT05221206F,INSA,2022-12-06,2008,03.12.–05.12.,FDP,7
BT05221206F,INSA,2022-12-06,2008,03.12.–05.12.,Linke,5
BT05221206F,INSA,2022-12-06,2008,03.12.–05.12.,AfD,14.5
BT05221206F,INSA,2022-12-06,2008,03.12.–05.12.,BSW,NA
BT01221208Y,Infratest dimap,2022-12-08,1259,06.12.–07.12.,CDUCSU,29
BT01221208Y,Infratest dimap,2022-12-08,1259,06.12.–07.12.,SPD,18
BT01221208Y,Infratest dimap,2022-12-08,1259,06.12.–07.12.,Gruene,18
BT01221208Y,Infratest dimap,2022-12-08,1259,06.12.–07.12.,FDP,6
BT01221208Y,Infratest dimap,2022-12-08,1259,06.12.–07.12.,Linke,5
BT01221208Y,Infratest dimap,2022-12-08,1259,06.12.–07.12.,AfD,15
BT01221208Y,Infratest dimap,2022-12-08,1259,06.12.–07.12.,BSW,NA
BT03221210K,Verian,2022-12-10,1443,30.11.–06.12.,CDUCSU,27
BT03221210K,Verian,2022-12-10,1443,30.11.–06.12.,SPD,19
BT03221210K,Verian,2022-12-10,1443,30.11.–06.12.,Gruene,19
BT03221210K,Verian,2022-12-10,1443,30.11.–06.12.,FDP,6
BT03221210K,Verian,2022-12-10,1443,30.11.–06.12.,Linke,5
BT03221210K,Verian,2022-12-10,1443,30.11.–06.12.,AfD,15
BT03221210K,Verian,2022-12-10,1443,30.11.–06.12.,BSW,NA
BT05221211G,INSA,2022-12-11,1502,02.12.–09.12.,CDUCSU,28
BT05221211G,INSA,2022-12-11,1502,02.12.–09.12.,SPD,20
BT05221211G,INSA,2022-12-11,1502,02.12.–09.12.,Gruene,18
BT05221211G,INSA,2022-12-11,1502,02.12.–09.12.,FDP,7
BT05221211G,INSA,2022-12-11,1502,02.12.–09.12.,Linke,4
BT05221211G,INSA,2022-12-11,1502,02.12.–09.12.,AfD,15
BT05221211G,INSA,2022-12-11,1502,02.12.–09.12.,BSW,NA
BT02221213F,Forsa,2022-12-13,2506,06.12.–12.12.,CDUCSU,29
BT02221213F,Forsa,2022-12-13,2506,06.12.–12.12.,SPD,19
BT02221213F,Forsa,2022-12-13,2506,06.12.–12.12.,Gruene,19
BT02221213F,Forsa,2022-12-13,2506,06.12.–12.12.,FDP,7
BT02221213F,Forsa,2022-12-13,2506,06.12.–12.12.,Linke,5
BT02221213F,Forsa,2022-12-13,2506,06.12.–12.12.,AfD,12
BT02221213F,Forsa,2022-12-13,2506,06.12.–12.12.,BSW,NA
BT05221213H,INSA,2022-12-13,2007,09.12.–12.12.,CDUCSU,28.5
BT05221213H,INSA,2022-12-13,2007,09.12.–12.12.,SPD,20
BT05221213H,INSA,2022-12-13,2007,09.12.–12.12.,Gruene,18
BT05221213H,INSA,2022-12-13,2007,09.12.–12.12.,FDP,7
BT05221213H,INSA,2022-12-13,2007,09.12.–12.12.,Linke,4.5
BT05221213H,INSA,2022-12-13,2007,09.12.–12.12.,AfD,15.5
BT05221213H,INSA,2022-12-13,2007,09.12.–12.12.,BSW,NA
BT06221216M,Forschungsgruppe Wahlen,2022-12-16,1365,12.12.–15.12.,CDUCSU,28
BT06221216M,Forschungsgruppe Wahlen,2022-12-16,1365,12.12.–15.12.,SPD,20
BT06221216M,Forschungsgruppe Wahlen,2022-12-16,1365,12.12.–15.12.,Gruene,20
BT06221216M,Forschungsgruppe Wahlen,2022-12-16,1365,12.12.–15.12.,FDP,6
BT06221216M,Forschungsgruppe Wahlen,2022-12-16,1365,12.12.–15.12.,Linke,5
BT06221216M,Forschungsgruppe Wahlen,2022-12-16,1365,12.12.–15.12.,AfD,15
BT06221216M,Forschungsgruppe Wahlen,2022-12-16,1365,12.12.–15.12.,BSW,NA
BT03221217L,Verian,2022-12-17,1429,07.12.–12.12.,CDUCSU,28
BT03221217L,Verian,2022-12-17,1429,07.12.–12.12.,SPD,18
BT03221217L,Verian,2022-12-17,1429,07.12.–12.12.,Gruene,19
BT03221217L,Verian,2022-12-17,1429,07.12.–12.12.,FDP,7
BT03221217L,Verian,2022-12-17,1429,07.12.–12.12.,Linke,5
BT03221217L,Verian,2022-12-17,1429,07.12.–12.12.,AfD,14
BT03221217L,Verian,2022-12-17,1429,07.12.–12.12.,BSW,NA
BT05221217I,INSA,2022-12-17,1501,12.12.–16.12.,CDUCSU,27
BT05221217I,INSA,2022-12-17,1501,12.12.–16.12.,SPD,21
BT05221217I,INSA,2022-12-17,1501,12.12.–16.12.,Gruene,18
BT05221217I,INSA,2022-12-17,1501,12.12.–16.12.,FDP,7
BT05221217I,INSA,2022-12-17,1501,12.12.–16.12.,Linke,5
BT05221217I,INSA,2022-12-17,1501,12.12.–16.12.,AfD,15
BT05221217I,INSA,2022-12-17,1501,12.12.–16.12.,BSW,NA
BT05221219J,INSA,2022-12-19,2005,16.12.–19.12.,CDUCSU,27.5
BT05221219J,INSA,2022-12-19,2005,16.12.–19.12.,SPD,21
BT05221219J,INSA,2022-12-19,2005,16.12.–19.12.,Gruene,17.5
BT05221219J,INSA,2022-12-19,2005,16.12.–19.12.,FDP,7.5
BT05221219J,INSA,2022-12-19,2005,16.12.–19.12.,Linke,4.5
BT05221219J,INSA,2022-12-19,2005,16.12.–19.12.,AfD,14.5
BT05221219J,INSA,2022-12-19,2005,16.12.–19.12.,BSW,NA
BT02221220G,Forsa,2022-12-20,2503,13.12.–19.12.,CDUCSU,28
BT02221220G,Forsa,2022-12-20,2503,13.12.–19.12.,SPD,19
BT02221220G,Forsa,2022-12-20,2503,13.12.–19.12.,Gruene,19
BT02221220G,Forsa,2022-12-20,2503,13.12.–19.12.,FDP,7
BT02221220G,Forsa,2022-12-20,2503,13.12.–19.12.,Linke,5
BT02221220G,Forsa,2022-12-20,2503,13.12.–19.12.,AfD,13
BT02221220G,Forsa,2022-12-20,2503,13.12.–19.12.,BSW,NA
BT09221221N,Allensbach,2022-12-21,1035,02.12.–15.12.,CDUCSU,30
BT09221221N,Allensbach,2022-12-21,1035,02.12.–15.12.,SPD,22
BT09221221N,Allensbach,2022-12-21,1035,02.12.–15.12.,Gruene,18
BT09221221N,Allensbach,2022-12-21,1035,02.12.–15.12.,FDP,7.5
BT09221221N,Allensbach,2022-12-21,1035,02.12.–15.12.,Linke,4.5
BT09221221N,Allensbach,2022-12-21,1035,02.12.–15.12.,AfD,12
BT09221221N,Allensbach,2022-12-21,1035,02.12.–15.12.,BSW,NA
BT13221222Y,YouGov,2022-12-22,1608,16.12.–21.12.,CDUCSU,30
BT13221222Y,YouGov,2022-12-22,1608,16.12.–21.12.,SPD,19
BT13221222Y,YouGov,2022-12-22,1608,16.12.–21.12.,Gruene,17
BT13221222Y,YouGov,2022-12-22,1608,16.12.–21.12.,FDP,7
BT13221222Y,YouGov,2022-12-22,1608,16.12.–21.12.,Linke,5
BT13221222Y,YouGov,2022-12-22,1608,16.12.–21.12.,AfD,14
BT13221222Y,YouGov,2022-12-22,1608,16.12.–21.12.,BSW,NA
BT03221224M,Verian,2022-12-24,1717,13.12.–15.12.,CDUCSU,29
BT03221224M,Verian,2022-12-24,1717,13.12.–15.12.,SPD,19
BT03221224M,Verian,2022-12-24,1717,13.12.–15.12.,Gruene,18
BT03221224M,Verian,2022-12-24,1717,13.12.–15.12.,FDP,7
BT03221224M,Verian,2022-12-24,1717,13.12.–15.12.,Linke,5
BT03221224M,Verian,2022-12-24,1717,13.12.–15.12.,AfD,14
BT03221224M,Verian,2022-12-24,1717,13.12.–15.12.,BSW,NA
BT05221224K,INSA,2022-12-24,1203,19.12.–22.12.,CDUCSU,27
BT05221224K,INSA,2022-12-24,1203,19.12.–22.12.,SPD,21
BT05221224K,INSA,2022-12-24,1203,19.12.–22.12.,Gruene,17
BT05221224K,INSA,2022-12-24,1203,19.12.–22.12.,FDP,8
BT05221224K,INSA,2022-12-24,1203,19.12.–22.12.,Linke,5
BT05221224K,INSA,2022-12-24,1203,19.12.–22.12.,AfD,14
BT05221224K,INSA,2022-12-24,1203,19.12.–22.12.,BSW,NA
BT05221231L,INSA,2022-12-31,1205,27.12.–29.12.,CDUCSU,26
BT05221231L,INSA,2022-12-31,1205,27.12.–29.12.,SPD,20
BT05221231L,INSA,2022-12-31,1205,27.12.–29.12.,Gruene,18
BT05221231L,INSA,2022-12-31,1205,27.12.–29.12.,FDP,7
BT05221231L,INSA,2022-12-31,1205,27.12.–29.12.,Linke,5
BT05221231L,INSA,2022-12-31,1205,27.12.–29.12.,AfD,15
BT05221231L,INSA,2022-12-31,1205,27.12.–29.12.,BSW,NA
BT05230102M,INSA,2023-01-02,2010,29.12.–02.01.,CDUCSU,27
BT05230102M,INSA,2023-01-02,2010,29.12.–02.01.,SPD,20
BT05230102M,INSA,2023-01-02,2010,29.12.–02.01.,Gruene,17.5
BT05230102M,INSA,2023-01-02,2010,29.12.–02.01.,FDP,7.5
BT05230102M,INSA,2023-01-02,2010,29.12.–02.01.,Linke,4.5
BT05230102M,INSA,2023-01-02,2010,29.12.–02.01.,AfD,15
BT05230102M,INSA,2023-01-02,2010,29.12.–02.01.,BSW,NA
BT04230104H,GMS,2023-01-04,1002,28.12.–03.01.,CDUCSU,29
BT04230104H,GMS,2023-01-04,1002,28.12.–03.01.,SPD,19
BT04230104H,GMS,2023-01-04,1002,28.12.–03.01.,Gruene,17
BT04230104H,GMS,2023-01-04,1002,28.12.–03.01.,FDP,7
BT04230104H,GMS,2023-01-04,1002,28.12.–03.01.,Linke,5
BT04230104H,GMS,2023-01-04,1002,28.12.–03.01.,AfD,14
BT04230104H,GMS,2023-01-04,1002,28.12.–03.01.,BSW,NA
BT01230105A,Infratest dimap,2023-01-05,1314,02.01.–04.01.,CDUCSU,29
BT01230105A,Infratest dimap,2023-01-05,1314,02.01.–04.01.,SPD,18
BT01230105A,Infratest dimap,2023-01-05,1314,02.01.–04.01.,Gruene,19
BT01230105A,Infratest dimap,2023-01-05,1314,02.01.–04.01.,FDP,6
BT01230105A,Infratest dimap,2023-01-05,1314,02.01.–04.01.,Linke,5
BT01230105A,Infratest dimap,2023-01-05,1314,02.01.–04.01.,AfD,15
BT01230105A,Infratest dimap,2023-01-05,1314,02.01.–04.01.,BSW,NA
BT05230108N,INSA,2023-01-08,1465,02.01.–06.01.,CDUCSU,27
BT05230108N,INSA,2023-01-08,1465,02.01.–06.01.,SPD,20
BT05230108N,INSA,2023-01-08,1465,02.01.–06.01.,Gruene,18
BT05230108N,INSA,2023-01-08,1465,02.01.–06.01.,FDP,7
BT05230108N,INSA,2023-01-08,1465,02.01.–06.01.,Linke,5
BT05230108N,INSA,2023-01-08,1465,02.01.–06.01.,AfD,15
BT05230108N,INSA,2023-01-08,1465,02.01.–06.01.,BSW,NA
BT05230109O,INSA,2023-01-09,2006,06.01.–09.01.,CDUCSU,27
BT05230109O,INSA,2023-01-09,2006,06.01.–09.01.,SPD,20
BT05230109O,INSA,2023-01-09,2006,06.01.–09.01.,Gruene,17.5
BT05230109O,INSA,2023-01-09,2006,06.01.–09.01.,FDP,7.5
BT05230109O,INSA,2023-01-09,2006,06.01.–09.01.,Linke,5
BT05230109O,INSA,2023-01-09,2006,06.01.–09.01.,AfD,15
BT05230109O,INSA,2023-01-09,2006,06.01.–09.01.,BSW,NA
BT02230110H,Forsa,2023-01-10,2502,03.01.–09.01.,CDUCSU,29
BT02230110H,Forsa,2023-01-10,2502,03.01.–09.01.,SPD,18
BT02230110H,Forsa,2023-01-10,2502,03.01.–09.01.,Gruene,20
BT02230110H,Forsa,2023-01-10,2502,03.01.–09.01.,FDP,7
BT02230110H,Forsa,2023-01-10,2502,03.01.–09.01.,Linke,5
BT02230110H,Forsa,2023-01-10,2502,03.01.–09.01.,AfD,13
BT02230110H,Forsa,2023-01-10,2502,03.01.–09.01.,BSW,NA
BT06230113N,Forschungsgruppe Wahlen,2023-01-13,1259,10.01.–12.01.,CDUCSU,27
BT06230113N,Forschungsgruppe Wahlen,2023-01-13,1259,10.01.–12.01.,SPD,20
BT06230113N,Forschungsgruppe Wahlen,2023-01-13,1259,10.01.–12.01.,Gruene,21
BT06230113N,Forschungsgruppe Wahlen,2023-01-13,1259,10.01.–12.01.,FDP,6
BT06230113N,Forschungsgruppe Wahlen,2023-01-13,1259,10.01.–12.01.,Linke,6
BT06230113N,Forschungsgruppe Wahlen,2023-01-13,1259,10.01.–12.01.,AfD,14
BT06230113N,Forschungsgruppe Wahlen,2023-01-13,1259,10.01.–12.01.,BSW,NA
BT13230113A,YouGov,2023-01-13,1561,06.01.–10.01.,CDUCSU,27
BT13230113A,YouGov,2023-01-13,1561,06.01.–10.01.,SPD,18
BT13230113A,YouGov,2023-01-13,1561,06.01.–10.01.,Gruene,17
BT13230113A,YouGov,2023-01-13,1561,06.01.–10.01.,FDP,8
BT13230113A,YouGov,2023-01-13,1561,06.01.–10.01.,Linke,6
BT13230113A,YouGov,2023-01-13,1561,06.01.–10.01.,AfD,16
BT13230113A,YouGov,2023-01-13,1561,06.01.–10.01.,BSW,NA
BT03230114N,Verian,2023-01-14,1398,04.01.–10.01.,CDUCSU,28
BT03230114N,Verian,2023-01-14,1398,04.01.–10.01.,SPD,19
BT03230114N,Verian,2023-01-14,1398,04.01.–10.01.,Gruene,18
BT03230114N,Verian,2023-01-14,1398,04.01.–10.01.,FDP,7
BT03230114N,Verian,2023-01-14,1398,04.01.–10.01.,Linke,4
BT03230114N,Verian,2023-01-14,1398,04.01.–10.01.,AfD,14
BT03230114N,Verian,2023-01-14,1398,04.01.–10.01.,BSW,NA
BT05230114P,INSA,2023-01-14,1202,09.01.–13.01.,CDUCSU,27
BT05230114P,INSA,2023-01-14,1202,09.01.–13.01.,SPD,20
BT05230114P,INSA,2023-01-14,1202,09.01.–13.01.,Gruene,17
BT05230114P,INSA,2023-01-14,1202,09.01.–13.01.,FDP,8
BT05230114P,INSA,2023-01-14,1202,09.01.–13.01.,Linke,5
BT05230114P,INSA,2023-01-14,1202,09.01.–13.01.,AfD,15
BT05230114P,INSA,2023-01-14,1202,09.01.–13.01.,BSW,NA
BT05230116Q,INSA,2023-01-16,2006,13.01.–16.01.,CDUCSU,28
BT05230116Q,INSA,2023-01-16,2006,13.01.–16.01.,SPD,21
BT05230116Q,INSA,2023-01-16,2006,13.01.–16.01.,Gruene,16.5
BT05230116Q,INSA,2023-01-16,2006,13.01.–16.01.,FDP,7.5
BT05230116Q,INSA,2023-01-16,2006,13.01.–16.01.,Linke,5
BT05230116Q,INSA,2023-01-16,2006,13.01.–16.01.,AfD,15
BT05230116Q,INSA,2023-01-16,2006,13.01.–16.01.,BSW,NA
BT02230117I,Forsa,2023-01-17,2500,10.01.–16.01.,CDUCSU,28
BT02230117I,Forsa,2023-01-17,2500,10.01.–16.01.,SPD,18
BT02230117I,Forsa,2023-01-17,2500,10.01.–16.01.,Gruene,20
BT02230117I,Forsa,2023-01-17,2500,10.01.–16.01.,FDP,7
BT02230117I,Forsa,2023-01-17,2500,10.01.–16.01.,Linke,5
BT02230117I,Forsa,2023-01-17,2500,10.01.–16.01.,AfD,13
BT02230117I,Forsa,2023-01-17,2500,10.01.–16.01.,BSW,NA
BT01230119B,Infratest dimap,2023-01-19,1211,17.01.–18.01.,CDUCSU,29
BT01230119B,Infratest dimap,2023-01-19,1211,17.01.–18.01.,SPD,19
BT01230119B,Infratest dimap,2023-01-19,1211,17.01.–18.01.,Gruene,19
BT01230119B,Infratest dimap,2023-01-19,1211,17.01.–18.01.,FDP,6
BT01230119B,Infratest dimap,2023-01-19,1211,17.01.–18.01.,Linke,4
BT01230119B,Infratest dimap,2023-01-19,1211,17.01.–18.01.,AfD,14
BT01230119B,Infratest dimap,2023-01-19,1211,17.01.–18.01.,BSW,NA
BT03230121O,Verian,2023-01-21,1418,11.01.–17.01.,CDUCSU,27
BT03230121O,Verian,2023-01-21,1418,11.01.–17.01.,SPD,20
BT03230121O,Verian,2023-01-21,1418,11.01.–17.01.,Gruene,20
BT03230121O,Verian,2023-01-21,1418,11.01.–17.01.,FDP,6
BT03230121O,Verian,2023-01-21,1418,11.01.–17.01.,Linke,5
BT03230121O,Verian,2023-01-21,1418,11.01.–17.01.,AfD,14
BT03230121O,Verian,2023-01-21,1418,11.01.–17.01.,BSW,NA
BT05230121R,INSA,2023-01-21,1504,16.01.–20.01.,CDUCSU,28
BT05230121R,INSA,2023-01-21,1504,16.01.–20.01.,SPD,20
BT05230121R,INSA,2023-01-21,1504,16.01.–20.01.,Gruene,16
BT05230121R,INSA,2023-01-21,1504,16.01.–20.01.,FDP,7
BT05230121R,INSA,2023-01-21,1504,16.01.–20.01.,Linke,5
BT05230121R,INSA,2023-01-21,1504,16.01.–20.01.,AfD,15
BT05230121R,INSA,2023-01-21,1504,16.01.–20.01.,BSW,NA
BT05230123S,INSA,2023-01-23,2009,20.01.–23.01.,CDUCSU,28
BT05230123S,INSA,2023-01-23,2009,20.01.–23.01.,SPD,20.5
BT05230123S,INSA,2023-01-23,2009,20.01.–23.01.,Gruene,16.5
BT05230123S,INSA,2023-01-23,2009,20.01.–23.01.,FDP,7.5
BT05230123S,INSA,2023-01-23,2009,20.01.–23.01.,Linke,4.5
BT05230123S,INSA,2023-01-23,2009,20.01.–23.01.,AfD,15
BT05230123S,INSA,2023-01-23,2009,20.01.–23.01.,BSW,NA
BT02230124J,Forsa,2023-01-24,2502,17.01.–23.01.,CDUCSU,28
BT02230124J,Forsa,2023-01-24,2502,17.01.–23.01.,SPD,19
BT02230124J,Forsa,2023-01-24,2502,17.01.–23.01.,Gruene,20
BT02230124J,Forsa,2023-01-24,2502,17.01.–23.01.,FDP,7
BT02230124J,Forsa,2023-01-24,2502,17.01.–23.01.,Linke,5
BT02230124J,Forsa,2023-01-24,2502,17.01.–23.01.,AfD,12
BT02230124J,Forsa,2023-01-24,2502,17.01.–23.01.,BSW,NA
BT09230126O,Allensbach,2023-01-26,1023,05.01.–18.01.,CDUCSU,31
BT09230126O,Allensbach,2023-01-26,1023,05.01.–18.01.,SPD,21
BT09230126O,Allensbach,2023-01-26,1023,05.01.–18.01.,Gruene,17
BT09230126O,Allensbach,2023-01-26,1023,05.01.–18.01.,FDP,6
BT09230126O,Allensbach,2023-01-26,1023,05.01.–18.01.,Linke,4.5
BT09230126O,Allensbach,2023-01-26,1023,05.01.–18.01.,AfD,14
BT09230126O,Allensbach,2023-01-26,1023,05.01.–18.01.,BSW,NA
BT06230127O,Forschungsgruppe Wahlen,2023-01-27,1345,24.01.–26.01.,CDUCSU,27
BT06230127O,Forschungsgruppe Wahlen,2023-01-27,1345,24.01.–26.01.,SPD,21
BT06230127O,Forschungsgruppe Wahlen,2023-01-27,1345,24.01.–26.01.,Gruene,19
BT06230127O,Forschungsgruppe Wahlen,2023-01-27,1345,24.01.–26.01.,FDP,6
BT06230127O,Forschungsgruppe Wahlen,2023-01-27,1345,24.01.–26.01.,Linke,6
BT06230127O,Forschungsgruppe Wahlen,2023-01-27,1345,24.01.–26.01.,AfD,15
BT06230127O,Forschungsgruppe Wahlen,2023-01-27,1345,24.01.–26.01.,BSW,NA
BT03230128P,Verian,2023-01-28,1392,18.01.–24.01.,CDUCSU,27
BT03230128P,Verian,2023-01-28,1392,18.01.–24.01.,SPD,21
BT03230128P,Verian,2023-01-28,1392,18.01.–24.01.,Gruene,19
BT03230128P,Verian,2023-01-28,1392,18.01.–24.01.,FDP,7
BT03230128P,Verian,2023-01-28,1392,18.01.–24.01.,Linke,5
BT03230128P,Verian,2023-01-28,1392,18.01.–24.01.,AfD,14
BT03230128P,Verian,2023-01-28,1392,18.01.–24.01.,BSW,NA
BT05230128T,INSA,2023-01-28,1506,24.01.–27.01.,CDUCSU,29
BT05230128T,INSA,2023-01-28,1506,24.01.–27.01.,SPD,20
BT05230128T,INSA,2023-01-28,1506,24.01.–27.01.,Gruene,16
BT05230128T,INSA,2023-01-28,1506,24.01.–27.01.,FDP,7
BT05230128T,INSA,2023-01-28,1506,24.01.–27.01.,Linke,5
BT05230128T,INSA,2023-01-28,1506,24.01.–27.01.,AfD,15
BT05230128T,INSA,2023-01-28,1506,24.01.–27.01.,BSW,NA
BT05230130U,INSA,2023-01-30,2007,27.01.–30.01.,CDUCSU,28.5
BT05230130U,INSA,2023-01-30,2007,27.01.–30.01.,SPD,20.5
BT05230130U,INSA,2023-01-30,2007,27.01.–30.01.,Gruene,16
BT05230130U,INSA,2023-01-30,2007,27.01.–30.01.,FDP,7.5
BT05230130U,INSA,2023-01-30,2007,27.01.–30.01.,Linke,5
BT05230130U,INSA,2023-01-30,2007,27.01.–30.01.,AfD,15
BT05230130U,INSA,2023-01-30,2007,27.01.–30.01.,BSW,NA
BT02230131K,Forsa,2023-01-31,2503,24.01.–30.01.,CDUCSU,27
BT02230131K,Forsa,2023-01-31,2503,24.01.–30.01.,SPD,20
BT02230131K,Forsa,2023-01-31,2503,24.01.–30.01.,Gruene,19
BT02230131K,Forsa,2023-01-31,2503,24.01.–30.01.,FDP,7
BT02230131K,Forsa,2023-01-31,2503,24.01.–30.01.,Linke,5
BT02230131K,Forsa,2023-01-31,2503,24.01.–30.01.,AfD,13
BT02230131K,Forsa,2023-01-31,2503,24.01.–30.01.,BSW,NA
BT01230202C,Infratest dimap,2023-02-02,1328,30.01.–01.02.,CDUCSU,27
BT01230202C,Infratest dimap,2023-02-02,1328,30.01.–01.02.,SPD,20
BT01230202C,Infratest dimap,2023-02-02,1328,30.01.–01.02.,Gruene,18
BT01230202C,Infratest dimap,2023-02-02,1328,30.01.–01.02.,FDP,7
BT01230202C,Infratest dimap,2023-02-02,1328,30.01.–01.02.,Linke,4
BT01230202C,Infratest dimap,2023-02-02,1328,30.01.–01.02.,AfD,15
BT01230202C,Infratest dimap,2023-02-02,1328,30.01.–01.02.,BSW,NA
BT03230204Q,Verian,2023-02-04,1405,25.01.–31.01.,CDUCSU,25
BT03230204Q,Verian,2023-02-04,1405,25.01.–31.01.,SPD,21
BT03230204Q,Verian,2023-02-04,1405,25.01.–31.01.,Gruene,19
BT03230204Q,Verian,2023-02-04,1405,25.01.–31.01.,FDP,7
BT03230204Q,Verian,2023-02-04,1405,25.01.–31.01.,Linke,5
BT03230204Q,Verian,2023-02-04,1405,25.01.–31.01.,AfD,15
BT03230204Q,Verian,2023-02-04,1405,25.01.–31.01.,BSW,NA
BT05230204V,INSA,2023-02-04,1462,30.01.–03.02.,CDUCSU,28
BT05230204V,INSA,2023-02-04,1462,30.01.–03.02.,SPD,21
BT05230204V,INSA,2023-02-04,1462,30.01.–03.02.,Gruene,16
BT05230204V,INSA,2023-02-04,1462,30.01.–03.02.,FDP,8
BT05230204V,INSA,2023-02-04,1462,30.01.–03.02.,Linke,5
BT05230204V,INSA,2023-02-04,1462,30.01.–03.02.,AfD,15
BT05230204V,INSA,2023-02-04,1462,30.01.–03.02.,BSW,NA
BT05230206W,INSA,2023-02-06,2008,03.02.–06.02.,CDUCSU,27
BT05230206W,INSA,2023-02-06,2008,03.02.–06.02.,SPD,21
BT05230206W,INSA,2023-02-06,2008,03.02.–06.02.,Gruene,16
BT05230206W,INSA,2023-02-06,2008,03.02.–06.02.,FDP,8
BT05230206W,INSA,2023-02-06,2008,03.02.–06.02.,Linke,5
BT05230206W,INSA,2023-02-06,2008,03.02.–06.02.,AfD,15.5
BT05230206W,INSA,2023-02-06,2008,03.02.–06.02.,BSW,NA
BT02230207L,Forsa,2023-02-07,2502,31.01.–06.02.,CDUCSU,28
BT02230207L,Forsa,2023-02-07,2502,31.01.–06.02.,SPD,21
BT02230207L,Forsa,2023-02-07,2502,31.01.–06.02.,Gruene,18
BT02230207L,Forsa,2023-02-07,2502,31.01.–06.02.,FDP,7
BT02230207L,Forsa,2023-02-07,2502,31.01.–06.02.,Linke,5
BT02230207L,Forsa,2023-02-07,2502,31.01.–06.02.,AfD,13
BT02230207L,Forsa,2023-02-07,2502,31.01.–06.02.,BSW,NA
BT13230210B,YouGov,2023-02-10,1736,03.02.–09.02.,CDUCSU,27
BT13230210B,YouGov,2023-02-10,1736,03.02.–09.02.,SPD,19
BT13230210B,YouGov,2023-02-10,1736,03.02.–09.02.,Gruene,16
BT13230210B,YouGov,2023-02-10,1736,03.02.–09.02.,FDP,6
BT13230210B,YouGov,2023-02-10,1736,03.02.–09.02.,Linke,6
BT13230210B,YouGov,2023-02-10,1736,03.02.–09.02.,AfD,17
BT13230210B,YouGov,2023-02-10,1736,03.02.–09.02.,BSW,NA
BT03230211R,Verian,2023-02-11,1410,31.01.–07.02.,CDUCSU,25
BT03230211R,Verian,2023-02-11,1410,31.01.–07.02.,SPD,21
BT03230211R,Verian,2023-02-11,1410,31.01.–07.02.,Gruene,19
BT03230211R,Verian,2023-02-11,1410,31.01.–07.02.,FDP,7
BT03230211R,Verian,2023-02-11,1410,31.01.–07.02.,Linke,5
BT03230211R,Verian,2023-02-11,1410,31.01.–07.02.,AfD,15
BT03230211R,Verian,2023-02-11,1410,31.01.–07.02.,BSW,NA
BT05230211X,INSA,2023-02-11,1457,06.02.–10.02.,CDUCSU,28
BT05230211X,INSA,2023-02-11,1457,06.02.–10.02.,SPD,20
BT05230211X,INSA,2023-02-11,1457,06.02.–10.02.,Gruene,16
BT05230211X,INSA,2023-02-11,1457,06.02.–10.02.,FDP,8
BT05230211X,INSA,2023-02-11,1457,06.02.–10.02.,Linke,5
BT05230211X,INSA,2023-02-11,1457,06.02.–10.02.,AfD,16
BT05230211X,INSA,2023-02-11,1457,06.02.–10.02.,BSW,NA
BT05230213Y,INSA,2023-02-13,2005,10.02.–13.02.,CDUCSU,28
BT05230213Y,INSA,2023-02-13,2005,10.02.–13.02.,SPD,20
BT05230213Y,INSA,2023-02-13,2005,10.02.–13.02.,Gruene,16
BT05230213Y,INSA,2023-02-13,2005,10.02.–13.02.,FDP,7.5
BT05230213Y,INSA,2023-02-13,2005,10.02.–13.02.,Linke,5
BT05230213Y,INSA,2023-02-13,2005,10.02.–13.02.,AfD,16
BT05230213Y,INSA,2023-02-13,2005,10.02.–13.02.,BSW,NA
BT02230214M,Forsa,2023-02-14,2505,07.02.–13.02.,CDUCSU,28
BT02230214M,Forsa,2023-02-14,2505,07.02.–13.02.,SPD,21
BT02230214M,Forsa,2023-02-14,2505,07.02.–13.02.,Gruene,18
BT02230214M,Forsa,2023-02-14,2505,07.02.–13.02.,FDP,6
BT02230214M,Forsa,2023-02-14,2505,07.02.–13.02.,Linke,5
BT02230214M,Forsa,2023-02-14,2505,07.02.–13.02.,AfD,13
BT02230214M,Forsa,2023-02-14,2505,07.02.–13.02.,BSW,NA
BT09230215Q,Allensbach,2023-02-15,1088,27.01.–09.02.,CDUCSU,30
BT09230215Q,Allensbach,2023-02-15,1088,27.01.–09.02.,SPD,22.5
BT09230215Q,Allensbach,2023-02-15,1088,27.01.–09.02.,Gruene,16
BT09230215Q,Allensbach,2023-02-15,1088,27.01.–09.02.,FDP,7.5
BT09230215Q,Allensbach,2023-02-15,1088,27.01.–09.02.,Linke,4
BT09230215Q,Allensbach,2023-02-15,1088,27.01.–09.02.,AfD,14
BT09230215Q,Allensbach,2023-02-15,1088,27.01.–09.02.,BSW,NA
BT01230216D,Infratest dimap,2023-02-16,1216,14.02.–15.02.,CDUCSU,29
BT01230216D,Infratest dimap,2023-02-16,1216,14.02.–15.02.,SPD,19
BT01230216D,Infratest dimap,2023-02-16,1216,14.02.–15.02.,Gruene,17
BT01230216D,Infratest dimap,2023-02-16,1216,14.02.–15.02.,FDP,6
BT01230216D,Infratest dimap,2023-02-16,1216,14.02.–15.02.,Linke,5
BT01230216D,Infratest dimap,2023-02-16,1216,14.02.–15.02.,AfD,15
BT01230216D,Infratest dimap,2023-02-16,1216,14.02.–15.02.,BSW,NA
BT06230217P,Forschungsgruppe Wahlen,2023-02-17,1361,14.02.–16.02.,CDUCSU,30
BT06230217P,Forschungsgruppe Wahlen,2023-02-17,1361,14.02.–16.02.,SPD,20
BT06230217P,Forschungsgruppe Wahlen,2023-02-17,1361,14.02.–16.02.,Gruene,19
BT06230217P,Forschungsgruppe Wahlen,2023-02-17,1361,14.02.–16.02.,FDP,5
BT06230217P,Forschungsgruppe Wahlen,2023-02-17,1361,14.02.–16.02.,Linke,5
BT06230217P,Forschungsgruppe Wahlen,2023-02-17,1361,14.02.–16.02.,AfD,14
BT06230217P,Forschungsgruppe Wahlen,2023-02-17,1361,14.02.–16.02.,BSW,NA
BT03230218S,Verian,2023-02-18,1386,08.02.–14.02.,CDUCSU,26
BT03230218S,Verian,2023-02-18,1386,08.02.–14.02.,SPD,21
BT03230218S,Verian,2023-02-18,1386,08.02.–14.02.,Gruene,18
BT03230218S,Verian,2023-02-18,1386,08.02.–14.02.,FDP,7
BT03230218S,Verian,2023-02-18,1386,08.02.–14.02.,Linke,5
BT03230218S,Verian,2023-02-18,1386,08.02.–14.02.,AfD,15
BT03230218S,Verian,2023-02-18,1386,08.02.–14.02.,BSW,NA
BT05230218A,INSA,2023-02-18,1207,13.02.–17.02.,CDUCSU,29
BT05230218A,INSA,2023-02-18,1207,13.02.–17.02.,SPD,21
BT05230218A,INSA,2023-02-18,1207,13.02.–17.02.,Gruene,16
BT05230218A,INSA,2023-02-18,1207,13.02.–17.02.,FDP,7
BT05230218A,INSA,2023-02-18,1207,13.02.–17.02.,Linke,5
BT05230218A,INSA,2023-02-18,1207,13.02.–17.02.,AfD,16
BT05230218A,INSA,2023-02-18,1207,13.02.–17.02.,BSW,NA
BT05230220B,INSA,2023-02-20,2006,17.02.–20.02.,CDUCSU,29
BT05230220B,INSA,2023-02-20,2006,17.02.–20.02.,SPD,21.5
BT05230220B,INSA,2023-02-20,2006,17.02.–20.02.,Gruene,15.5
BT05230220B,INSA,2023-02-20,2006,17.02.–20.02.,FDP,7
BT05230220B,INSA,2023-02-20,2006,17.02.–20.02.,Linke,5
BT05230220B,INSA,2023-02-20,2006,17.02.–20.02.,AfD,15.5
BT05230220B,INSA,2023-02-20,2006,17.02.–20.02.,BSW,NA
BT02230221N,Forsa,2023-02-21,2510,14.02.–20.02.,CDUCSU,31
BT02230221N,Forsa,2023-02-21,2510,14.02.–20.02.,SPD,19
BT02230221N,Forsa,2023-02-21,2510,14.02.–20.02.,Gruene,17
BT02230221N,Forsa,2023-02-21,2510,14.02.–20.02.,FDP,6
BT02230221N,Forsa,2023-02-21,2510,14.02.–20.02.,Linke,5
BT02230221N,Forsa,2023-02-21,2510,14.02.–20.02.,AfD,13
BT02230221N,Forsa,2023-02-21,2510,14.02.–20.02.,BSW,NA
BT04230221I,GMS,2023-02-21,1004,15.02.–20.02.,CDUCSU,29
BT04230221I,GMS,2023-02-21,1004,15.02.–20.02.,SPD,19
BT04230221I,GMS,2023-02-21,1004,15.02.–20.02.,Gruene,17
BT04230221I,GMS,2023-02-21,1004,15.02.–20.02.,FDP,7
BT04230221I,GMS,2023-02-21,1004,15.02.–20.02.,Linke,5
BT04230221I,GMS,2023-02-21,1004,15.02.–20.02.,AfD,15
BT04230221I,GMS,2023-02-21,1004,15.02.–20.02.,BSW,NA
BT03230225T,Verian,2023-02-25,1373,14.02.–21.02.,CDUCSU,29
BT03230225T,Verian,2023-02-25,1373,14.02.–21.02.,SPD,21
BT03230225T,Verian,2023-02-25,1373,14.02.–21.02.,Gruene,17
BT03230225T,Verian,2023-02-25,1373,14.02.–21.02.,FDP,6
BT03230225T,Verian,2023-02-25,1373,14.02.–21.02.,Linke,5
BT03230225T,Verian,2023-02-25,1373,14.02.–21.02.,AfD,15
BT03230225T,Verian,2023-02-25,1373,14.02.–21.02.,BSW,NA
BT05230225C,INSA,2023-02-25,1200,20.02.–24.02.,CDUCSU,29
BT05230225C,INSA,2023-02-25,1200,20.02.–24.02.,SPD,21
BT05230225C,INSA,2023-02-25,1200,20.02.–24.02.,Gruene,16
BT05230225C,INSA,2023-02-25,1200,20.02.–24.02.,FDP,7
BT05230225C,INSA,2023-02-25,1200,20.02.–24.02.,Linke,5
BT05230225C,INSA,2023-02-25,1200,20.02.–24.02.,AfD,15
BT05230225C,INSA,2023-02-25,1200,20.02.–24.02.,BSW,NA
BT05230227D,INSA,2023-02-27,2010,24.02.–27.02.,CDUCSU,29.5
BT05230227D,INSA,2023-02-27,2010,24.02.–27.02.,SPD,20.5
BT05230227D,INSA,2023-02-27,2010,24.02.–27.02.,Gruene,15.5
BT05230227D,INSA,2023-02-27,2010,24.02.–27.02.,FDP,7.5
BT05230227D,INSA,2023-02-27,2010,24.02.–27.02.,Linke,4.5
BT05230227D,INSA,2023-02-27,2010,24.02.–27.02.,AfD,15.5
BT05230227D,INSA,2023-02-27,2010,24.02.–27.02.,BSW,NA
BT02230228O,Forsa,2023-02-28,2501,21.02.–27.02.,CDUCSU,31
BT02230228O,Forsa,2023-02-28,2501,21.02.–27.02.,SPD,20
BT02230228O,Forsa,2023-02-28,2501,21.02.–27.02.,Gruene,17
BT02230228O,Forsa,2023-02-28,2501,21.02.–27.02.,FDP,5
BT02230228O,Forsa,2023-02-28,2501,21.02.–27.02.,Linke,5
BT02230228O,Forsa,2023-02-28,2501,21.02.–27.02.,AfD,13
BT02230228O,Forsa,2023-02-28,2501,21.02.–27.02.,BSW,NA
BT01230302E,Infratest dimap,2023-03-02,1311,27.02.–01.03.,CDUCSU,31
BT01230302E,Infratest dimap,2023-03-02,1311,27.02.–01.03.,SPD,18
BT01230302E,Infratest dimap,2023-03-02,1311,27.02.–01.03.,Gruene,17
BT01230302E,Infratest dimap,2023-03-02,1311,27.02.–01.03.,FDP,6
BT01230302E,Infratest dimap,2023-03-02,1311,27.02.–01.03.,Linke,5
BT01230302E,Infratest dimap,2023-03-02,1311,27.02.–01.03.,AfD,14
BT01230302E,Infratest dimap,2023-03-02,1311,27.02.–01.03.,BSW,NA
BT06230303Q,Forschungsgruppe Wahlen,2023-03-03,1165,28.02.–02.03.,CDUCSU,29
BT06230303Q,Forschungsgruppe Wahlen,2023-03-03,1165,28.02.–02.03.,SPD,21
BT06230303Q,Forschungsgruppe Wahlen,2023-03-03,1165,28.02.–02.03.,Gruene,18
BT06230303Q,Forschungsgruppe Wahlen,2023-03-03,1165,28.02.–02.03.,FDP,5
BT06230303Q,Forschungsgruppe Wahlen,2023-03-03,1165,28.02.–02.03.,Linke,5
BT06230303Q,Forschungsgruppe Wahlen,2023-03-03,1165,28.02.–02.03.,AfD,15
BT06230303Q,Forschungsgruppe Wahlen,2023-03-03,1165,28.02.–02.03.,BSW,NA
BT03230304U,Verian,2023-03-04,1722,21.02.–28.02.,CDUCSU,28
BT03230304U,Verian,2023-03-04,1722,21.02.–28.02.,SPD,20
BT03230304U,Verian,2023-03-04,1722,21.02.–28.02.,Gruene,18
BT03230304U,Verian,2023-03-04,1722,21.02.–28.02.,FDP,6
BT03230304U,Verian,2023-03-04,1722,21.02.–28.02.,Linke,6
BT03230304U,Verian,2023-03-04,1722,21.02.–28.02.,AfD,14
BT03230304U,Verian,2023-03-04,1722,21.02.–28.02.,BSW,NA
BT05230305E,INSA,2023-03-05,1203,27.02.–03.03.,CDUCSU,30
BT05230305E,INSA,2023-03-05,1203,27.02.–03.03.,SPD,20
BT05230305E,INSA,2023-03-05,1203,27.02.–03.03.,Gruene,16
BT05230305E,INSA,2023-03-05,1203,27.02.–03.03.,FDP,7
BT05230305E,INSA,2023-03-05,1203,27.02.–03.03.,Linke,5
BT05230305E,INSA,2023-03-05,1203,27.02.–03.03.,AfD,15
BT05230305E,INSA,2023-03-05,1203,27.02.–03.03.,BSW,NA
BT02230307P,Forsa,2023-03-07,2504,28.02.–06.03.,CDUCSU,31
BT02230307P,Forsa,2023-03-07,2504,28.02.–06.03.,SPD,20
BT02230307P,Forsa,2023-03-07,2504,28.02.–06.03.,Gruene,17
BT02230307P,Forsa,2023-03-07,2504,28.02.–06.03.,FDP,5
BT02230307P,Forsa,2023-03-07,2504,28.02.–06.03.,Linke,5
BT02230307P,Forsa,2023-03-07,2504,28.02.–06.03.,AfD,13
BT02230307P,Forsa,2023-03-07,2504,28.02.–06.03.,BSW,NA
BT05230307F,INSA,2023-03-07,2007,03.03.–06.03.,CDUCSU,29.5
BT05230307F,INSA,2023-03-07,2007,03.03.–06.03.,SPD,20
BT05230307F,INSA,2023-03-07,2007,03.03.–06.03.,Gruene,15.5
BT05230307F,INSA,2023-03-07,2007,03.03.–06.03.,FDP,7.5
BT05230307F,INSA,2023-03-07,2007,03.03.–06.03.,Linke,5
BT05230307F,INSA,2023-03-07,2007,03.03.–06.03.,AfD,15.5
BT05230307F,INSA,2023-03-07,2007,03.03.–06.03.,BSW,NA
BT13230310B,YouGov,2023-03-10,1649,03.03.–07.03.,CDUCSU,28
BT13230310B,YouGov,2023-03-10,1649,03.03.–07.03.,SPD,20
BT13230310B,YouGov,2023-03-10,1649,03.03.–07.03.,Gruene,16
BT13230310B,YouGov,2023-03-10,1649,03.03.–07.03.,FDP,6
BT13230310B,YouGov,2023-03-10,1649,03.03.–07.03.,Linke,7
BT13230310B,YouGov,2023-03-10,1649,03.03.–07.03.,AfD,17
BT13230310B,YouGov,2023-03-10,1649,03.03.–07.03.,BSW,NA
BT03230311V,Verian,2023-03-11,1504,01.03.–07.03.,CDUCSU,29
BT03230311V,Verian,2023-03-11,1504,01.03.–07.03.,SPD,19
BT03230311V,Verian,2023-03-11,1504,01.03.–07.03.,Gruene,19
BT03230311V,Verian,2023-03-11,1504,01.03.–07.03.,FDP,7
BT03230311V,Verian,2023-03-11,1504,01.03.–07.03.,Linke,5
BT03230311V,Verian,2023-03-11,1504,01.03.–07.03.,AfD,13
BT03230311V,Verian,2023-03-11,1504,01.03.–07.03.,BSW,NA
BT05230311G,INSA,2023-03-11,1268,06.03.–10.03.,CDUCSU,29
BT05230311G,INSA,2023-03-11,1268,06.03.–10.03.,SPD,21
BT05230311G,INSA,2023-03-11,1268,06.03.–10.03.,Gruene,16
BT05230311G,INSA,2023-03-11,1268,06.03.–10.03.,FDP,7
BT05230311G,INSA,2023-03-11,1268,06.03.–10.03.,Linke,4
BT05230311G,INSA,2023-03-11,1268,06.03.–10.03.,AfD,15
BT05230311G,INSA,2023-03-11,1268,06.03.–10.03.,BSW,NA
BT05230313H,INSA,2023-03-13,2002,10.03.–13.03.,CDUCSU,28.5
BT05230313H,INSA,2023-03-13,2002,10.03.–13.03.,SPD,21.5
BT05230313H,INSA,2023-03-13,2002,10.03.–13.03.,Gruene,15.5
BT05230313H,INSA,2023-03-13,2002,10.03.–13.03.,FDP,7.5
BT05230313H,INSA,2023-03-13,2002,10.03.–13.03.,Linke,4
BT05230313H,INSA,2023-03-13,2002,10.03.–13.03.,AfD,16
BT05230313H,INSA,2023-03-13,2002,10.03.–13.03.,BSW,NA
BT02230314Q,Forsa,2023-03-14,2505,07.03.–13.03.,CDUCSU,29
BT02230314Q,Forsa,2023-03-14,2505,07.03.–13.03.,SPD,20
BT02230314Q,Forsa,2023-03-14,2505,07.03.–13.03.,Gruene,17
BT02230314Q,Forsa,2023-03-14,2505,07.03.–13.03.,FDP,6
BT02230314Q,Forsa,2023-03-14,2505,07.03.–13.03.,Linke,5
BT02230314Q,Forsa,2023-03-14,2505,07.03.–13.03.,AfD,14
BT02230314Q,Forsa,2023-03-14,2505,07.03.–13.03.,BSW,NA
BT01230316F,Infratest dimap,2023-03-16,1215,14.03.–15.03.,CDUCSU,30
BT01230316F,Infratest dimap,2023-03-16,1215,14.03.–15.03.,SPD,18
BT01230316F,Infratest dimap,2023-03-16,1215,14.03.–15.03.,Gruene,16
BT01230316F,Infratest dimap,2023-03-16,1215,14.03.–15.03.,FDP,7
BT01230316F,Infratest dimap,2023-03-16,1215,14.03.–15.03.,Linke,5
BT01230316F,Infratest dimap,2023-03-16,1215,14.03.–15.03.,AfD,15
BT01230316F,Infratest dimap,2023-03-16,1215,14.03.–15.03.,BSW,NA
BT06230317R,Forschungsgruppe Wahlen,2023-03-17,1146,14.03.–16.03.,CDUCSU,29
BT06230317R,Forschungsgruppe Wahlen,2023-03-17,1146,14.03.–16.03.,SPD,21
BT06230317R,Forschungsgruppe Wahlen,2023-03-17,1146,14.03.–16.03.,Gruene,19
BT06230317R,Forschungsgruppe Wahlen,2023-03-17,1146,14.03.–16.03.,FDP,5
BT06230317R,Forschungsgruppe Wahlen,2023-03-17,1146,14.03.–16.03.,Linke,5
BT06230317R,Forschungsgruppe Wahlen,2023-03-17,1146,14.03.–16.03.,AfD,14
BT06230317R,Forschungsgruppe Wahlen,2023-03-17,1146,14.03.–16.03.,BSW,NA
BT03230318W,Verian,2023-03-18,1423,08.03.–14.03.,CDUCSU,28
BT03230318W,Verian,2023-03-18,1423,08.03.–14.03.,SPD,19
BT03230318W,Verian,2023-03-18,1423,08.03.–14.03.,Gruene,18
BT03230318W,Verian,2023-03-18,1423,08.03.–14.03.,FDP,7
BT03230318W,Verian,2023-03-18,1423,08.03.–14.03.,Linke,5
BT03230318W,Verian,2023-03-18,1423,08.03.–14.03.,AfD,15
BT03230318W,Verian,2023-03-18,1423,08.03.–14.03.,BSW,NA
BT05230319I,INSA,2023-03-19,1202,13.03.–17.03.,CDUCSU,28
BT05230319I,INSA,2023-03-19,1202,13.03.–17.03.,SPD,21
BT05230319I,INSA,2023-03-19,1202,13.03.–17.03.,Gruene,15
BT05230319I,INSA,2023-03-19,1202,13.03.–17.03.,FDP,8
BT05230319I,INSA,2023-03-19,1202,13.03.–17.03.,Linke,5
BT05230319I,INSA,2023-03-19,1202,13.03.–17.03.,AfD,16
BT05230319I,INSA,2023-03-19,1202,13.03.–17.03.,BSW,NA
BT05230320J,INSA,2023-03-20,2006,17.03.–20.03.,CDUCSU,28
BT05230320J,INSA,2023-03-20,2006,17.03.–20.03.,SPD,21.5
BT05230320J,INSA,2023-03-20,2006,17.03.–20.03.,Gruene,15
BT05230320J,INSA,2023-03-20,2006,17.03.–20.03.,FDP,7.5
BT05230320J,INSA,2023-03-20,2006,17.03.–20.03.,Linke,5
BT05230320J,INSA,2023-03-20,2006,17.03.–20.03.,AfD,16
BT05230320J,INSA,2023-03-20,2006,17.03.–20.03.,BSW,NA
BT02230321R,Forsa,2023-03-21,2503,14.03.–20.03.,CDUCSU,29
BT02230321R,Forsa,2023-03-21,2503,14.03.–20.03.,SPD,19
BT02230321R,Forsa,2023-03-21,2503,14.03.–20.03.,Gruene,18
BT02230321R,Forsa,2023-03-21,2503,14.03.–20.03.,FDP,6
BT02230321R,Forsa,2023-03-21,2503,14.03.–20.03.,Linke,5
BT02230321R,Forsa,2023-03-21,2503,14.03.–20.03.,AfD,14
BT02230321R,Forsa,2023-03-21,2503,14.03.–20.03.,BSW,NA
BT09230323R,Allensbach,2023-03-23,1101,02.03.–15.03.,CDUCSU,31
BT09230323R,Allensbach,2023-03-23,1101,02.03.–15.03.,SPD,21
BT09230323R,Allensbach,2023-03-23,1101,02.03.–15.03.,Gruene,16
BT09230323R,Allensbach,2023-03-23,1101,02.03.–15.03.,FDP,6.5
BT09230323R,Allensbach,2023-03-23,1101,02.03.–15.03.,Linke,4.5
BT09230323R,Allensbach,2023-03-23,1101,02.03.–15.03.,AfD,15
BT09230323R,Allensbach,2023-03-23,1101,02.03.–15.03.,BSW,NA
BT03230325X,Verian,2023-03-25,1504,14.03.–21.03.,CDUCSU,28
BT03230325X,Verian,2023-03-25,1504,14.03.–21.03.,SPD,18
BT03230325X,Verian,2023-03-25,1504,14.03.–21.03.,Gruene,18
BT03230325X,Verian,2023-03-25,1504,14.03.–21.03.,FDP,7
BT03230325X,Verian,2023-03-25,1504,14.03.–21.03.,Linke,5
BT03230325X,Verian,2023-03-25,1504,14.03.–21.03.,AfD,15
BT03230325X,Verian,2023-03-25,1504,14.03.–21.03.,BSW,NA
BT05230325L,INSA,2023-03-25,1203,20.03.–24.03.,CDUCSU,28
BT05230325L,INSA,2023-03-25,1203,20.03.–24.03.,SPD,21
BT05230325L,INSA,2023-03-25,1203,20.03.–24.03.,Gruene,16
BT05230325L,INSA,2023-03-25,1203,20.03.–24.03.,FDP,8
BT05230325L,INSA,2023-03-25,1203,20.03.–24.03.,Linke,4
BT05230325L,INSA,2023-03-25,1203,20.03.–24.03.,AfD,15
BT05230325L,INSA,2023-03-25,1203,20.03.–24.03.,BSW,NA
BT05230327M,INSA,2023-03-27,2004,24.03.–27.03.,CDUCSU,28
BT05230327M,INSA,2023-03-27,2004,24.03.–27.03.,SPD,20.5
BT05230327M,INSA,2023-03-27,2004,24.03.–27.03.,Gruene,16
BT05230327M,INSA,2023-03-27,2004,24.03.–27.03.,FDP,8
BT05230327M,INSA,2023-03-27,2004,24.03.–27.03.,Linke,4
BT05230327M,INSA,2023-03-27,2004,24.03.–27.03.,AfD,15.5
BT05230327M,INSA,2023-03-27,2004,24.03.–27.03.,BSW,NA
BT02230328S,Forsa,2023-03-28,2506,21.03.–27.03.,CDUCSU,29
BT02230328S,Forsa,2023-03-28,2506,21.03.–27.03.,SPD,19
BT02230328S,Forsa,2023-03-28,2506,21.03.–27.03.,Gruene,18
BT02230328S,Forsa,2023-03-28,2506,21.03.–27.03.,FDP,6
BT02230328S,Forsa,2023-03-28,2506,21.03.–27.03.,Linke,4
BT02230328S,Forsa,2023-03-28,2506,21.03.–27.03.,AfD,14
BT02230328S,Forsa,2023-03-28,2506,21.03.–27.03.,BSW,NA
BT06230331S,Forschungsgruppe Wahlen,2023-03-31,1379,28.03.–30.03.,CDUCSU,30
BT06230331S,Forschungsgruppe Wahlen,2023-03-31,1379,28.03.–30.03.,SPD,19
BT06230331S,Forschungsgruppe Wahlen,2023-03-31,1379,28.03.–30.03.,Gruene,17
BT06230331S,Forschungsgruppe Wahlen,2023-03-31,1379,28.03.–30.03.,FDP,7
BT06230331S,Forschungsgruppe Wahlen,2023-03-31,1379,28.03.–30.03.,Linke,5
BT06230331S,Forschungsgruppe Wahlen,2023-03-31,1379,28.03.–30.03.,AfD,15
BT06230331S,Forschungsgruppe Wahlen,2023-03-31,1379,28.03.–30.03.,BSW,NA
BT03230401Y,Verian,2023-04-01,1387,21.03.–28.03.,CDUCSU,28
BT03230401Y,Verian,2023-04-01,1387,21.03.–28.03.,SPD,18
BT03230401Y,Verian,2023-04-01,1387,21.03.–28.03.,Gruene,19
BT03230401Y,Verian,2023-04-01,1387,21.03.–28.03.,FDP,7
BT03230401Y,Verian,2023-04-01,1387,21.03.–28.03.,Linke,4
BT03230401Y,Verian,2023-04-01,1387,21.03.–28.03.,AfD,15
BT03230401Y,Verian,2023-04-01,1387,21.03.–28.03.,BSW,NA
BT05230401N,INSA,2023-04-01,1200,27.03.–31.03.,CDUCSU,27
BT05230401N,INSA,2023-04-01,1200,27.03.–31.03.,SPD,21
BT05230401N,INSA,2023-04-01,1200,27.03.–31.03.,Gruene,16
BT05230401N,INSA,2023-04-01,1200,27.03.–31.03.,FDP,8
BT05230401N,INSA,2023-04-01,1200,27.03.–31.03.,Linke,4
BT05230401N,INSA,2023-04-01,1200,27.03.–31.03.,AfD,16
BT05230401N,INSA,2023-04-01,1200,27.03.–31.03.,BSW,NA
BT05230403O,INSA,2023-04-03,2007,31.03.–03.04.,CDUCSU,28
BT05230403O,INSA,2023-04-03,2007,31.03.–03.04.,SPD,20
BT05230403O,INSA,2023-04-03,2007,31.03.–03.04.,Gruene,15.5
BT05230403O,INSA,2023-04-03,2007,31.03.–03.04.,FDP,7.5
BT05230403O,INSA,2023-04-03,2007,31.03.–03.04.,Linke,4.5
BT05230403O,INSA,2023-04-03,2007,31.03.–03.04.,AfD,16
BT05230403O,INSA,2023-04-03,2007,31.03.–03.04.,BSW,NA
BT02230404T,Forsa,2023-04-04,2502,28.03.–03.04.,CDUCSU,29
BT02230404T,Forsa,2023-04-04,2502,28.03.–03.04.,SPD,18
BT02230404T,Forsa,2023-04-04,2502,28.03.–03.04.,Gruene,18
BT02230404T,Forsa,2023-04-04,2502,28.03.–03.04.,FDP,7
BT02230404T,Forsa,2023-04-04,2502,28.03.–03.04.,Linke,4
BT02230404T,Forsa,2023-04-04,2502,28.03.–03.04.,AfD,14
BT02230404T,Forsa,2023-04-04,2502,28.03.–03.04.,BSW,NA
BT04230404J,GMS,2023-04-04,1007,29.03.–03.04.,CDUCSU,31
BT04230404J,GMS,2023-04-04,1007,29.03.–03.04.,SPD,19
BT04230404J,GMS,2023-04-04,1007,29.03.–03.04.,Gruene,17
BT04230404J,GMS,2023-04-04,1007,29.03.–03.04.,FDP,6
BT04230404J,GMS,2023-04-04,1007,29.03.–03.04.,Linke,4
BT04230404J,GMS,2023-04-04,1007,29.03.–03.04.,AfD,15
BT04230404J,GMS,2023-04-04,1007,29.03.–03.04.,BSW,NA
BT01230406G,Infratest dimap,2023-04-06,1304,03.04.–05.04.,CDUCSU,30
BT01230406G,Infratest dimap,2023-04-06,1304,03.04.–05.04.,SPD,18
BT01230406G,Infratest dimap,2023-04-06,1304,03.04.–05.04.,Gruene,17
BT01230406G,Infratest dimap,2023-04-06,1304,03.04.–05.04.,FDP,7
BT01230406G,Infratest dimap,2023-04-06,1304,03.04.–05.04.,Linke,4
BT01230406G,Infratest dimap,2023-04-06,1304,03.04.–05.04.,AfD,15
BT01230406G,Infratest dimap,2023-04-06,1304,03.04.–05.04.,BSW,NA
BT13230406C,YouGov,2023-04-06,1522,30.03.–04.04.,CDUCSU,30
BT13230406C,YouGov,2023-04-06,1522,30.03.–04.04.,SPD,20
BT13230406C,YouGov,2023-04-06,1522,30.03.–04.04.,Gruene,15
BT13230406C,YouGov,2023-04-06,1522,30.03.–04.04.,FDP,6
BT13230406C,YouGov,2023-04-06,1522,30.03.–04.04.,Linke,6
BT13230406C,YouGov,2023-04-06,1522,30.03.–04.04.,AfD,17
BT13230406C,YouGov,2023-04-06,1522,30.03.–04.04.,BSW,NA
BT03230408A,Verian,2023-04-08,1269,29.03.–04.04.,CDUCSU,27
BT03230408A,Verian,2023-04-08,1269,29.03.–04.04.,SPD,20
BT03230408A,Verian,2023-04-08,1269,29.03.–04.04.,Gruene,18
BT03230408A,Verian,2023-04-08,1269,29.03.–04.04.,FDP,8
BT03230408A,Verian,2023-04-08,1269,29.03.–04.04.,Linke,5
BT03230408A,Verian,2023-04-08,1269,29.03.–04.04.,AfD,14
BT03230408A,Verian,2023-04-08,1269,29.03.–04.04.,BSW,NA
BT05230408P,INSA,2023-04-08,1204,03.04.–06.04.,CDUCSU,28
BT05230408P,INSA,2023-04-08,1204,03.04.–06.04.,SPD,20
BT05230408P,INSA,2023-04-08,1204,03.04.–06.04.,Gruene,16
BT05230408P,INSA,2023-04-08,1204,03.04.–06.04.,FDP,8
BT05230408P,INSA,2023-04-08,1204,03.04.–06.04.,Linke,4
BT05230408P,INSA,2023-04-08,1204,03.04.–06.04.,AfD,16
BT05230408P,INSA,2023-04-08,1204,03.04.–06.04.,BSW,NA
BT02230411U,Forsa,2023-04-11,1501,04.04.–06.04.,CDUCSU,30
BT02230411U,Forsa,2023-04-11,1501,04.04.–06.04.,SPD,18
BT02230411U,Forsa,2023-04-11,1501,04.04.–06.04.,Gruene,18
BT02230411U,Forsa,2023-04-11,1501,04.04.–06.04.,FDP,7
BT02230411U,Forsa,2023-04-11,1501,04.04.–06.04.,Linke,4
BT02230411U,Forsa,2023-04-11,1501,04.04.–06.04.,AfD,14
BT02230411U,Forsa,2023-04-11,1501,04.04.–06.04.,BSW,NA
BT05230411Q,INSA,2023-04-11,2005,06.04.–11.04.,CDUCSU,27.5
BT05230411Q,INSA,2023-04-11,2005,06.04.–11.04.,SPD,20
BT05230411Q,INSA,2023-04-11,2005,06.04.–11.04.,Gruene,15.5
BT05230411Q,INSA,2023-04-11,2005,06.04.–11.04.,FDP,8
BT05230411Q,INSA,2023-04-11,2005,06.04.–11.04.,Linke,4.5
BT05230411Q,INSA,2023-04-11,2005,06.04.–11.04.,AfD,16
BT05230411Q,INSA,2023-04-11,2005,06.04.–11.04.,BSW,NA
BT01230413H,Infratest dimap,2023-04-13,1204,11.04.–12.04.,CDUCSU,29
BT01230413H,Infratest dimap,2023-04-13,1204,11.04.–12.04.,SPD,19
BT01230413H,Infratest dimap,2023-04-13,1204,11.04.–12.04.,Gruene,17
BT01230413H,Infratest dimap,2023-04-13,1204,11.04.–12.04.,FDP,7
BT01230413H,Infratest dimap,2023-04-13,1204,11.04.–12.04.,Linke,4
BT01230413H,Infratest dimap,2023-04-13,1204,11.04.–12.04.,AfD,15
BT01230413H,Infratest dimap,2023-04-13,1204,11.04.–12.04.,BSW,NA
BT03230415B,Verian,2023-04-15,1367,05.04.–11.04.,CDUCSU,27
BT03230415B,Verian,2023-04-15,1367,05.04.–11.04.,SPD,21
BT03230415B,Verian,2023-04-15,1367,05.04.–11.04.,Gruene,17
BT03230415B,Verian,2023-04-15,1367,05.04.–11.04.,FDP,8
BT03230415B,Verian,2023-04-15,1367,05.04.–11.04.,Linke,5
BT03230415B,Verian,2023-04-15,1367,05.04.–11.04.,AfD,14
BT03230415B,Verian,2023-04-15,1367,05.04.–11.04.,BSW,NA
BT05230415R,INSA,2023-04-15,1204,11.04.–14.04.,CDUCSU,27
BT05230415R,INSA,2023-04-15,1204,11.04.–14.04.,SPD,21
BT05230415R,INSA,2023-04-15,1204,11.04.–14.04.,Gruene,15
BT05230415R,INSA,2023-04-15,1204,11.04.–14.04.,FDP,8
BT05230415R,INSA,2023-04-15,1204,11.04.–14.04.,Linke,5
BT05230415R,INSA,2023-04-15,1204,11.04.–14.04.,AfD,16
BT05230415R,INSA,2023-04-15,1204,11.04.–14.04.,BSW,NA
BT05230417S,INSA,2023-04-17,2008,14.04.–17.04.,CDUCSU,27.5
BT05230417S,INSA,2023-04-17,2008,14.04.–17.04.,SPD,21
BT05230417S,INSA,2023-04-17,2008,14.04.–17.04.,Gruene,15
BT05230417S,INSA,2023-04-17,2008,14.04.–17.04.,FDP,8
BT05230417S,INSA,2023-04-17,2008,14.04.–17.04.,Linke,4.5
BT05230417S,INSA,2023-04-17,2008,14.04.–17.04.,AfD,16
BT05230417S,INSA,2023-04-17,2008,14.04.–17.04.,BSW,NA
BT02230418V,Forsa,2023-04-18,2508,11.04.–17.04.,CDUCSU,29
BT02230418V,Forsa,2023-04-18,2508,11.04.–17.04.,SPD,18
BT02230418V,Forsa,2023-04-18,2508,11.04.–17.04.,Gruene,17
BT02230418V,Forsa,2023-04-18,2508,11.04.–17.04.,FDP,7
BT02230418V,Forsa,2023-04-18,2508,11.04.–17.04.,Linke,4
BT02230418V,Forsa,2023-04-18,2508,11.04.–17.04.,AfD,15
BT02230418V,Forsa,2023-04-18,2508,11.04.–17.04.,BSW,NA
BT06230421T,Forschungsgruppe Wahlen,2023-04-21,1266,18.04.–20.04.,CDUCSU,31
BT06230421T,Forschungsgruppe Wahlen,2023-04-21,1266,18.04.–20.04.,SPD,18
BT06230421T,Forschungsgruppe Wahlen,2023-04-21,1266,18.04.–20.04.,Gruene,18
BT06230421T,Forschungsgruppe Wahlen,2023-04-21,1266,18.04.–20.04.,FDP,6
BT06230421T,Forschungsgruppe Wahlen,2023-04-21,1266,18.04.–20.04.,Linke,4
BT06230421T,Forschungsgruppe Wahlen,2023-04-21,1266,18.04.–20.04.,AfD,15
BT06230421T,Forschungsgruppe Wahlen,2023-04-21,1266,18.04.–20.04.,BSW,NA
BT03230422C,Verian,2023-04-22,1407,12.04.–18.04.,CDUCSU,29
BT03230422C,Verian,2023-04-22,1407,12.04.–18.04.,SPD,19
BT03230422C,Verian,2023-04-22,1407,12.04.–18.04.,Gruene,17
BT03230422C,Verian,2023-04-22,1407,12.04.–18.04.,FDP,7
BT03230422C,Verian,2023-04-22,1407,12.04.–18.04.,Linke,4
BT03230422C,Verian,2023-04-22,1407,12.04.–18.04.,AfD,15
BT03230422C,Verian,2023-04-22,1407,12.04.–18.04.,BSW,NA
BT05230422T,INSA,2023-04-22,1202,17.04.–21.04.,CDUCSU,28
BT05230422T,INSA,2023-04-22,1202,17.04.–21.04.,SPD,20
BT05230422T,INSA,2023-04-22,1202,17.04.–21.04.,Gruene,15
BT05230422T,INSA,2023-04-22,1202,17.04.–21.04.,FDP,9
BT05230422T,INSA,2023-04-22,1202,17.04.–21.04.,Linke,4
BT05230422T,INSA,2023-04-22,1202,17.04.–21.04.,AfD,16
BT05230422T,INSA,2023-04-22,1202,17.04.–21.04.,BSW,NA
BT05230424U,INSA,2023-04-24,2004,21.04.–24.04.,CDUCSU,27.5
BT05230424U,INSA,2023-04-24,2004,21.04.–24.04.,SPD,20
BT05230424U,INSA,2023-04-24,2004,21.04.–24.04.,Gruene,14.5
BT05230424U,INSA,2023-04-24,2004,21.04.–24.04.,FDP,9
BT05230424U,INSA,2023-04-24,2004,21.04.–24.04.,Linke,4.5
BT05230424U,INSA,2023-04-24,2004,21.04.–24.04.,AfD,16
BT05230424U,INSA,2023-04-24,2004,21.04.–24.04.,BSW,NA
BT02230425W,Forsa,2023-04-25,2506,18.04.–24.04.,CDUCSU,30
BT02230425W,Forsa,2023-04-25,2506,18.04.–24.04.,SPD,18
BT02230425W,Forsa,2023-04-25,2506,18.04.–24.04.,Gruene,16
BT02230425W,Forsa,2023-04-25,2506,18.04.–24.04.,FDP,7
BT02230425W,Forsa,2023-04-25,2506,18.04.–24.04.,Linke,4
BT02230425W,Forsa,2023-04-25,2506,18.04.–24.04.,AfD,15
BT02230425W,Forsa,2023-04-25,2506,18.04.–24.04.,BSW,NA
BT09230426S,Allensbach,2023-04-26,1007,03.04.–18.04.,CDUCSU,31
BT09230426S,Allensbach,2023-04-26,1007,03.04.–18.04.,SPD,20
BT09230426S,Allensbach,2023-04-26,1007,03.04.–18.04.,Gruene,15
BT09230426S,Allensbach,2023-04-26,1007,03.04.–18.04.,FDP,7.5
BT09230426S,Allensbach,2023-04-26,1007,03.04.–18.04.,Linke,5
BT09230426S,Allensbach,2023-04-26,1007,03.04.–18.04.,AfD,16
BT09230426S,Allensbach,2023-04-26,1007,03.04.–18.04.,BSW,NA
BT03230429D,Verian,2023-04-29,1426,18.04.–25.04.,CDUCSU,30
BT03230429D,Verian,2023-04-29,1426,18.04.–25.04.,SPD,18
BT03230429D,Verian,2023-04-29,1426,18.04.–25.04.,Gruene,16
BT03230429D,Verian,2023-04-29,1426,18.04.–25.04.,FDP,7
BT03230429D,Verian,2023-04-29,1426,18.04.–25.04.,Linke,5
BT03230429D,Verian,2023-04-29,1426,18.04.–25.04.,AfD,16
BT03230429D,Verian,2023-04-29,1426,18.04.–25.04.,BSW,NA
BT05230429V,INSA,2023-04-29,1202,24.04.–28.04.,CDUCSU,28
BT05230429V,INSA,2023-04-29,1202,24.04.–28.04.,SPD,21
BT05230429V,INSA,2023-04-29,1202,24.04.–28.04.,Gruene,14
BT05230429V,INSA,2023-04-29,1202,24.04.–28.04.,FDP,8
BT05230429V,INSA,2023-04-29,1202,24.04.–28.04.,Linke,5
BT05230429V,INSA,2023-04-29,1202,24.04.–28.04.,AfD,16
BT05230429V,INSA,2023-04-29,1202,24.04.–28.04.,BSW,NA
BT02230502X,Forsa,2023-05-02,2007,25.04.–28.04.,CDUCSU,30
BT02230502X,Forsa,2023-05-02,2007,25.04.–28.04.,SPD,17
BT02230502X,Forsa,2023-05-02,2007,25.04.–28.04.,Gruene,16
BT02230502X,Forsa,2023-05-02,2007,25.04.–28.04.,FDP,7
BT02230502X,Forsa,2023-05-02,2007,25.04.–28.04.,Linke,4
BT02230502X,Forsa,2023-05-02,2007,25.04.–28.04.,AfD,16
BT02230502X,Forsa,2023-05-02,2007,25.04.–28.04.,BSW,NA
BT05230502W,INSA,2023-05-02,2006,28.04.–02.05.,CDUCSU,27
BT05230502W,INSA,2023-05-02,2006,28.04.–02.05.,SPD,21
BT05230502W,INSA,2023-05-02,2006,28.04.–02.05.,Gruene,15
BT05230502W,INSA,2023-05-02,2006,28.04.–02.05.,FDP,8
BT05230502W,INSA,2023-05-02,2006,28.04.–02.05.,Linke,4.5
BT05230502W,INSA,2023-05-02,2006,28.04.–02.05.,AfD,16.5
BT05230502W,INSA,2023-05-02,2006,28.04.–02.05.,BSW,NA
BT01230504I,Infratest dimap,2023-05-04,1360,02.05.–03.05.,CDUCSU,30
BT01230504I,Infratest dimap,2023-05-04,1360,02.05.–03.05.,SPD,17
BT01230504I,Infratest dimap,2023-05-04,1360,02.05.–03.05.,Gruene,16
BT01230504I,Infratest dimap,2023-05-04,1360,02.05.–03.05.,FDP,7
BT01230504I,Infratest dimap,2023-05-04,1360,02.05.–03.05.,Linke,5
BT01230504I,Infratest dimap,2023-05-04,1360,02.05.–03.05.,AfD,16
BT01230504I,Infratest dimap,2023-05-04,1360,02.05.–03.05.,BSW,NA
BT06230505U,Forschungsgruppe Wahlen,2023-05-05,1225,02.05.–04.05.,CDUCSU,30
BT06230505U,Forschungsgruppe Wahlen,2023-05-05,1225,02.05.–04.05.,SPD,19
BT06230505U,Forschungsgruppe Wahlen,2023-05-05,1225,02.05.–04.05.,Gruene,17
BT06230505U,Forschungsgruppe Wahlen,2023-05-05,1225,02.05.–04.05.,FDP,6
BT06230505U,Forschungsgruppe Wahlen,2023-05-05,1225,02.05.–04.05.,Linke,5
BT06230505U,Forschungsgruppe Wahlen,2023-05-05,1225,02.05.–04.05.,AfD,15
BT06230505U,Forschungsgruppe Wahlen,2023-05-05,1225,02.05.–04.05.,BSW,NA
BT03230506E,Verian,2023-05-06,1394,26.04.–02.05.,CDUCSU,31
BT03230506E,Verian,2023-05-06,1394,26.04.–02.05.,SPD,17
BT03230506E,Verian,2023-05-06,1394,26.04.–02.05.,Gruene,16
BT03230506E,Verian,2023-05-06,1394,26.04.–02.05.,FDP,8
BT03230506E,Verian,2023-05-06,1394,26.04.–02.05.,Linke,4
BT03230506E,Verian,2023-05-06,1394,26.04.–02.05.,AfD,16
BT03230506E,Verian,2023-05-06,1394,26.04.–02.05.,BSW,NA
BT05230506X,INSA,2023-05-06,1204,02.05.–05.05.,CDUCSU,28
BT05230506X,INSA,2023-05-06,1204,02.05.–05.05.,SPD,20
BT05230506X,INSA,2023-05-06,1204,02.05.–05.05.,Gruene,14
BT05230506X,INSA,2023-05-06,1204,02.05.–05.05.,FDP,9
BT05230506X,INSA,2023-05-06,1204,02.05.–05.05.,Linke,4
BT05230506X,INSA,2023-05-06,1204,02.05.–05.05.,AfD,16
BT05230506X,INSA,2023-05-06,1204,02.05.–05.05.,BSW,NA
BT05230508Y,INSA,2023-05-08,2008,05.05.–08.05.,CDUCSU,28
BT05230508Y,INSA,2023-05-08,2008,05.05.–08.05.,SPD,20
BT05230508Y,INSA,2023-05-08,2008,05.05.–08.05.,Gruene,14
BT05230508Y,INSA,2023-05-08,2008,05.05.–08.05.,FDP,9
BT05230508Y,INSA,2023-05-08,2008,05.05.–08.05.,Linke,4.5
BT05230508Y,INSA,2023-05-08,2008,05.05.–08.05.,AfD,16.5
BT05230508Y,INSA,2023-05-08,2008,05.05.–08.05.,BSW,NA
BT02230509Y,Forsa,2023-05-09,2505,02.05.–08.05.,CDUCSU,29
BT02230509Y,Forsa,2023-05-09,2505,02.05.–08.05.,SPD,18
BT02230509Y,Forsa,2023-05-09,2505,02.05.–08.05.,Gruene,16
BT02230509Y,Forsa,2023-05-09,2505,02.05.–08.05.,FDP,7
BT02230509Y,Forsa,2023-05-09,2505,02.05.–08.05.,Linke,4
BT02230509Y,Forsa,2023-05-09,2505,02.05.–08.05.,AfD,16
BT02230509Y,Forsa,2023-05-09,2505,02.05.–08.05.,BSW,NA
BT01230511J,Infratest dimap,2023-05-11,1220,09.05.–10.05.,CDUCSU,28
BT01230511J,Infratest dimap,2023-05-11,1220,09.05.–10.05.,SPD,18
BT01230511J,Infratest dimap,2023-05-11,1220,09.05.–10.05.,Gruene,16
BT01230511J,Infratest dimap,2023-05-11,1220,09.05.–10.05.,FDP,8
BT01230511J,Infratest dimap,2023-05-11,1220,09.05.–10.05.,Linke,5
BT01230511J,Infratest dimap,2023-05-11,1220,09.05.–10.05.,AfD,16
BT01230511J,Infratest dimap,2023-05-11,1220,09.05.–10.05.,BSW,NA
BT13230512D,YouGov,2023-05-12,1700,05.05.–09.05.,CDUCSU,31
BT13230512D,YouGov,2023-05-12,1700,05.05.–09.05.,SPD,16
BT13230512D,YouGov,2023-05-12,1700,05.05.–09.05.,Gruene,16
BT13230512D,YouGov,2023-05-12,1700,05.05.–09.05.,FDP,5
BT13230512D,YouGov,2023-05-12,1700,05.05.–09.05.,Linke,6
BT13230512D,YouGov,2023-05-12,1700,05.05.–09.05.,AfD,17
BT13230512D,YouGov,2023-05-12,1700,05.05.–09.05.,BSW,NA
BT03230513F,Verian,2023-05-13,1405,03.05.–09.05.,CDUCSU,29
BT03230513F,Verian,2023-05-13,1405,03.05.–09.05.,SPD,18
BT03230513F,Verian,2023-05-13,1405,03.05.–09.05.,Gruene,17
BT03230513F,Verian,2023-05-13,1405,03.05.–09.05.,FDP,8
BT03230513F,Verian,2023-05-13,1405,03.05.–09.05.,Linke,5
BT03230513F,Verian,2023-05-13,1405,03.05.–09.05.,AfD,16
BT03230513F,Verian,2023-05-13,1405,03.05.–09.05.,BSW,NA
BT05230513A,INSA,2023-05-13,1205,08.05.–12.05.,CDUCSU,28
BT05230513A,INSA,2023-05-13,1205,08.05.–12.05.,SPD,20
BT05230513A,INSA,2023-05-13,1205,08.05.–12.05.,Gruene,15
BT05230513A,INSA,2023-05-13,1205,08.05.–12.05.,FDP,9
BT05230513A,INSA,2023-05-13,1205,08.05.–12.05.,Linke,4
BT05230513A,INSA,2023-05-13,1205,08.05.–12.05.,AfD,16
BT05230513A,INSA,2023-05-13,1205,08.05.–12.05.,BSW,NA
BT05230515B,INSA,2023-05-15,2010,12.05.–15.05.,CDUCSU,28
BT05230515B,INSA,2023-05-15,2010,12.05.–15.05.,SPD,20
BT05230515B,INSA,2023-05-15,2010,12.05.–15.05.,Gruene,14.5
BT05230515B,INSA,2023-05-15,2010,12.05.–15.05.,FDP,8.5
BT05230515B,INSA,2023-05-15,2010,12.05.–15.05.,Linke,5
BT05230515B,INSA,2023-05-15,2010,12.05.–15.05.,AfD,16.5
BT05230515B,INSA,2023-05-15,2010,12.05.–15.05.,BSW,NA
BT02230516A,Forsa,2023-05-16,2503,09.05.–15.05.,CDUCSU,30
BT02230516A,Forsa,2023-05-16,2503,09.05.–15.05.,SPD,17
BT02230516A,Forsa,2023-05-16,2503,09.05.–15.05.,Gruene,15
BT02230516A,Forsa,2023-05-16,2503,09.05.–15.05.,FDP,8
BT02230516A,Forsa,2023-05-16,2503,09.05.–15.05.,Linke,4
BT02230516A,Forsa,2023-05-16,2503,09.05.–15.05.,AfD,16
BT02230516A,Forsa,2023-05-16,2503,09.05.–15.05.,BSW,NA
BT09230518T,Allensbach,2023-05-18,1001,28.04.–10.05.,CDUCSU,32
BT09230518T,Allensbach,2023-05-18,1001,28.04.–10.05.,SPD,18
BT09230518T,Allensbach,2023-05-18,1001,28.04.–10.05.,Gruene,16
BT09230518T,Allensbach,2023-05-18,1001,28.04.–10.05.,FDP,8
BT09230518T,Allensbach,2023-05-18,1001,28.04.–10.05.,Linke,5
BT09230518T,Allensbach,2023-05-18,1001,28.04.–10.05.,AfD,15
BT09230518T,Allensbach,2023-05-18,1001,28.04.–10.05.,BSW,NA
BT03230520G,Verian,2023-05-20,1401,09.05.–16.05.,CDUCSU,28
BT03230520G,Verian,2023-05-20,1401,09.05.–16.05.,SPD,18
BT03230520G,Verian,2023-05-20,1401,09.05.–16.05.,Gruene,16
BT03230520G,Verian,2023-05-20,1401,09.05.–16.05.,FDP,8
BT03230520G,Verian,2023-05-20,1401,09.05.–16.05.,Linke,5
BT03230520G,Verian,2023-05-20,1401,09.05.–16.05.,AfD,16
BT03230520G,Verian,2023-05-20,1401,09.05.–16.05.,BSW,NA
BT05230520B,INSA,2023-05-20,1195,15.05.–19.05.,CDUCSU,28
BT05230520B,INSA,2023-05-20,1195,15.05.–19.05.,SPD,21
BT05230520B,INSA,2023-05-20,1195,15.05.–19.05.,Gruene,14
BT05230520B,INSA,2023-05-20,1195,15.05.–19.05.,FDP,8
BT05230520B,INSA,2023-05-20,1195,15.05.–19.05.,Linke,5
BT05230520B,INSA,2023-05-20,1195,15.05.–19.05.,AfD,17
BT05230520B,INSA,2023-05-20,1195,15.05.–19.05.,BSW,NA
BT05230522C,INSA,2023-05-22,2004,19.05.–22.05.,CDUCSU,27.5
BT05230522C,INSA,2023-05-22,2004,19.05.–22.05.,SPD,20.5
BT05230522C,INSA,2023-05-22,2004,19.05.–22.05.,Gruene,14
BT05230522C,INSA,2023-05-22,2004,19.05.–22.05.,FDP,8.5
BT05230522C,INSA,2023-05-22,2004,19.05.–22.05.,Linke,5
BT05230522C,INSA,2023-05-22,2004,19.05.–22.05.,AfD,17
BT05230522C,INSA,2023-05-22,2004,19.05.–22.05.,BSW,NA
BT02230523B,Forsa,2023-05-23,2003,16.05.–22.05.,CDUCSU,30
BT02230523B,Forsa,2023-05-23,2003,16.05.–22.05.,SPD,18
BT02230523B,Forsa,2023-05-23,2003,16.05.–22.05.,Gruene,14
BT02230523B,Forsa,2023-05-23,2003,16.05.–22.05.,FDP,7
BT02230523B,Forsa,2023-05-23,2003,16.05.–22.05.,Linke,5
BT02230523B,Forsa,2023-05-23,2003,16.05.–22.05.,AfD,16
BT02230523B,Forsa,2023-05-23,2003,16.05.–22.05.,BSW,NA
BT06230526V,Forschungsgruppe Wahlen,2023-05-26,1257,23.05.–25.05.,CDUCSU,28
BT06230526V,Forschungsgruppe Wahlen,2023-05-26,1257,23.05.–25.05.,SPD,20
BT06230526V,Forschungsgruppe Wahlen,2023-05-26,1257,23.05.–25.05.,Gruene,16
BT06230526V,Forschungsgruppe Wahlen,2023-05-26,1257,23.05.–25.05.,FDP,6
BT06230526V,Forschungsgruppe Wahlen,2023-05-26,1257,23.05.–25.05.,Linke,5
BT06230526V,Forschungsgruppe Wahlen,2023-05-26,1257,23.05.–25.05.,AfD,17
BT06230526V,Forschungsgruppe Wahlen,2023-05-26,1257,23.05.–25.05.,BSW,NA
BT03230527H,Verian,2023-05-27,1321,16.05.–23.05.,CDUCSU,29
BT03230527H,Verian,2023-05-27,1321,16.05.–23.05.,SPD,18
BT03230527H,Verian,2023-05-27,1321,16.05.–23.05.,Gruene,15
BT03230527H,Verian,2023-05-27,1321,16.05.–23.05.,FDP,8
BT03230527H,Verian,2023-05-27,1321,16.05.–23.05.,Linke,5
BT03230527H,Verian,2023-05-27,1321,16.05.–23.05.,AfD,16
BT03230527H,Verian,2023-05-27,1321,16.05.–23.05.,BSW,NA
BT05230527D,INSA,2023-05-27,1207,22.05.–26.05.,CDUCSU,28
BT05230527D,INSA,2023-05-27,1207,22.05.–26.05.,SPD,20
BT05230527D,INSA,2023-05-27,1207,22.05.–26.05.,Gruene,13
BT05230527D,INSA,2023-05-27,1207,22.05.–26.05.,FDP,9
BT05230527D,INSA,2023-05-27,1207,22.05.–26.05.,Linke,4
BT05230527D,INSA,2023-05-27,1207,22.05.–26.05.,AfD,18
BT05230527D,INSA,2023-05-27,1207,22.05.–26.05.,BSW,NA
BT02230530C,Forsa,2023-05-30,2001,23.05.–26.05.,CDUCSU,29
BT02230530C,Forsa,2023-05-30,2001,23.05.–26.05.,SPD,18
BT02230530C,Forsa,2023-05-30,2001,23.05.–26.05.,Gruene,14
BT02230530C,Forsa,2023-05-30,2001,23.05.–26.05.,FDP,7
BT02230530C,Forsa,2023-05-30,2001,23.05.–26.05.,Linke,5
BT02230530C,Forsa,2023-05-30,2001,23.05.–26.05.,AfD,17
BT02230530C,Forsa,2023-05-30,2001,23.05.–26.05.,BSW,NA
BT05230531E,INSA,2023-05-31,2004,26.05.–30.05.,CDUCSU,28
BT05230531E,INSA,2023-05-31,2004,26.05.–30.05.,SPD,20.5
BT05230531E,INSA,2023-05-31,2004,26.05.–30.05.,Gruene,13
BT05230531E,INSA,2023-05-31,2004,26.05.–30.05.,FDP,8.5
BT05230531E,INSA,2023-05-31,2004,26.05.–30.05.,Linke,4.5
BT05230531E,INSA,2023-05-31,2004,26.05.–30.05.,AfD,18
BT05230531E,INSA,2023-05-31,2004,26.05.–30.05.,BSW,NA
BT01230601K,Infratest dimap,2023-06-01,1302,30.05.–31.05.,CDUCSU,29
BT01230601K,Infratest dimap,2023-06-01,1302,30.05.–31.05.,SPD,18
BT01230601K,Infratest dimap,2023-06-01,1302,30.05.–31.05.,Gruene,15
BT01230601K,Infratest dimap,2023-06-01,1302,30.05.–31.05.,FDP,7
BT01230601K,Infratest dimap,2023-06-01,1302,30.05.–31.05.,Linke,4
BT01230601K,Infratest dimap,2023-06-01,1302,30.05.–31.05.,AfD,18
BT01230601K,Infratest dimap,2023-06-01,1302,30.05.–31.05.,BSW,NA
BT03230603I,Verian,2023-06-03,1379,23.05.–30.05.,CDUCSU,27
BT03230603I,Verian,2023-06-03,1379,23.05.–30.05.,SPD,20
BT03230603I,Verian,2023-06-03,1379,23.05.–30.05.,Gruene,15
BT03230603I,Verian,2023-06-03,1379,23.05.–30.05.,FDP,8
BT03230603I,Verian,2023-06-03,1379,23.05.–30.05.,Linke,5
BT03230603I,Verian,2023-06-03,1379,23.05.–30.05.,AfD,17
BT03230603I,Verian,2023-06-03,1379,23.05.–30.05.,BSW,NA
BT05230603F,INSA,2023-06-03,1205,30.05.–02.06.,CDUCSU,27
BT05230603F,INSA,2023-06-03,1205,30.05.–02.06.,SPD,19
BT05230603F,INSA,2023-06-03,1205,30.05.–02.06.,Gruene,13
BT05230603F,INSA,2023-06-03,1205,30.05.–02.06.,FDP,9
BT05230603F,INSA,2023-06-03,1205,30.05.–02.06.,Linke,5
BT05230603F,INSA,2023-06-03,1205,30.05.–02.06.,AfD,19
BT05230603F,INSA,2023-06-03,1205,30.05.–02.06.,BSW,NA
BT05230605G,INSA,2023-06-05,2009,02.06.–05.06.,CDUCSU,26.5
BT05230605G,INSA,2023-06-05,2009,02.06.–05.06.,SPD,19
BT05230605G,INSA,2023-06-05,2009,02.06.–05.06.,Gruene,13.5
BT05230605G,INSA,2023-06-05,2009,02.06.–05.06.,FDP,9
BT05230605G,INSA,2023-06-05,2009,02.06.–05.06.,Linke,5
BT05230605G,INSA,2023-06-05,2009,02.06.–05.06.,AfD,19
BT05230605G,INSA,2023-06-05,2009,02.06.–05.06.,BSW,NA
BT02230606D,Forsa,2023-06-06,2505,30.05.–05.06.,CDUCSU,30
BT02230606D,Forsa,2023-06-06,2505,30.05.–05.06.,SPD,18
BT02230606D,Forsa,2023-06-06,2505,30.05.–05.06.,Gruene,14
BT02230606D,Forsa,2023-06-06,2505,30.05.–05.06.,FDP,7
BT02230606D,Forsa,2023-06-06,2505,30.05.–05.06.,Linke,4
BT02230606D,Forsa,2023-06-06,2505,30.05.–05.06.,AfD,17
BT02230606D,Forsa,2023-06-06,2505,30.05.–05.06.,BSW,NA
BT04230606K,GMS,2023-06-06,1001,31.05.–05.06.,CDUCSU,29
BT04230606K,GMS,2023-06-06,1001,31.05.–05.06.,SPD,18
BT04230606K,GMS,2023-06-06,1001,31.05.–05.06.,Gruene,15
BT04230606K,GMS,2023-06-06,1001,31.05.–05.06.,FDP,7
BT04230606K,GMS,2023-06-06,1001,31.05.–05.06.,Linke,4
BT04230606K,GMS,2023-06-06,1001,31.05.–05.06.,AfD,19
BT04230606K,GMS,2023-06-06,1001,31.05.–05.06.,BSW,NA
BT13230609E,YouGov,2023-06-09,1628,02.06.–07.06.,CDUCSU,28
BT13230609E,YouGov,2023-06-09,1628,02.06.–07.06.,SPD,19
BT13230609E,YouGov,2023-06-09,1628,02.06.–07.06.,Gruene,13
BT13230609E,YouGov,2023-06-09,1628,02.06.–07.06.,FDP,5
BT13230609E,YouGov,2023-06-09,1628,02.06.–07.06.,Linke,6
BT13230609E,YouGov,2023-06-09,1628,02.06.–07.06.,AfD,20
BT13230609E,YouGov,2023-06-09,1628,02.06.–07.06.,BSW,NA
BT03230610J,Verian,2023-06-10,1402,31.05.–06.06.,CDUCSU,27
BT03230610J,Verian,2023-06-10,1402,31.05.–06.06.,SPD,20
BT03230610J,Verian,2023-06-10,1402,31.05.–06.06.,Gruene,15
BT03230610J,Verian,2023-06-10,1402,31.05.–06.06.,FDP,7
BT03230610J,Verian,2023-06-10,1402,31.05.–06.06.,Linke,5
BT03230610J,Verian,2023-06-10,1402,31.05.–06.06.,AfD,18
BT03230610J,Verian,2023-06-10,1402,31.05.–06.06.,BSW,NA
BT05230610H,INSA,2023-06-10,1201,05.06.–09.06.,CDUCSU,27
BT05230610H,INSA,2023-06-10,1201,05.06.–09.06.,SPD,20
BT05230610H,INSA,2023-06-10,1201,05.06.–09.06.,Gruene,13
BT05230610H,INSA,2023-06-10,1201,05.06.–09.06.,FDP,8
BT05230610H,INSA,2023-06-10,1201,05.06.–09.06.,Linke,5
BT05230610H,INSA,2023-06-10,1201,05.06.–09.06.,AfD,19
BT05230610H,INSA,2023-06-10,1201,05.06.–09.06.,BSW,NA
BT05230612I,INSA,2023-06-12,2003,09.06.–12.06.,CDUCSU,27
BT05230612I,INSA,2023-06-12,2003,09.06.–12.06.,SPD,20
BT05230612I,INSA,2023-06-12,2003,09.06.–12.06.,Gruene,13
BT05230612I,INSA,2023-06-12,2003,09.06.–12.06.,FDP,8
BT05230612I,INSA,2023-06-12,2003,09.06.–12.06.,Linke,4.5
BT05230612I,INSA,2023-06-12,2003,09.06.–12.06.,AfD,19.5
BT05230612I,INSA,2023-06-12,2003,09.06.–12.06.,BSW,NA
BT02230613E,Forsa,2023-06-13,2504,06.06.–12.06.,CDUCSU,29
BT02230613E,Forsa,2023-06-13,2504,06.06.–12.06.,SPD,18
BT02230613E,Forsa,2023-06-13,2504,06.06.–12.06.,Gruene,14
BT02230613E,Forsa,2023-06-13,2504,06.06.–12.06.,FDP,7
BT02230613E,Forsa,2023-06-13,2504,06.06.–12.06.,Linke,4
BT02230613E,Forsa,2023-06-13,2504,06.06.–12.06.,AfD,19
BT02230613E,Forsa,2023-06-13,2504,06.06.–12.06.,BSW,NA
BT06230616W,Forschungsgruppe Wahlen,2023-06-16,1224,13.06.–15.06.,CDUCSU,28
BT06230616W,Forschungsgruppe Wahlen,2023-06-16,1224,13.06.–15.06.,SPD,19
BT06230616W,Forschungsgruppe Wahlen,2023-06-16,1224,13.06.–15.06.,Gruene,16
BT06230616W,Forschungsgruppe Wahlen,2023-06-16,1224,13.06.–15.06.,FDP,6
BT06230616W,Forschungsgruppe Wahlen,2023-06-16,1224,13.06.–15.06.,Linke,5
BT06230616W,Forschungsgruppe Wahlen,2023-06-16,1224,13.06.–15.06.,AfD,18
BT06230616W,Forschungsgruppe Wahlen,2023-06-16,1224,13.06.–15.06.,BSW,NA
BT03230617K,Verian,2023-06-17,1387,06.06.–13.06.,CDUCSU,27
BT03230617K,Verian,2023-06-17,1387,06.06.–13.06.,SPD,20
BT03230617K,Verian,2023-06-17,1387,06.06.–13.06.,Gruene,15
BT03230617K,Verian,2023-06-17,1387,06.06.–13.06.,FDP,6
BT03230617K,Verian,2023-06-17,1387,06.06.–13.06.,Linke,5
BT03230617K,Verian,2023-06-17,1387,06.06.–13.06.,AfD,19
BT03230617K,Verian,2023-06-17,1387,06.06.–13.06.,BSW,NA
BT05230617J,INSA,2023-06-17,1203,12.06.–16.06.,CDUCSU,27
BT05230617J,INSA,2023-06-17,1203,12.06.–16.06.,SPD,20
BT05230617J,INSA,2023-06-17,1203,12.06.–16.06.,Gruene,13
BT05230617J,INSA,2023-06-17,1203,12.06.–16.06.,FDP,8
BT05230617J,INSA,2023-06-17,1203,12.06.–16.06.,Linke,4
BT05230617J,INSA,2023-06-17,1203,12.06.–16.06.,AfD,19
BT05230617J,INSA,2023-06-17,1203,12.06.–16.06.,BSW,NA
BT05230619K,INSA,2023-06-19,2006,16.06.–19.06.,CDUCSU,26.5
BT05230619K,INSA,2023-06-19,2006,16.06.–19.06.,SPD,20
BT05230619K,INSA,2023-06-19,2006,16.06.–19.06.,Gruene,13.5
BT05230619K,INSA,2023-06-19,2006,16.06.–19.06.,FDP,7.5
BT05230619K,INSA,2023-06-19,2006,16.06.–19.06.,Linke,4.5
BT05230619K,INSA,2023-06-19,2006,16.06.–19.06.,AfD,20
BT05230619K,INSA,2023-06-19,2006,16.06.–19.06.,BSW,NA
BT02230620F,Forsa,2023-06-20,2503,13.06.–19.06.,CDUCSU,27
BT02230620F,Forsa,2023-06-20,2503,13.06.–19.06.,SPD,18
BT02230620F,Forsa,2023-06-20,2503,13.06.–19.06.,Gruene,15
BT02230620F,Forsa,2023-06-20,2503,13.06.–19.06.,FDP,7
BT02230620F,Forsa,2023-06-20,2503,13.06.–19.06.,Linke,4
BT02230620F,Forsa,2023-06-20,2503,13.06.–19.06.,AfD,19
BT02230620F,Forsa,2023-06-20,2503,13.06.–19.06.,BSW,NA
BT01230622L,Infratest dimap,2023-06-22,1191,20.06.–21.06.,CDUCSU,29
BT01230622L,Infratest dimap,2023-06-22,1191,20.06.–21.06.,SPD,17
BT01230622L,Infratest dimap,2023-06-22,1191,20.06.–21.06.,Gruene,15
BT01230622L,Infratest dimap,2023-06-22,1191,20.06.–21.06.,FDP,6
BT01230622L,Infratest dimap,2023-06-22,1191,20.06.–21.06.,Linke,4
BT01230622L,Infratest dimap,2023-06-22,1191,20.06.–21.06.,AfD,19
BT01230622L,Infratest dimap,2023-06-22,1191,20.06.–21.06.,BSW,NA
BT03230624L,Verian,2023-06-24,1406,14.06.–20.06.,CDUCSU,27
BT03230624L,Verian,2023-06-24,1406,14.06.–20.06.,SPD,19
BT03230624L,Verian,2023-06-24,1406,14.06.–20.06.,Gruene,15
BT03230624L,Verian,2023-06-24,1406,14.06.–20.06.,FDP,7
BT03230624L,Verian,2023-06-24,1406,14.06.–20.06.,Linke,4
BT03230624L,Verian,2023-06-24,1406,14.06.–20.06.,AfD,20
BT03230624L,Verian,2023-06-24,1406,14.06.–20.06.,BSW,NA
BT05230624L,INSA,2023-06-24,1203,19.06.–23.06.,CDUCSU,26
BT05230624L,INSA,2023-06-24,1203,19.06.–23.06.,SPD,20
BT05230624L,INSA,2023-06-24,1203,19.06.–23.06.,Gruene,13
BT05230624L,INSA,2023-06-24,1203,19.06.–23.06.,FDP,7
BT05230624L,INSA,2023-06-24,1203,19.06.–23.06.,Linke,4
BT05230624L,INSA,2023-06-24,1203,19.06.–23.06.,AfD,20
BT05230624L,INSA,2023-06-24,1203,19.06.–23.06.,BSW,NA
BT05230626M,INSA,2023-06-26,2004,23.06.–26.06.,CDUCSU,26.5
BT05230626M,INSA,2023-06-26,2004,23.06.–26.06.,SPD,19.5
BT05230626M,INSA,2023-06-26,2004,23.06.–26.06.,Gruene,13.5
BT05230626M,INSA,2023-06-26,2004,23.06.–26.06.,FDP,6.5
BT05230626M,INSA,2023-06-26,2004,23.06.–26.06.,Linke,4.5
BT05230626M,INSA,2023-06-26,2004,23.06.–26.06.,AfD,20.5
BT05230626M,INSA,2023-06-26,2004,23.06.–26.06.,BSW,NA
BT02230627G,Forsa,2023-06-27,2506,20.06.–26.06.,CDUCSU,27
BT02230627G,Forsa,2023-06-27,2506,20.06.–26.06.,SPD,18
BT02230627G,Forsa,2023-06-27,2506,20.06.–26.06.,Gruene,15
BT02230627G,Forsa,2023-06-27,2506,20.06.–26.06.,FDP,7
BT02230627G,Forsa,2023-06-27,2506,20.06.–26.06.,Linke,4
BT02230627G,Forsa,2023-06-27,2506,20.06.–26.06.,AfD,19
BT02230627G,Forsa,2023-06-27,2506,20.06.–26.06.,BSW,NA
BT09230629U,Allensbach,2023-06-29,1039,09.06.–22.06.,CDUCSU,31
BT09230629U,Allensbach,2023-06-29,1039,09.06.–22.06.,SPD,19
BT09230629U,Allensbach,2023-06-29,1039,09.06.–22.06.,Gruene,15
BT09230629U,Allensbach,2023-06-29,1039,09.06.–22.06.,FDP,8
BT09230629U,Allensbach,2023-06-29,1039,09.06.–22.06.,Linke,4
BT09230629U,Allensbach,2023-06-29,1039,09.06.–22.06.,AfD,17
BT09230629U,Allensbach,2023-06-29,1039,09.06.–22.06.,BSW,NA
BT06230630X,Forschungsgruppe Wahlen,2023-06-30,1379,27.06.–29.06.,CDUCSU,28
BT06230630X,Forschungsgruppe Wahlen,2023-06-30,1379,27.06.–29.06.,SPD,18
BT06230630X,Forschungsgruppe Wahlen,2023-06-30,1379,27.06.–29.06.,Gruene,16
BT06230630X,Forschungsgruppe Wahlen,2023-06-30,1379,27.06.–29.06.,FDP,6
BT06230630X,Forschungsgruppe Wahlen,2023-06-30,1379,27.06.–29.06.,Linke,5
BT06230630X,Forschungsgruppe Wahlen,2023-06-30,1379,27.06.–29.06.,AfD,19
BT06230630X,Forschungsgruppe Wahlen,2023-06-30,1379,27.06.–29.06.,BSW,NA
BT03230701M,Verian,2023-07-01,1408,20.06.–27.06.,CDUCSU,26
BT03230701M,Verian,2023-07-01,1408,20.06.–27.06.,SPD,18
BT03230701M,Verian,2023-07-01,1408,20.06.–27.06.,Gruene,15
BT03230701M,Verian,2023-07-01,1408,20.06.–27.06.,FDP,7
BT03230701M,Verian,2023-07-01,1408,20.06.–27.06.,Linke,5
BT03230701M,Verian,2023-07-01,1408,20.06.–27.06.,AfD,19
BT03230701M,Verian,2023-07-01,1408,20.06.–27.06.,BSW,NA
BT05230701N,INSA,2023-07-01,1401,26.06.–30.06.,CDUCSU,26
BT05230701N,INSA,2023-07-01,1401,26.06.–30.06.,SPD,19
BT05230701N,INSA,2023-07-01,1401,26.06.–30.06.,Gruene,14
BT05230701N,INSA,2023-07-01,1401,26.06.–30.06.,FDP,7
BT05230701N,INSA,2023-07-01,1401,26.06.–30.06.,Linke,5
BT05230701N,INSA,2023-07-01,1401,26.06.–30.06.,AfD,20
BT05230701N,INSA,2023-07-01,1401,26.06.–30.06.,BSW,NA
BT05230703O,INSA,2023-07-03,2897,30.06.–03.07.,CDUCSU,25.5
BT05230703O,INSA,2023-07-03,2897,30.06.–03.07.,SPD,19
BT05230703O,INSA,2023-07-03,2897,30.06.–03.07.,Gruene,14.5
BT05230703O,INSA,2023-07-03,2897,30.06.–03.07.,FDP,6.5
BT05230703O,INSA,2023-07-03,2897,30.06.–03.07.,Linke,5
BT05230703O,INSA,2023-07-03,2897,30.06.–03.07.,AfD,21
BT05230703O,INSA,2023-07-03,2897,30.06.–03.07.,BSW,NA
BT02230704H,Forsa,2023-07-04,2501,27.06.–03.07.,CDUCSU,27
BT02230704H,Forsa,2023-07-04,2501,27.06.–03.07.,SPD,18
BT02230704H,Forsa,2023-07-04,2501,27.06.–03.07.,Gruene,15
BT02230704H,Forsa,2023-07-04,2501,27.06.–03.07.,FDP,6
BT02230704H,Forsa,2023-07-04,2501,27.06.–03.07.,Linke,5
BT02230704H,Forsa,2023-07-04,2501,27.06.–03.07.,AfD,19
BT02230704H,Forsa,2023-07-04,2501,27.06.–03.07.,BSW,NA
BT04230704L,GMS,2023-07-04,1005,28.06.–03.07.,CDUCSU,28
BT04230704L,GMS,2023-07-04,1005,28.06.–03.07.,SPD,17
BT04230704L,GMS,2023-07-04,1005,28.06.–03.07.,Gruene,14
BT04230704L,GMS,2023-07-04,1005,28.06.–03.07.,FDP,7
BT04230704L,GMS,2023-07-04,1005,28.06.–03.07.,Linke,4
BT04230704L,GMS,2023-07-04,1005,28.06.–03.07.,AfD,20
BT04230704L,GMS,2023-07-04,1005,28.06.–03.07.,BSW,NA
BT01230706M,Infratest dimap,2023-07-06,1305,03.07.–05.07.,CDUCSU,28
BT01230706M,Infratest dimap,2023-07-06,1305,03.07.–05.07.,SPD,18
BT01230706M,Infratest dimap,2023-07-06,1305,03.07.–05.07.,Gruene,14
BT01230706M,Infratest dimap,2023-07-06,1305,03.07.–05.07.,FDP,7
BT01230706M,Infratest dimap,2023-07-06,1305,03.07.–05.07.,Linke,4
BT01230706M,Infratest dimap,2023-07-06,1305,03.07.–05.07.,AfD,20
BT01230706M,Infratest dimap,2023-07-06,1305,03.07.–05.07.,BSW,NA
BT13230707F,YouGov,2023-07-07,1694,30.06.–04.07.,CDUCSU,27
BT13230707F,YouGov,2023-07-07,1694,30.06.–04.07.,SPD,18
BT13230707F,YouGov,2023-07-07,1694,30.06.–04.07.,Gruene,14
BT13230707F,YouGov,2023-07-07,1694,30.06.–04.07.,FDP,6
BT13230707F,YouGov,2023-07-07,1694,30.06.–04.07.,Linke,6
BT13230707F,YouGov,2023-07-07,1694,30.06.–04.07.,AfD,21
BT13230707F,YouGov,2023-07-07,1694,30.06.–04.07.,BSW,NA
BT03230708N,Verian,2023-07-08,1403,28.06.–04.07.,CDUCSU,27
BT03230708N,Verian,2023-07-08,1403,28.06.–04.07.,SPD,18
BT03230708N,Verian,2023-07-08,1403,28.06.–04.07.,Gruene,15
BT03230708N,Verian,2023-07-08,1403,28.06.–04.07.,FDP,6
BT03230708N,Verian,2023-07-08,1403,28.06.–04.07.,Linke,5
BT03230708N,Verian,2023-07-08,1403,28.06.–04.07.,AfD,20
BT03230708N,Verian,2023-07-08,1403,28.06.–04.07.,BSW,NA
BT05230708P,INSA,2023-07-08,1204,03.07.–07.07.,CDUCSU,27
BT05230708P,INSA,2023-07-08,1204,03.07.–07.07.,SPD,19
BT05230708P,INSA,2023-07-08,1204,03.07.–07.07.,Gruene,13
BT05230708P,INSA,2023-07-08,1204,03.07.–07.07.,FDP,7
BT05230708P,INSA,2023-07-08,1204,03.07.–07.07.,Linke,5
BT05230708P,INSA,2023-07-08,1204,03.07.–07.07.,AfD,20
BT05230708P,INSA,2023-07-08,1204,03.07.–07.07.,BSW,NA
BT05230710Q,INSA,2023-07-10,2008,07.07.–10.07.,CDUCSU,26
BT05230710Q,INSA,2023-07-10,2008,07.07.–10.07.,SPD,19
BT05230710Q,INSA,2023-07-10,2008,07.07.–10.07.,Gruene,14
BT05230710Q,INSA,2023-07-10,2008,07.07.–10.07.,FDP,7
BT05230710Q,INSA,2023-07-10,2008,07.07.–10.07.,Linke,5
BT05230710Q,INSA,2023-07-10,2008,07.07.–10.07.,AfD,20.5
BT05230710Q,INSA,2023-07-10,2008,07.07.–10.07.,BSW,NA
BT02230711I,Forsa,2023-07-11,2003,04.07.–07.07.,CDUCSU,27
BT02230711I,Forsa,2023-07-11,2003,04.07.–07.07.,SPD,18
BT02230711I,Forsa,2023-07-11,2003,04.07.–07.07.,Gruene,14
BT02230711I,Forsa,2023-07-11,2003,04.07.–07.07.,FDP,7
BT02230711I,Forsa,2023-07-11,2003,04.07.–07.07.,Linke,5
BT02230711I,Forsa,2023-07-11,2003,04.07.–07.07.,AfD,19
BT02230711I,Forsa,2023-07-11,2003,04.07.–07.07.,BSW,NA
BT06230714Y,Forschungsgruppe Wahlen,2023-07-14,1346,11.07.–13.07.,CDUCSU,27
BT06230714Y,Forschungsgruppe Wahlen,2023-07-14,1346,11.07.–13.07.,SPD,17
BT06230714Y,Forschungsgruppe Wahlen,2023-07-14,1346,11.07.–13.07.,Gruene,16
BT06230714Y,Forschungsgruppe Wahlen,2023-07-14,1346,11.07.–13.07.,FDP,7
BT06230714Y,Forschungsgruppe Wahlen,2023-07-14,1346,11.07.–13.07.,Linke,4
BT06230714Y,Forschungsgruppe Wahlen,2023-07-14,1346,11.07.–13.07.,AfD,20
BT06230714Y,Forschungsgruppe Wahlen,2023-07-14,1346,11.07.–13.07.,BSW,NA
BT03230715O,Verian,2023-07-15,1393,29.06.–05.07.,CDUCSU,26
BT03230715O,Verian,2023-07-15,1393,29.06.–05.07.,SPD,19
BT03230715O,Verian,2023-07-15,1393,29.06.–05.07.,Gruene,15
BT03230715O,Verian,2023-07-15,1393,29.06.–05.07.,FDP,7
BT03230715O,Verian,2023-07-15,1393,29.06.–05.07.,Linke,5
BT03230715O,Verian,2023-07-15,1393,29.06.–05.07.,AfD,20
BT03230715O,Verian,2023-07-15,1393,29.06.–05.07.,BSW,NA
BT05230715R,INSA,2023-07-15,1184,10.07.–14.07.,CDUCSU,27
BT05230715R,INSA,2023-07-15,1184,10.07.–14.07.,SPD,18
BT05230715R,INSA,2023-07-15,1184,10.07.–14.07.,Gruene,14
BT05230715R,INSA,2023-07-15,1184,10.07.–14.07.,FDP,7
BT05230715R,INSA,2023-07-15,1184,10.07.–14.07.,Linke,5
BT05230715R,INSA,2023-07-15,1184,10.07.–14.07.,AfD,20
BT05230715R,INSA,2023-07-15,1184,10.07.–14.07.,BSW,NA
BT05230717S,INSA,2023-07-17,2004,14.07.–17.07.,CDUCSU,27
BT05230717S,INSA,2023-07-17,2004,14.07.–17.07.,SPD,18
BT05230717S,INSA,2023-07-17,2004,14.07.–17.07.,Gruene,14
BT05230717S,INSA,2023-07-17,2004,14.07.–17.07.,FDP,7
BT05230717S,INSA,2023-07-17,2004,14.07.–17.07.,Linke,5
BT05230717S,INSA,2023-07-17,2004,14.07.–17.07.,AfD,20.5
BT05230717S,INSA,2023-07-17,2004,14.07.–17.07.,BSW,NA
BT02230718J,Forsa,2023-07-18,2502,11.07.–17.07.,CDUCSU,26
BT02230718J,Forsa,2023-07-18,2502,11.07.–17.07.,SPD,18
BT02230718J,Forsa,2023-07-18,2502,11.07.–17.07.,Gruene,15
BT02230718J,Forsa,2023-07-18,2502,11.07.–17.07.,FDP,7
BT02230718J,Forsa,2023-07-18,2502,11.07.–17.07.,Linke,4
BT02230718J,Forsa,2023-07-18,2502,11.07.–17.07.,AfD,20
BT02230718J,Forsa,2023-07-18,2502,11.07.–17.07.,BSW,NA
BT01230720N,Infratest dimap,2023-07-20,1235,18.07.–19.07.,CDUCSU,28
BT01230720N,Infratest dimap,2023-07-20,1235,18.07.–19.07.,SPD,18
BT01230720N,Infratest dimap,2023-07-20,1235,18.07.–19.07.,Gruene,13
BT01230720N,Infratest dimap,2023-07-20,1235,18.07.–19.07.,FDP,7
BT01230720N,Infratest dimap,2023-07-20,1235,18.07.–19.07.,Linke,4
BT01230720N,Infratest dimap,2023-07-20,1235,18.07.–19.07.,AfD,20
BT01230720N,Infratest dimap,2023-07-20,1235,18.07.–19.07.,BSW,NA
BT03230722P,Verian,2023-07-22,1403,12.07.–18.07.,CDUCSU,26
BT03230722P,Verian,2023-07-22,1403,12.07.–18.07.,SPD,18
BT03230722P,Verian,2023-07-22,1403,12.07.–18.07.,Gruene,16
BT03230722P,Verian,2023-07-22,1403,12.07.–18.07.,FDP,7
BT03230722P,Verian,2023-07-22,1403,12.07.–18.07.,Linke,5
BT03230722P,Verian,2023-07-22,1403,12.07.–18.07.,AfD,20
BT03230722P,Verian,2023-07-22,1403,12.07.–18.07.,BSW,NA
BT05230722T,INSA,2023-07-22,1266,17.07.–21.07.,CDUCSU,26
BT05230722T,INSA,2023-07-22,1266,17.07.–21.07.,SPD,18
BT05230722T,INSA,2023-07-22,1266,17.07.–21.07.,Gruene,14
BT05230722T,INSA,2023-07-22,1266,17.07.–21.07.,FDP,7
BT05230722T,INSA,2023-07-22,1266,17.07.–21.07.,Linke,5
BT05230722T,INSA,2023-07-22,1266,17.07.–21.07.,AfD,22
BT05230722T,INSA,2023-07-22,1266,17.07.–21.07.,BSW,NA
BT02230725K,Forsa,2023-07-25,2504,18.07.–24.07.,CDUCSU,27
BT02230725K,Forsa,2023-07-25,2504,18.07.–24.07.,SPD,18
BT02230725K,Forsa,2023-07-25,2504,18.07.–24.07.,Gruene,14
BT02230725K,Forsa,2023-07-25,2504,18.07.–24.07.,FDP,6
BT02230725K,Forsa,2023-07-25,2504,18.07.–24.07.,Linke,5
BT02230725K,Forsa,2023-07-25,2504,18.07.–24.07.,AfD,19
BT02230725K,Forsa,2023-07-25,2504,18.07.–24.07.,BSW,NA
BT05230725U,INSA,2023-07-25,2006,21.07.–24.07.,CDUCSU,26.5
BT05230725U,INSA,2023-07-25,2006,21.07.–24.07.,SPD,18.5
BT05230725U,INSA,2023-07-25,2006,21.07.–24.07.,Gruene,14
BT05230725U,INSA,2023-07-25,2006,21.07.–24.07.,FDP,7.5
BT05230725U,INSA,2023-07-25,2006,21.07.–24.07.,Linke,4.5
BT05230725U,INSA,2023-07-25,2006,21.07.–24.07.,AfD,21.5
BT05230725U,INSA,2023-07-25,2006,21.07.–24.07.,BSW,NA
BT09230727V,Allensbach,2023-07-27,1011,07.07.–19.07.,CDUCSU,29
BT09230727V,Allensbach,2023-07-27,1011,07.07.–19.07.,SPD,19
BT09230727V,Allensbach,2023-07-27,1011,07.07.–19.07.,Gruene,16
BT09230727V,Allensbach,2023-07-27,1011,07.07.–19.07.,FDP,7
BT09230727V,Allensbach,2023-07-27,1011,07.07.–19.07.,Linke,4
BT09230727V,Allensbach,2023-07-27,1011,07.07.–19.07.,AfD,18
BT09230727V,Allensbach,2023-07-27,1011,07.07.–19.07.,BSW,NA
BT03230729R,Verian,2023-07-29,1402,13.07.–19.07.,CDUCSU,27
BT03230729R,Verian,2023-07-29,1402,13.07.–19.07.,SPD,18
BT03230729R,Verian,2023-07-29,1402,13.07.–19.07.,Gruene,16
BT03230729R,Verian,2023-07-29,1402,13.07.–19.07.,FDP,6
BT03230729R,Verian,2023-07-29,1402,13.07.–19.07.,Linke,5
BT03230729R,Verian,2023-07-29,1402,13.07.–19.07.,AfD,20
BT03230729R,Verian,2023-07-29,1402,13.07.–19.07.,BSW,NA
BT05230729V,INSA,2023-07-29,1200,24.07.–28.07.,CDUCSU,26
BT05230729V,INSA,2023-07-29,1200,24.07.–28.07.,SPD,18
BT05230729V,INSA,2023-07-29,1200,24.07.–28.07.,Gruene,14
BT05230729V,INSA,2023-07-29,1200,24.07.–28.07.,FDP,7
BT05230729V,INSA,2023-07-29,1200,24.07.–28.07.,Linke,5
BT05230729V,INSA,2023-07-29,1200,24.07.–28.07.,AfD,22
BT05230729V,INSA,2023-07-29,1200,24.07.–28.07.,BSW,NA
BT05230731W,INSA,2023-07-31,2003,28.07.–31.07.,CDUCSU,26.5
BT05230731W,INSA,2023-07-31,2003,28.07.–31.07.,SPD,18.5
BT05230731W,INSA,2023-07-31,2003,28.07.–31.07.,Gruene,14
BT05230731W,INSA,2023-07-31,2003,28.07.–31.07.,FDP,6.5
BT05230731W,INSA,2023-07-31,2003,28.07.–31.07.,Linke,5
BT05230731W,INSA,2023-07-31,2003,28.07.–31.07.,AfD,21.5
BT05230731W,INSA,2023-07-31,2003,28.07.–31.07.,BSW,NA
BT02230801L,Forsa,2023-08-01,2500,25.07.–31.07.,CDUCSU,25
BT02230801L,Forsa,2023-08-01,2500,25.07.–31.07.,SPD,17
BT02230801L,Forsa,2023-08-01,2500,25.07.–31.07.,Gruene,15
BT02230801L,Forsa,2023-08-01,2500,25.07.–31.07.,FDP,6
BT02230801L,Forsa,2023-08-01,2500,25.07.–31.07.,Linke,5
BT02230801L,Forsa,2023-08-01,2500,25.07.–31.07.,AfD,21
BT02230801L,Forsa,2023-08-01,2500,25.07.–31.07.,BSW,NA
BT01230803O,Infratest dimap,2023-08-03,1297,31.07.–02.08.,CDUCSU,27
BT01230803O,Infratest dimap,2023-08-03,1297,31.07.–02.08.,SPD,17
BT01230803O,Infratest dimap,2023-08-03,1297,31.07.–02.08.,Gruene,15
BT01230803O,Infratest dimap,2023-08-03,1297,31.07.–02.08.,FDP,7
BT01230803O,Infratest dimap,2023-08-03,1297,31.07.–02.08.,Linke,4
BT01230803O,Infratest dimap,2023-08-03,1297,31.07.–02.08.,AfD,21
BT01230803O,Infratest dimap,2023-08-03,1297,31.07.–02.08.,BSW,NA
BT13230804G,YouGov,2023-08-04,1756,25.07.–02.08.,CDUCSU,27
BT13230804G,YouGov,2023-08-04,1756,25.07.–02.08.,SPD,17
BT13230804G,YouGov,2023-08-04,1756,25.07.–02.08.,Gruene,14
BT13230804G,YouGov,2023-08-04,1756,25.07.–02.08.,FDP,5
BT13230804G,YouGov,2023-08-04,1756,25.07.–02.08.,Linke,6
BT13230804G,YouGov,2023-08-04,1756,25.07.–02.08.,AfD,23
BT13230804G,YouGov,2023-08-04,1756,25.07.–02.08.,BSW,NA
BT03230805S,Verian,2023-08-05,1310,19.07.–02.08.,CDUCSU,27
BT03230805S,Verian,2023-08-05,1310,19.07.–02.08.,SPD,19
BT03230805S,Verian,2023-08-05,1310,19.07.–02.08.,Gruene,16
BT03230805S,Verian,2023-08-05,1310,19.07.–02.08.,FDP,6
BT03230805S,Verian,2023-08-05,1310,19.07.–02.08.,Linke,5
BT03230805S,Verian,2023-08-05,1310,19.07.–02.08.,AfD,19
BT03230805S,Verian,2023-08-05,1310,19.07.–02.08.,BSW,NA
BT05230805X,INSA,2023-08-05,1203,31.07.–04.08.,CDUCSU,27
BT05230805X,INSA,2023-08-05,1203,31.07.–04.08.,SPD,19
BT05230805X,INSA,2023-08-05,1203,31.07.–04.08.,Gruene,14
BT05230805X,INSA,2023-08-05,1203,31.07.–04.08.,FDP,7
BT05230805X,INSA,2023-08-05,1203,31.07.–04.08.,Linke,5
BT05230805X,INSA,2023-08-05,1203,31.07.–04.08.,AfD,21
BT05230805X,INSA,2023-08-05,1203,31.07.–04.08.,BSW,NA
BT05230807Y,INSA,2023-08-07,2004,04.08.–07.08.,CDUCSU,27
BT05230807Y,INSA,2023-08-07,2004,04.08.–07.08.,SPD,19
BT05230807Y,INSA,2023-08-07,2004,04.08.–07.08.,Gruene,14.5
BT05230807Y,INSA,2023-08-07,2004,04.08.–07.08.,FDP,7.5
BT05230807Y,INSA,2023-08-07,2004,04.08.–07.08.,Linke,4.5
BT05230807Y,INSA,2023-08-07,2004,04.08.–07.08.,AfD,20.5
BT05230807Y,INSA,2023-08-07,2004,04.08.–07.08.,BSW,NA
BT02230808M,Forsa,2023-08-08,2502,01.08.–07.08.,CDUCSU,25
BT02230808M,Forsa,2023-08-08,2502,01.08.–07.08.,SPD,17
BT02230808M,Forsa,2023-08-08,2502,01.08.–07.08.,Gruene,15
BT02230808M,Forsa,2023-08-08,2502,01.08.–07.08.,FDP,7
BT02230808M,Forsa,2023-08-08,2502,01.08.–07.08.,Linke,4
BT02230808M,Forsa,2023-08-08,2502,01.08.–07.08.,AfD,21
BT02230808M,Forsa,2023-08-08,2502,01.08.–07.08.,BSW,NA
BT04230809M,GMS,2023-08-09,1004,02.08.–09.08.,CDUCSU,27
BT04230809M,GMS,2023-08-09,1004,02.08.–09.08.,SPD,17
BT04230809M,GMS,2023-08-09,1004,02.08.–09.08.,Gruene,14
BT04230809M,GMS,2023-08-09,1004,02.08.–09.08.,FDP,7
BT04230809M,GMS,2023-08-09,1004,02.08.–09.08.,Linke,4
BT04230809M,GMS,2023-08-09,1004,02.08.–09.08.,AfD,21
BT04230809M,GMS,2023-08-09,1004,02.08.–09.08.,BSW,NA
BT03230812T,Verian,2023-08-12,1330,01.08.–08.08.,CDUCSU,27
BT03230812T,Verian,2023-08-12,1330,01.08.–08.08.,SPD,19
BT03230812T,Verian,2023-08-12,1330,01.08.–08.08.,Gruene,16
BT03230812T,Verian,2023-08-12,1330,01.08.–08.08.,FDP,6
BT03230812T,Verian,2023-08-12,1330,01.08.–08.08.,Linke,6
BT03230812T,Verian,2023-08-12,1330,01.08.–08.08.,AfD,18
BT03230812T,Verian,2023-08-12,1330,01.08.–08.08.,BSW,NA
BT05230812A,INSA,2023-08-12,1200,07.08.–11.08.,CDUCSU,26
BT05230812A,INSA,2023-08-12,1200,07.08.–11.08.,SPD,20
BT05230812A,INSA,2023-08-12,1200,07.08.–11.08.,Gruene,13
BT05230812A,INSA,2023-08-12,1200,07.08.–11.08.,FDP,7
BT05230812A,INSA,2023-08-12,1200,07.08.–11.08.,Linke,5
BT05230812A,INSA,2023-08-12,1200,07.08.–11.08.,AfD,21
BT05230812A,INSA,2023-08-12,1200,07.08.–11.08.,BSW,NA
BT05230814B,INSA,2023-08-14,2002,11.08.–14.08.,CDUCSU,26
BT05230814B,INSA,2023-08-14,2002,11.08.–14.08.,SPD,19.5
BT05230814B,INSA,2023-08-14,2002,11.08.–14.08.,Gruene,13.5
BT05230814B,INSA,2023-08-14,2002,11.08.–14.08.,FDP,7
BT05230814B,INSA,2023-08-14,2002,11.08.–14.08.,Linke,4.5
BT05230814B,INSA,2023-08-14,2002,11.08.–14.08.,AfD,21
BT05230814B,INSA,2023-08-14,2002,11.08.–14.08.,BSW,NA
BT02230815N,Forsa,2023-08-15,2501,08.08.–14.08.,CDUCSU,25
BT02230815N,Forsa,2023-08-15,2501,08.08.–14.08.,SPD,17
BT02230815N,Forsa,2023-08-15,2501,08.08.–14.08.,Gruene,15
BT02230815N,Forsa,2023-08-15,2501,08.08.–14.08.,FDP,7
BT02230815N,Forsa,2023-08-15,2501,08.08.–14.08.,Linke,4
BT02230815N,Forsa,2023-08-15,2501,08.08.–14.08.,AfD,21
BT02230815N,Forsa,2023-08-15,2501,08.08.–14.08.,BSW,NA
BT01230817P,Infratest dimap,2023-08-17,1216,15.08.–16.08.,CDUCSU,27
BT01230817P,Infratest dimap,2023-08-17,1216,15.08.–16.08.,SPD,17
BT01230817P,Infratest dimap,2023-08-17,1216,15.08.–16.08.,Gruene,14
BT01230817P,Infratest dimap,2023-08-17,1216,15.08.–16.08.,FDP,7
BT01230817P,Infratest dimap,2023-08-17,1216,15.08.–16.08.,Linke,4
BT01230817P,Infratest dimap,2023-08-17,1216,15.08.–16.08.,AfD,21
BT01230817P,Infratest dimap,2023-08-17,1216,15.08.–16.08.,BSW,NA
BT06230818A,Forschungsgruppe Wahlen,2023-08-18,1288,15.08.–17.08.,CDUCSU,26
BT06230818A,Forschungsgruppe Wahlen,2023-08-18,1288,15.08.–17.08.,SPD,19
BT06230818A,Forschungsgruppe Wahlen,2023-08-18,1288,15.08.–17.08.,Gruene,15
BT06230818A,Forschungsgruppe Wahlen,2023-08-18,1288,15.08.–17.08.,FDP,7
BT06230818A,Forschungsgruppe Wahlen,2023-08-18,1288,15.08.–17.08.,Linke,5
BT06230818A,Forschungsgruppe Wahlen,2023-08-18,1288,15.08.–17.08.,AfD,20
BT06230818A,Forschungsgruppe Wahlen,2023-08-18,1288,15.08.–17.08.,BSW,NA
BT03230819U,Verian,2023-08-19,1426,09.08.–15.08.,CDUCSU,26
BT03230819U,Verian,2023-08-19,1426,09.08.–15.08.,SPD,18
BT03230819U,Verian,2023-08-19,1426,09.08.–15.08.,Gruene,15
BT03230819U,Verian,2023-08-19,1426,09.08.–15.08.,FDP,7
BT03230819U,Verian,2023-08-19,1426,09.08.–15.08.,Linke,5
BT03230819U,Verian,2023-08-19,1426,09.08.–15.08.,AfD,19
BT03230819U,Verian,2023-08-19,1426,09.08.–15.08.,BSW,NA
BT05230819C,INSA,2023-08-19,1203,14.08.–18.08.,CDUCSU,27
BT05230819C,INSA,2023-08-19,1203,14.08.–18.08.,SPD,18
BT05230819C,INSA,2023-08-19,1203,14.08.–18.08.,Gruene,14
BT05230819C,INSA,2023-08-19,1203,14.08.–18.08.,FDP,8
BT05230819C,INSA,2023-08-19,1203,14.08.–18.08.,Linke,5
BT05230819C,INSA,2023-08-19,1203,14.08.–18.08.,AfD,21
BT05230819C,INSA,2023-08-19,1203,14.08.–18.08.,BSW,NA
BT05230821D,INSA,2023-08-21,2008,18.08.–21.08.,CDUCSU,26.5
BT05230821D,INSA,2023-08-21,2008,18.08.–21.08.,SPD,18.5
BT05230821D,INSA,2023-08-21,2008,18.08.–21.08.,Gruene,14
BT05230821D,INSA,2023-08-21,2008,18.08.–21.08.,FDP,8
BT05230821D,INSA,2023-08-21,2008,18.08.–21.08.,Linke,5
BT05230821D,INSA,2023-08-21,2008,18.08.–21.08.,AfD,20.5
BT05230821D,INSA,2023-08-21,2008,18.08.–21.08.,BSW,NA
BT02230822O,Forsa,2023-08-22,2506,15.08.–21.08.,CDUCSU,26
BT02230822O,Forsa,2023-08-22,2506,15.08.–21.08.,SPD,18
BT02230822O,Forsa,2023-08-22,2506,15.08.–21.08.,Gruene,14
BT02230822O,Forsa,2023-08-22,2506,15.08.–21.08.,FDP,7
BT02230822O,Forsa,2023-08-22,2506,15.08.–21.08.,Linke,4
BT02230822O,Forsa,2023-08-22,2506,15.08.–21.08.,AfD,20
BT02230822O,Forsa,2023-08-22,2506,15.08.–21.08.,BSW,NA
BT09230823W,Allensbach,2023-08-23,1026,04.08.–16.08.,CDUCSU,29
BT09230823W,Allensbach,2023-08-23,1026,04.08.–16.08.,SPD,19
BT09230823W,Allensbach,2023-08-23,1026,04.08.–16.08.,Gruene,14
BT09230823W,Allensbach,2023-08-23,1026,04.08.–16.08.,FDP,7
BT09230823W,Allensbach,2023-08-23,1026,04.08.–16.08.,Linke,5
BT09230823W,Allensbach,2023-08-23,1026,04.08.–16.08.,AfD,19
BT09230823W,Allensbach,2023-08-23,1026,04.08.–16.08.,BSW,NA
BT03230826V,Verian,2023-08-26,1435,16.08.–22.08.,CDUCSU,26
BT03230826V,Verian,2023-08-26,1435,16.08.–22.08.,SPD,18
BT03230826V,Verian,2023-08-26,1435,16.08.–22.08.,Gruene,14
BT03230826V,Verian,2023-08-26,1435,16.08.–22.08.,FDP,7
BT03230826V,Verian,2023-08-26,1435,16.08.–22.08.,Linke,5
BT03230826V,Verian,2023-08-26,1435,16.08.–22.08.,AfD,20
BT03230826V,Verian,2023-08-26,1435,16.08.–22.08.,BSW,NA
BT05230826E,INSA,2023-08-26,1285,21.08.–25.08.,CDUCSU,27
BT05230826E,INSA,2023-08-26,1285,21.08.–25.08.,SPD,18
BT05230826E,INSA,2023-08-26,1285,21.08.–25.08.,Gruene,14
BT05230826E,INSA,2023-08-26,1285,21.08.–25.08.,FDP,7
BT05230826E,INSA,2023-08-26,1285,21.08.–25.08.,Linke,5
BT05230826E,INSA,2023-08-26,1285,21.08.–25.08.,AfD,21
BT05230826E,INSA,2023-08-26,1285,21.08.–25.08.,BSW,NA
BT05230828F,INSA,2023-08-28,2006,25.08.–28.08.,CDUCSU,26.5
BT05230828F,INSA,2023-08-28,2006,25.08.–28.08.,SPD,18
BT05230828F,INSA,2023-08-28,2006,25.08.–28.08.,Gruene,14.5
BT05230828F,INSA,2023-08-28,2006,25.08.–28.08.,FDP,7
BT05230828F,INSA,2023-08-28,2006,25.08.–28.08.,Linke,4.5
BT05230828F,INSA,2023-08-28,2006,25.08.–28.08.,AfD,21
BT05230828F,INSA,2023-08-28,2006,25.08.–28.08.,BSW,NA
BT02230829P,Forsa,2023-08-29,2504,22.08.–28.08.,CDUCSU,26
BT02230829P,Forsa,2023-08-29,2504,22.08.–28.08.,SPD,17
BT02230829P,Forsa,2023-08-29,2504,22.08.–28.08.,Gruene,14
BT02230829P,Forsa,2023-08-29,2504,22.08.–28.08.,FDP,7
BT02230829P,Forsa,2023-08-29,2504,22.08.–28.08.,Linke,4
BT02230829P,Forsa,2023-08-29,2504,22.08.–28.08.,AfD,21
BT02230829P,Forsa,2023-08-29,2504,22.08.–28.08.,BSW,NA
BT01230831Q,Infratest dimap,2023-08-31,1310,28.08.–30.08.,CDUCSU,29
BT01230831Q,Infratest dimap,2023-08-31,1310,28.08.–30.08.,SPD,16
BT01230831Q,Infratest dimap,2023-08-31,1310,28.08.–30.08.,Gruene,14
BT01230831Q,Infratest dimap,2023-08-31,1310,28.08.–30.08.,FDP,6
BT01230831Q,Infratest dimap,2023-08-31,1310,28.08.–30.08.,Linke,4
BT01230831Q,Infratest dimap,2023-08-31,1310,28.08.–30.08.,AfD,22
BT01230831Q,Infratest dimap,2023-08-31,1310,28.08.–30.08.,BSW,NA
BT03230902W,Verian,2023-09-02,1330,23.08.–29.08.,CDUCSU,25
BT03230902W,Verian,2023-09-02,1330,23.08.–29.08.,SPD,18
BT03230902W,Verian,2023-09-02,1330,23.08.–29.08.,Gruene,15
BT03230902W,Verian,2023-09-02,1330,23.08.–29.08.,FDP,7
BT03230902W,Verian,2023-09-02,1330,23.08.–29.08.,Linke,5
BT03230902W,Verian,2023-09-02,1330,23.08.–29.08.,AfD,20
BT03230902W,Verian,2023-09-02,1330,23.08.–29.08.,BSW,NA
BT05230902G,INSA,2023-09-02,1195,28.08.–01.09.,CDUCSU,27
BT05230902G,INSA,2023-09-02,1195,28.08.–01.09.,SPD,18
BT05230902G,INSA,2023-09-02,1195,28.08.–01.09.,Gruene,13
BT05230902G,INSA,2023-09-02,1195,28.08.–01.09.,FDP,7
BT05230902G,INSA,2023-09-02,1195,28.08.–01.09.,Linke,5
BT05230902G,INSA,2023-09-02,1195,28.08.–01.09.,AfD,21
BT05230902G,INSA,2023-09-02,1195,28.08.–01.09.,BSW,NA
BT05230904H,INSA,2023-09-04,2010,01.09.–04.09.,CDUCSU,26.5
BT05230904H,INSA,2023-09-04,2010,01.09.–04.09.,SPD,17.5
BT05230904H,INSA,2023-09-04,2010,01.09.–04.09.,Gruene,13.5
BT05230904H,INSA,2023-09-04,2010,01.09.–04.09.,FDP,7.5
BT05230904H,INSA,2023-09-04,2010,01.09.–04.09.,Linke,4.5
BT05230904H,INSA,2023-09-04,2010,01.09.–04.09.,AfD,21.5
BT05230904H,INSA,2023-09-04,2010,01.09.–04.09.,BSW,NA
BT02230905Q,Forsa,2023-09-05,2506,29.08.–04.09.,CDUCSU,27
BT02230905Q,Forsa,2023-09-05,2506,29.08.–04.09.,SPD,16
BT02230905Q,Forsa,2023-09-05,2506,29.08.–04.09.,Gruene,14
BT02230905Q,Forsa,2023-09-05,2506,29.08.–04.09.,FDP,7
BT02230905Q,Forsa,2023-09-05,2506,29.08.–04.09.,Linke,4
BT02230905Q,Forsa,2023-09-05,2506,29.08.–04.09.,AfD,21
BT02230905Q,Forsa,2023-09-05,2506,29.08.–04.09.,BSW,NA
BT13230908H,YouGov,2023-09-08,1833,01.09.–06.09.,CDUCSU,29
BT13230908H,YouGov,2023-09-08,1833,01.09.–06.09.,SPD,16
BT13230908H,YouGov,2023-09-08,1833,01.09.–06.09.,Gruene,14
BT13230908H,YouGov,2023-09-08,1833,01.09.–06.09.,FDP,5
BT13230908H,YouGov,2023-09-08,1833,01.09.–06.09.,Linke,5
BT13230908H,YouGov,2023-09-08,1833,01.09.–06.09.,AfD,23
BT13230908H,YouGov,2023-09-08,1833,01.09.–06.09.,BSW,NA
BT03230909X,Verian,2023-09-09,1441,30.08.–05.09.,CDUCSU,26
BT03230909X,Verian,2023-09-09,1441,30.08.–05.09.,SPD,17
BT03230909X,Verian,2023-09-09,1441,30.08.–05.09.,Gruene,15
BT03230909X,Verian,2023-09-09,1441,30.08.–05.09.,FDP,6
BT03230909X,Verian,2023-09-09,1441,30.08.–05.09.,Linke,5
BT03230909X,Verian,2023-09-09,1441,30.08.–05.09.,AfD,21
BT03230909X,Verian,2023-09-09,1441,30.08.–05.09.,BSW,NA
BT05230909I,INSA,2023-09-09,1201,04.09.–08.09.,CDUCSU,27
BT05230909I,INSA,2023-09-09,1201,04.09.–08.09.,SPD,18
BT05230909I,INSA,2023-09-09,1201,04.09.–08.09.,Gruene,13
BT05230909I,INSA,2023-09-09,1201,04.09.–08.09.,FDP,7
BT05230909I,INSA,2023-09-09,1201,04.09.–08.09.,Linke,5
BT05230909I,INSA,2023-09-09,1201,04.09.–08.09.,AfD,22
BT05230909I,INSA,2023-09-09,1201,04.09.–08.09.,BSW,NA
BT05230911J,INSA,2023-09-11,2002,08.09.–11.09.,CDUCSU,26.5
BT05230911J,INSA,2023-09-11,2002,08.09.–11.09.,SPD,18
BT05230911J,INSA,2023-09-11,2002,08.09.–11.09.,Gruene,14
BT05230911J,INSA,2023-09-11,2002,08.09.–11.09.,FDP,7
BT05230911J,INSA,2023-09-11,2002,08.09.–11.09.,Linke,4.5
BT05230911J,INSA,2023-09-11,2002,08.09.–11.09.,AfD,22
BT05230911J,INSA,2023-09-11,2002,08.09.–11.09.,BSW,NA
BT02230912R,Forsa,2023-09-12,2505,05.09.–11.09.,CDUCSU,27
BT02230912R,Forsa,2023-09-12,2505,05.09.–11.09.,SPD,17
BT02230912R,Forsa,2023-09-12,2505,05.09.–11.09.,Gruene,13
BT02230912R,Forsa,2023-09-12,2505,05.09.–11.09.,FDP,7
BT02230912R,Forsa,2023-09-12,2505,05.09.–11.09.,Linke,4
BT02230912R,Forsa,2023-09-12,2505,05.09.–11.09.,AfD,21
BT02230912R,Forsa,2023-09-12,2505,05.09.–11.09.,BSW,NA
BT01230914R,Infratest dimap,2023-09-14,1222,12.09.–13.09.,CDUCSU,28
BT01230914R,Infratest dimap,2023-09-14,1222,12.09.–13.09.,SPD,16
BT01230914R,Infratest dimap,2023-09-14,1222,12.09.–13.09.,Gruene,15
BT01230914R,Infratest dimap,2023-09-14,1222,12.09.–13.09.,FDP,7
BT01230914R,Infratest dimap,2023-09-14,1222,12.09.–13.09.,Linke,4
BT01230914R,Infratest dimap,2023-09-14,1222,12.09.–13.09.,AfD,22
BT01230914R,Infratest dimap,2023-09-14,1222,12.09.–13.09.,BSW,NA
BT06230915B,Forschungsgruppe Wahlen,2023-09-15,1201,12.09.–14.09.,CDUCSU,26
BT06230915B,Forschungsgruppe Wahlen,2023-09-15,1201,12.09.–14.09.,SPD,17
BT06230915B,Forschungsgruppe Wahlen,2023-09-15,1201,12.09.–14.09.,Gruene,16
BT06230915B,Forschungsgruppe Wahlen,2023-09-15,1201,12.09.–14.09.,FDP,6
BT06230915B,Forschungsgruppe Wahlen,2023-09-15,1201,12.09.–14.09.,Linke,5
BT06230915B,Forschungsgruppe Wahlen,2023-09-15,1201,12.09.–14.09.,AfD,21
BT06230915B,Forschungsgruppe Wahlen,2023-09-15,1201,12.09.–14.09.,BSW,NA
BT03230916Y,Verian,2023-09-16,1442,06.09.–12.09.,CDUCSU,26
BT03230916Y,Verian,2023-09-16,1442,06.09.–12.09.,SPD,16
BT03230916Y,Verian,2023-09-16,1442,06.09.–12.09.,Gruene,15
BT03230916Y,Verian,2023-09-16,1442,06.09.–12.09.,FDP,7
BT03230916Y,Verian,2023-09-16,1442,06.09.–12.09.,Linke,5
BT03230916Y,Verian,2023-09-16,1442,06.09.–12.09.,AfD,22
BT03230916Y,Verian,2023-09-16,1442,06.09.–12.09.,BSW,NA
BT05230916K,INSA,2023-09-16,1204,11.09.–15.09.,CDUCSU,27
BT05230916K,INSA,2023-09-16,1204,11.09.–15.09.,SPD,17
BT05230916K,INSA,2023-09-16,1204,11.09.–15.09.,Gruene,15
BT05230916K,INSA,2023-09-16,1204,11.09.–15.09.,FDP,6
BT05230916K,INSA,2023-09-16,1204,11.09.–15.09.,Linke,5
BT05230916K,INSA,2023-09-16,1204,11.09.–15.09.,AfD,21
BT05230916K,INSA,2023-09-16,1204,11.09.–15.09.,BSW,NA
BT02230919S,Forsa,2023-09-19,2504,12.09.–18.09.,CDUCSU,27
BT02230919S,Forsa,2023-09-19,2504,12.09.–18.09.,SPD,17
BT02230919S,Forsa,2023-09-19,2504,12.09.–18.09.,Gruene,14
BT02230919S,Forsa,2023-09-19,2504,12.09.–18.09.,FDP,6
BT02230919S,Forsa,2023-09-19,2504,12.09.–18.09.,Linke,4
BT02230919S,Forsa,2023-09-19,2504,12.09.–18.09.,AfD,22
BT02230919S,Forsa,2023-09-19,2504,12.09.–18.09.,BSW,NA
BT04230919N,GMS,2023-09-19,1002,13.09.–18.09.,CDUCSU,27
BT04230919N,GMS,2023-09-19,1002,13.09.–18.09.,SPD,16
BT04230919N,GMS,2023-09-19,1002,13.09.–18.09.,Gruene,15
BT04230919N,GMS,2023-09-19,1002,13.09.–18.09.,FDP,6
BT04230919N,GMS,2023-09-19,1002,13.09.–18.09.,Linke,4
BT04230919N,GMS,2023-09-19,1002,13.09.–18.09.,AfD,23
BT04230919N,GMS,2023-09-19,1002,13.09.–18.09.,BSW,NA
BT05230919L,INSA,2023-09-19,2008,15.09.–18.09.,CDUCSU,26.5
BT05230919L,INSA,2023-09-19,2008,15.09.–18.09.,SPD,17
BT05230919L,INSA,2023-09-19,2008,15.09.–18.09.,Gruene,14.5
BT05230919L,INSA,2023-09-19,2008,15.09.–18.09.,FDP,6
BT05230919L,INSA,2023-09-19,2008,15.09.–18.09.,Linke,5
BT05230919L,INSA,2023-09-19,2008,15.09.–18.09.,AfD,21
BT05230919L,INSA,2023-09-19,2008,15.09.–18.09.,BSW,NA
BT09230921X,Allensbach,2023-09-21,1030,04.09.–15.09.,CDUCSU,30
BT09230921X,Allensbach,2023-09-21,1030,04.09.–15.09.,SPD,18
BT09230921X,Allensbach,2023-09-21,1030,04.09.–15.09.,Gruene,14
BT09230921X,Allensbach,2023-09-21,1030,04.09.–15.09.,FDP,7
BT09230921X,Allensbach,2023-09-21,1030,04.09.–15.09.,Linke,5
BT09230921X,Allensbach,2023-09-21,1030,04.09.–15.09.,AfD,19
BT09230921X,Allensbach,2023-09-21,1030,04.09.–15.09.,BSW,NA
BT03230923A,Verian,2023-09-23,1370,13.09.–19.09.,CDUCSU,27
BT03230923A,Verian,2023-09-23,1370,13.09.–19.09.,SPD,17
BT03230923A,Verian,2023-09-23,1370,13.09.–19.09.,Gruene,15
BT03230923A,Verian,2023-09-23,1370,13.09.–19.09.,FDP,7
BT03230923A,Verian,2023-09-23,1370,13.09.–19.09.,Linke,4
BT03230923A,Verian,2023-09-23,1370,13.09.–19.09.,AfD,21
BT03230923A,Verian,2023-09-23,1370,13.09.–19.09.,BSW,NA
BT05230923M,INSA,2023-09-23,1203,18.09.–22.09.,CDUCSU,27
BT05230923M,INSA,2023-09-23,1203,18.09.–22.09.,SPD,17
BT05230923M,INSA,2023-09-23,1203,18.09.–22.09.,Gruene,14
BT05230923M,INSA,2023-09-23,1203,18.09.–22.09.,FDP,6
BT05230923M,INSA,2023-09-23,1203,18.09.–22.09.,Linke,5
BT05230923M,INSA,2023-09-23,1203,18.09.–22.09.,AfD,22
BT05230923M,INSA,2023-09-23,1203,18.09.–22.09.,BSW,NA
BT02230926T,Forsa,2023-09-26,2503,19.09.–25.09.,CDUCSU,27
BT02230926T,Forsa,2023-09-26,2503,19.09.–25.09.,SPD,17
BT02230926T,Forsa,2023-09-26,2503,19.09.–25.09.,Gruene,14
BT02230926T,Forsa,2023-09-26,2503,19.09.–25.09.,FDP,6
BT02230926T,Forsa,2023-09-26,2503,19.09.–25.09.,Linke,4
BT02230926T,Forsa,2023-09-26,2503,19.09.–25.09.,AfD,21
BT02230926T,Forsa,2023-09-26,2503,19.09.–25.09.,BSW,NA
BT05230926N,INSA,2023-09-26,2003,22.09.–25.09.,CDUCSU,27
BT05230926N,INSA,2023-09-26,2003,22.09.–25.09.,SPD,17.5
BT05230926N,INSA,2023-09-26,2003,22.09.–25.09.,Gruene,13.5
BT05230926N,INSA,2023-09-26,2003,22.09.–25.09.,FDP,6.5
BT05230926N,INSA,2023-09-26,2003,22.09.–25.09.,Linke,5
BT05230926N,INSA,2023-09-26,2003,22.09.–25.09.,AfD,21.5
BT05230926N,INSA,2023-09-26,2003,22.09.–25.09.,BSW,NA
BT01230928S,Infratest dimap,2023-09-28,1302,25.09.–27.09.,CDUCSU,28
BT01230928S,Infratest dimap,2023-09-28,1302,25.09.–27.09.,SPD,16
BT01230928S,Infratest dimap,2023-09-28,1302,25.09.–27.09.,Gruene,14
BT01230928S,Infratest dimap,2023-09-28,1302,25.09.–27.09.,FDP,6
BT01230928S,Infratest dimap,2023-09-28,1302,25.09.–27.09.,Linke,4
BT01230928S,Infratest dimap,2023-09-28,1302,25.09.–27.09.,AfD,22
BT01230928S,Infratest dimap,2023-09-28,1302,25.09.–27.09.,BSW,NA
BT03230930B,Verian,2023-09-30,1356,20.09.–26.09.,CDUCSU,27
BT03230930B,Verian,2023-09-30,1356,20.09.–26.09.,SPD,16
BT03230930B,Verian,2023-09-30,1356,20.09.–26.09.,Gruene,15
BT03230930B,Verian,2023-09-30,1356,20.09.–26.09.,FDP,7
BT03230930B,Verian,2023-09-30,1356,20.09.–26.09.,Linke,5
BT03230930B,Verian,2023-09-30,1356,20.09.–26.09.,AfD,21
BT03230930B,Verian,2023-09-30,1356,20.09.–26.09.,BSW,NA
BT05230930O,INSA,2023-09-30,1206,25.09.–29.09.,CDUCSU,26
BT05230930O,INSA,2023-09-30,1206,25.09.–29.09.,SPD,18
BT05230930O,INSA,2023-09-30,1206,25.09.–29.09.,Gruene,14
BT05230930O,INSA,2023-09-30,1206,25.09.–29.09.,FDP,7
BT05230930O,INSA,2023-09-30,1206,25.09.–29.09.,Linke,5
BT05230930O,INSA,2023-09-30,1206,25.09.–29.09.,AfD,22
BT05230930O,INSA,2023-09-30,1206,25.09.–29.09.,BSW,NA
BT02231002U,Forsa,2023-10-02,2004,26.09.–29.09.,CDUCSU,28
BT02231002U,Forsa,2023-10-02,2004,26.09.–29.09.,SPD,18
BT02231002U,Forsa,2023-10-02,2004,26.09.–29.09.,Gruene,14
BT02231002U,Forsa,2023-10-02,2004,26.09.–29.09.,FDP,5
BT02231002U,Forsa,2023-10-02,2004,26.09.–29.09.,Linke,4
BT02231002U,Forsa,2023-10-02,2004,26.09.–29.09.,AfD,20
BT02231002U,Forsa,2023-10-02,2004,26.09.–29.09.,BSW,NA
BT05231002P,INSA,2023-10-02,2010,29.09.–02.10.,CDUCSU,26.5
BT05231002P,INSA,2023-10-02,2010,29.09.–02.10.,SPD,18
BT05231002P,INSA,2023-10-02,2010,29.09.–02.10.,Gruene,13.5
BT05231002P,INSA,2023-10-02,2010,29.09.–02.10.,FDP,7
BT05231002P,INSA,2023-10-02,2010,29.09.–02.10.,Linke,5
BT05231002P,INSA,2023-10-02,2010,29.09.–02.10.,AfD,22
BT05231002P,INSA,2023-10-02,2010,29.09.–02.10.,BSW,NA
BT03231007C,Verian,2023-10-07,1391,26.09.–28.09.,CDUCSU,26
BT03231007C,Verian,2023-10-07,1391,26.09.–28.09.,SPD,16
BT03231007C,Verian,2023-10-07,1391,26.09.–28.09.,Gruene,16
BT03231007C,Verian,2023-10-07,1391,26.09.–28.09.,FDP,7
BT03231007C,Verian,2023-10-07,1391,26.09.–28.09.,Linke,5
BT03231007C,Verian,2023-10-07,1391,26.09.–28.09.,AfD,21
BT03231007C,Verian,2023-10-07,1391,26.09.–28.09.,BSW,NA
BT05231007Q,INSA,2023-10-07,1201,02.10.–06.10.,CDUCSU,27
BT05231007Q,INSA,2023-10-07,1201,02.10.–06.10.,SPD,17
BT05231007Q,INSA,2023-10-07,1201,02.10.–06.10.,Gruene,14
BT05231007Q,INSA,2023-10-07,1201,02.10.–06.10.,FDP,6
BT05231007Q,INSA,2023-10-07,1201,02.10.–06.10.,Linke,5
BT05231007Q,INSA,2023-10-07,1201,02.10.–06.10.,AfD,22
BT05231007Q,INSA,2023-10-07,1201,02.10.–06.10.,BSW,NA
BT02231010V,Forsa,2023-10-10,2003,04.10.–09.10.,CDUCSU,28
BT02231010V,Forsa,2023-10-10,2003,04.10.–09.10.,SPD,18
BT02231010V,Forsa,2023-10-10,2003,04.10.–09.10.,Gruene,14
BT02231010V,Forsa,2023-10-10,2003,04.10.–09.10.,FDP,6
BT02231010V,Forsa,2023-10-10,2003,04.10.–09.10.,Linke,4
BT02231010V,Forsa,2023-10-10,2003,04.10.–09.10.,AfD,20
BT02231010V,Forsa,2023-10-10,2003,04.10.–09.10.,BSW,NA
BT05231010R,INSA,2023-10-10,2001,06.10.–09.10.,CDUCSU,27
BT05231010R,INSA,2023-10-10,2001,06.10.–09.10.,SPD,17
BT05231010R,INSA,2023-10-10,2001,06.10.–09.10.,Gruene,13.5
BT05231010R,INSA,2023-10-10,2001,06.10.–09.10.,FDP,6
BT05231010R,INSA,2023-10-10,2001,06.10.–09.10.,Linke,5
BT05231010R,INSA,2023-10-10,2001,06.10.–09.10.,AfD,22.5
BT05231010R,INSA,2023-10-10,2001,06.10.–09.10.,BSW,NA
BT01231012T,Infratest dimap,2023-10-12,1203,10.10.–11.10.,CDUCSU,29
BT01231012T,Infratest dimap,2023-10-12,1203,10.10.–11.10.,SPD,15
BT01231012T,Infratest dimap,2023-10-12,1203,10.10.–11.10.,Gruene,13
BT01231012T,Infratest dimap,2023-10-12,1203,10.10.–11.10.,FDP,5
BT01231012T,Infratest dimap,2023-10-12,1203,10.10.–11.10.,Linke,4
BT01231012T,Infratest dimap,2023-10-12,1203,10.10.–11.10.,AfD,23
BT01231012T,Infratest dimap,2023-10-12,1203,10.10.–11.10.,BSW,NA
BT13231013I,YouGov,2023-10-13,1842,06.10.–10.10.,CDUCSU,29
BT13231013I,YouGov,2023-10-13,1842,06.10.–10.10.,SPD,16
BT13231013I,YouGov,2023-10-13,1842,06.10.–10.10.,Gruene,15
BT13231013I,YouGov,2023-10-13,1842,06.10.–10.10.,FDP,5
BT13231013I,YouGov,2023-10-13,1842,06.10.–10.10.,Linke,6
BT13231013I,YouGov,2023-10-13,1842,06.10.–10.10.,AfD,21
BT13231013I,YouGov,2023-10-13,1842,06.10.–10.10.,BSW,NA
BT03231014D,Verian,2023-10-14,1386,27.09.–10.10.,CDUCSU,27
BT03231014D,Verian,2023-10-14,1386,27.09.–10.10.,SPD,16
BT03231014D,Verian,2023-10-14,1386,27.09.–10.10.,Gruene,15
BT03231014D,Verian,2023-10-14,1386,27.09.–10.10.,FDP,6
BT03231014D,Verian,2023-10-14,1386,27.09.–10.10.,Linke,5
BT03231014D,Verian,2023-10-14,1386,27.09.–10.10.,AfD,22
BT03231014D,Verian,2023-10-14,1386,27.09.–10.10.,BSW,NA
BT05231014S,INSA,2023-10-14,1202,09.10.–13.10.,CDUCSU,28
BT05231014S,INSA,2023-10-14,1202,09.10.–13.10.,SPD,17
BT05231014S,INSA,2023-10-14,1202,09.10.–13.10.,Gruene,13
BT05231014S,INSA,2023-10-14,1202,09.10.–13.10.,FDP,6
BT05231014S,INSA,2023-10-14,1202,09.10.–13.10.,Linke,5
BT05231014S,INSA,2023-10-14,1202,09.10.–13.10.,AfD,23
BT05231014S,INSA,2023-10-14,1202,09.10.–13.10.,BSW,NA
BT05231016T,INSA,2023-10-16,2006,13.10.–16.10.,CDUCSU,28
BT05231016T,INSA,2023-10-16,2006,13.10.–16.10.,SPD,16.5
BT05231016T,INSA,2023-10-16,2006,13.10.–16.10.,Gruene,13
BT05231016T,INSA,2023-10-16,2006,13.10.–16.10.,FDP,6
BT05231016T,INSA,2023-10-16,2006,13.10.–16.10.,Linke,4.5
BT05231016T,INSA,2023-10-16,2006,13.10.–16.10.,AfD,23
BT05231016T,INSA,2023-10-16,2006,13.10.–16.10.,BSW,NA
BT02231017W,Forsa,2023-10-17,2501,10.10.–16.10.,CDUCSU,32
BT02231017W,Forsa,2023-10-17,2501,10.10.–16.10.,SPD,14
BT02231017W,Forsa,2023-10-17,2501,10.10.–16.10.,Gruene,14
BT02231017W,Forsa,2023-10-17,2501,10.10.–16.10.,FDP,4
BT02231017W,Forsa,2023-10-17,2501,10.10.–16.10.,Linke,4
BT02231017W,Forsa,2023-10-17,2501,10.10.–16.10.,AfD,21
BT02231017W,Forsa,2023-10-17,2501,10.10.–16.10.,BSW,NA
BT06231020C,Forschungsgruppe Wahlen,2023-10-20,1252,17.10.–19.10.,CDUCSU,30
BT06231020C,Forschungsgruppe Wahlen,2023-10-20,1252,17.10.–19.10.,SPD,15
BT06231020C,Forschungsgruppe Wahlen,2023-10-20,1252,17.10.–19.10.,Gruene,14
BT06231020C,Forschungsgruppe Wahlen,2023-10-20,1252,17.10.–19.10.,FDP,5
BT06231020C,Forschungsgruppe Wahlen,2023-10-20,1252,17.10.–19.10.,Linke,5
BT06231020C,Forschungsgruppe Wahlen,2023-10-20,1252,17.10.–19.10.,AfD,21
BT06231020C,Forschungsgruppe Wahlen,2023-10-20,1252,17.10.–19.10.,BSW,NA
BT03231021E,Verian,2023-10-21,1388,11.10.–17.10.,CDUCSU,31
BT03231021E,Verian,2023-10-21,1388,11.10.–17.10.,SPD,14
BT03231021E,Verian,2023-10-21,1388,11.10.–17.10.,Gruene,15
BT03231021E,Verian,2023-10-21,1388,11.10.–17.10.,FDP,5
BT03231021E,Verian,2023-10-21,1388,11.10.–17.10.,Linke,4
BT03231021E,Verian,2023-10-21,1388,11.10.–17.10.,AfD,21
BT03231021E,Verian,2023-10-21,1388,11.10.–17.10.,BSW,NA
BT05231021U,INSA,2023-10-21,1202,16.10.–20.10.,CDUCSU,29
BT05231021U,INSA,2023-10-21,1202,16.10.–20.10.,SPD,16
BT05231021U,INSA,2023-10-21,1202,16.10.–20.10.,Gruene,13
BT05231021U,INSA,2023-10-21,1202,16.10.–20.10.,FDP,5
BT05231021U,INSA,2023-10-21,1202,16.10.–20.10.,Linke,5
BT05231021U,INSA,2023-10-21,1202,16.10.–20.10.,AfD,22
BT05231021U,INSA,2023-10-21,1202,16.10.–20.10.,BSW,NA
BT02231024X,Forsa,2023-10-24,2504,17.10.–23.10.,CDUCSU,31
BT02231024X,Forsa,2023-10-24,2504,17.10.–23.10.,SPD,14
BT02231024X,Forsa,2023-10-24,2504,17.10.–23.10.,Gruene,14
BT02231024X,Forsa,2023-10-24,2504,17.10.–23.10.,FDP,5
BT02231024X,Forsa,2023-10-24,2504,17.10.–23.10.,Linke,4
BT02231024X,Forsa,2023-10-24,2504,17.10.–23.10.,AfD,21
BT02231024X,Forsa,2023-10-24,2504,17.10.–23.10.,BSW,NA
BT05231024V,INSA,2023-10-24,2004,20.10.–23.10.,CDUCSU,28.5
BT05231024V,INSA,2023-10-24,2004,20.10.–23.10.,SPD,16.5
BT05231024V,INSA,2023-10-24,2004,20.10.–23.10.,Gruene,13
BT05231024V,INSA,2023-10-24,2004,20.10.–23.10.,FDP,5.5
BT05231024V,INSA,2023-10-24,2004,20.10.–23.10.,Linke,5
BT05231024V,INSA,2023-10-24,2004,20.10.–23.10.,AfD,22
BT05231024V,INSA,2023-10-24,2004,20.10.–23.10.,BSW,NA
BT09231025Y,Allensbach,2023-10-25,1010,06.10.–19.10.,CDUCSU,34
BT09231025Y,Allensbach,2023-10-25,1010,06.10.–19.10.,SPD,17
BT09231025Y,Allensbach,2023-10-25,1010,06.10.–19.10.,Gruene,13
BT09231025Y,Allensbach,2023-10-25,1010,06.10.–19.10.,FDP,5
BT09231025Y,Allensbach,2023-10-25,1010,06.10.–19.10.,Linke,3
BT09231025Y,Allensbach,2023-10-25,1010,06.10.–19.10.,AfD,19
BT09231025Y,Allensbach,2023-10-25,1010,06.10.–19.10.,BSW,NA
BT03231028F,Verian,2023-10-28,1422,18.10.–24.10.,CDUCSU,28
BT03231028F,Verian,2023-10-28,1422,18.10.–24.10.,SPD,16
BT03231028F,Verian,2023-10-28,1422,18.10.–24.10.,Gruene,16
BT03231028F,Verian,2023-10-28,1422,18.10.–24.10.,FDP,5
BT03231028F,Verian,2023-10-28,1422,18.10.–24.10.,Linke,5
BT03231028F,Verian,2023-10-28,1422,18.10.–24.10.,AfD,20
BT03231028F,Verian,2023-10-28,1422,18.10.–24.10.,BSW,NA
BT05231028W,INSA,2023-10-28,1216,23.10.–27.10.,CDUCSU,31
BT05231028W,INSA,2023-10-28,1216,23.10.–27.10.,SPD,16
BT05231028W,INSA,2023-10-28,1216,23.10.–27.10.,Gruene,13
BT05231028W,INSA,2023-10-28,1216,23.10.–27.10.,FDP,6
BT05231028W,INSA,2023-10-28,1216,23.10.–27.10.,Linke,4
BT05231028W,INSA,2023-10-28,1216,23.10.–27.10.,AfD,21
BT05231028W,INSA,2023-10-28,1216,23.10.–27.10.,BSW,NA
BT05231030X,INSA,2023-10-30,2010,27.10.–30.10.,CDUCSU,30.5
BT05231030X,INSA,2023-10-30,2010,27.10.–30.10.,SPD,16.5
BT05231030X,INSA,2023-10-30,2010,27.10.–30.10.,Gruene,13
BT05231030X,INSA,2023-10-30,2010,27.10.–30.10.,FDP,5.5
BT05231030X,INSA,2023-10-30,2010,27.10.–30.10.,Linke,4
BT05231030X,INSA,2023-10-30,2010,27.10.–30.10.,AfD,21
BT05231030X,INSA,2023-10-30,2010,27.10.–30.10.,BSW,NA
BT02231031Y,Forsa,2023-10-31,2501,24.10.–30.10.,CDUCSU,29
BT02231031Y,Forsa,2023-10-31,2501,24.10.–30.10.,SPD,15
BT02231031Y,Forsa,2023-10-31,2501,24.10.–30.10.,Gruene,14
BT02231031Y,Forsa,2023-10-31,2501,24.10.–30.10.,FDP,5
BT02231031Y,Forsa,2023-10-31,2501,24.10.–30.10.,Linke,3
BT02231031Y,Forsa,2023-10-31,2501,24.10.–30.10.,AfD,22
BT02231031Y,Forsa,2023-10-31,2501,24.10.–30.10.,BSW,NA
BT01231102V,Infratest dimap,2023-11-02,1314,30.10.–01.11.,CDUCSU,30
BT01231102V,Infratest dimap,2023-11-02,1314,30.10.–01.11.,SPD,16
BT01231102V,Infratest dimap,2023-11-02,1314,30.10.–01.11.,Gruene,14
BT01231102V,Infratest dimap,2023-11-02,1314,30.10.–01.11.,FDP,4
BT01231102V,Infratest dimap,2023-11-02,1314,30.10.–01.11.,Linke,5
BT01231102V,Infratest dimap,2023-11-02,1314,30.10.–01.11.,AfD,22
BT01231102V,Infratest dimap,2023-11-02,1314,30.10.–01.11.,BSW,NA
BT03231104G,Verian,2023-11-04,1418,19.10.–25.10.,CDUCSU,27
BT03231104G,Verian,2023-11-04,1418,19.10.–25.10.,SPD,17
BT03231104G,Verian,2023-11-04,1418,19.10.–25.10.,Gruene,16
BT03231104G,Verian,2023-11-04,1418,19.10.–25.10.,FDP,5
BT03231104G,Verian,2023-11-04,1418,19.10.–25.10.,Linke,4
BT03231104G,Verian,2023-11-04,1418,19.10.–25.10.,AfD,21
BT03231104G,Verian,2023-11-04,1418,19.10.–25.10.,BSW,NA
BT05231105Y,INSA,2023-11-05,1204,30.10.–03.11.,CDUCSU,30
BT05231105Y,INSA,2023-11-05,1204,30.10.–03.11.,SPD,16
BT05231105Y,INSA,2023-11-05,1204,30.10.–03.11.,Gruene,13
BT05231105Y,INSA,2023-11-05,1204,30.10.–03.11.,FDP,6
BT05231105Y,INSA,2023-11-05,1204,30.10.–03.11.,Linke,4
BT05231105Y,INSA,2023-11-05,1204,30.10.–03.11.,AfD,22
BT05231105Y,INSA,2023-11-05,1204,30.10.–03.11.,BSW,NA
BT05231106A,INSA,2023-11-06,2006,03.11.–06.11.,CDUCSU,29.5
BT05231106A,INSA,2023-11-06,2006,03.11.–06.11.,SPD,16.5
BT05231106A,INSA,2023-11-06,2006,03.11.–06.11.,Gruene,13.5
BT05231106A,INSA,2023-11-06,2006,03.11.–06.11.,FDP,5.5
BT05231106A,INSA,2023-11-06,2006,03.11.–06.11.,Linke,4.5
BT05231106A,INSA,2023-11-06,2006,03.11.–06.11.,AfD,22
BT05231106A,INSA,2023-11-06,2006,03.11.–06.11.,BSW,NA
BT02231107A,Forsa,2023-11-07,2502,31.10.–06.11.,CDUCSU,29
BT02231107A,Forsa,2023-11-07,2502,31.10.–06.11.,SPD,15
BT02231107A,Forsa,2023-11-07,2502,31.10.–06.11.,Gruene,14
BT02231107A,Forsa,2023-11-07,2502,31.10.–06.11.,FDP,5
BT02231107A,Forsa,2023-11-07,2502,31.10.–06.11.,Linke,4
BT02231107A,Forsa,2023-11-07,2502,31.10.–06.11.,AfD,21
BT02231107A,Forsa,2023-11-07,2502,31.10.–06.11.,BSW,NA
BT01231109W,Infratest dimap,2023-11-09,1195,07.11.–08.11.,CDUCSU,30
BT01231109W,Infratest dimap,2023-11-09,1195,07.11.–08.11.,SPD,15
BT01231109W,Infratest dimap,2023-11-09,1195,07.11.–08.11.,Gruene,15
BT01231109W,Infratest dimap,2023-11-09,1195,07.11.–08.11.,FDP,5
BT01231109W,Infratest dimap,2023-11-09,1195,07.11.–08.11.,Linke,4
BT01231109W,Infratest dimap,2023-11-09,1195,07.11.–08.11.,AfD,21
BT01231109W,Infratest dimap,2023-11-09,1195,07.11.–08.11.,BSW,NA
BT06231110D,Forschungsgruppe Wahlen,2023-11-10,1234,07.11.–09.11.,CDUCSU,30
BT06231110D,Forschungsgruppe Wahlen,2023-11-10,1234,07.11.–09.11.,SPD,16
BT06231110D,Forschungsgruppe Wahlen,2023-11-10,1234,07.11.–09.11.,Gruene,15
BT06231110D,Forschungsgruppe Wahlen,2023-11-10,1234,07.11.–09.11.,FDP,5
BT06231110D,Forschungsgruppe Wahlen,2023-11-10,1234,07.11.–09.11.,Linke,4
BT06231110D,Forschungsgruppe Wahlen,2023-11-10,1234,07.11.–09.11.,AfD,21
BT06231110D,Forschungsgruppe Wahlen,2023-11-10,1234,07.11.–09.11.,BSW,NA
BT13231110K,YouGov,2023-11-10,1732,03.11.–07.11,CDUCSU,29
BT13231110K,YouGov,2023-11-10,1732,03.11.–07.11,SPD,15
BT13231110K,YouGov,2023-11-10,1732,03.11.–07.11,Gruene,15
BT13231110K,YouGov,2023-11-10,1732,03.11.–07.11,FDP,5
BT13231110K,YouGov,2023-11-10,1732,03.11.–07.11,Linke,5
BT13231110K,YouGov,2023-11-10,1732,03.11.–07.11,AfD,22
BT13231110K,YouGov,2023-11-10,1732,03.11.–07.11,BSW,NA
BT03231111H,Verian,2023-11-11,1443,25.10.–07.11.,CDUCSU,28
BT03231111H,Verian,2023-11-11,1443,25.10.–07.11.,SPD,16
BT03231111H,Verian,2023-11-11,1443,25.10.–07.11.,Gruene,16
BT03231111H,Verian,2023-11-11,1443,25.10.–07.11.,FDP,6
BT03231111H,Verian,2023-11-11,1443,25.10.–07.11.,Linke,4
BT03231111H,Verian,2023-11-11,1443,25.10.–07.11.,AfD,20
BT03231111H,Verian,2023-11-11,1443,25.10.–07.11.,BSW,NA
BT05231111B,INSA,2023-11-11,1204,06.11.–10.11.,CDUCSU,30
BT05231111B,INSA,2023-11-11,1204,06.11.–10.11.,SPD,17
BT05231111B,INSA,2023-11-11,1204,06.11.–10.11.,Gruene,14
BT05231111B,INSA,2023-11-11,1204,06.11.–10.11.,FDP,5
BT05231111B,INSA,2023-11-11,1204,06.11.–10.11.,Linke,4
BT05231111B,INSA,2023-11-11,1204,06.11.–10.11.,AfD,21
BT05231111B,INSA,2023-11-11,1204,06.11.–10.11.,BSW,NA
BT05231113C,INSA,2023-11-13,2008,10.11.–13.11.,CDUCSU,30.5
BT05231113C,INSA,2023-11-13,2008,10.11.–13.11.,SPD,16.5
BT05231113C,INSA,2023-11-13,2008,10.11.–13.11.,Gruene,13.5
BT05231113C,INSA,2023-11-13,2008,10.11.–13.11.,FDP,5
BT05231113C,INSA,2023-11-13,2008,10.11.–13.11.,Linke,4.5
BT05231113C,INSA,2023-11-13,2008,10.11.–13.11.,AfD,21.5
BT05231113C,INSA,2023-11-13,2008,10.11.–13.11.,BSW,NA
BT02231114B,Forsa,2023-11-14,2504,07.11.–13.11.,CDUCSU,30
BT02231114B,Forsa,2023-11-14,2504,07.11.–13.11.,SPD,14
BT02231114B,Forsa,2023-11-14,2504,07.11.–13.11.,Gruene,14
BT02231114B,Forsa,2023-11-14,2504,07.11.–13.11.,FDP,5
BT02231114B,Forsa,2023-11-14,2504,07.11.–13.11.,Linke,4
BT02231114B,Forsa,2023-11-14,2504,07.11.–13.11.,AfD,21
BT02231114B,Forsa,2023-11-14,2504,07.11.–13.11.,BSW,NA
BT03231118I,Verian,2023-11-18,1421,08.11.–14.11.,CDUCSU,28
BT03231118I,Verian,2023-11-18,1421,08.11.–14.11.,SPD,16
BT03231118I,Verian,2023-11-18,1421,08.11.–14.11.,Gruene,16
BT03231118I,Verian,2023-11-18,1421,08.11.–14.11.,FDP,6
BT03231118I,Verian,2023-11-18,1421,08.11.–14.11.,Linke,4
BT03231118I,Verian,2023-11-18,1421,08.11.–14.11.,AfD,20
BT03231118I,Verian,2023-11-18,1421,08.11.–14.11.,BSW,NA
BT05231118D,INSA,2023-11-18,1201,13.11.–17.11.,CDUCSU,30
BT05231118D,INSA,2023-11-18,1201,13.11.–17.11.,SPD,16
BT05231118D,INSA,2023-11-18,1201,13.11.–17.11.,Gruene,13
BT05231118D,INSA,2023-11-18,1201,13.11.–17.11.,FDP,6
BT05231118D,INSA,2023-11-18,1201,13.11.–17.11.,Linke,4
BT05231118D,INSA,2023-11-18,1201,13.11.–17.11.,AfD,21
BT05231118D,INSA,2023-11-18,1201,13.11.–17.11.,BSW,NA
BT02231121C,Forsa,2023-11-21,2501,14.11.–20.11.,CDUCSU,30
BT02231121C,Forsa,2023-11-21,2501,14.11.–20.11.,SPD,15
BT02231121C,Forsa,2023-11-21,2501,14.11.–20.11.,Gruene,14
BT02231121C,Forsa,2023-11-21,2501,14.11.–20.11.,FDP,5
BT02231121C,Forsa,2023-11-21,2501,14.11.–20.11.,Linke,3
BT02231121C,Forsa,2023-11-21,2501,14.11.–20.11.,AfD,21
BT02231121C,Forsa,2023-11-21,2501,14.11.–20.11.,BSW,NA
BT05231121E,INSA,2023-11-21,2003,17.11.–20.11.,CDUCSU,30
BT05231121E,INSA,2023-11-21,2003,17.11.–20.11.,SPD,16.5
BT05231121E,INSA,2023-11-21,2003,17.11.–20.11.,Gruene,13
BT05231121E,INSA,2023-11-21,2003,17.11.–20.11.,FDP,5.5
BT05231121E,INSA,2023-11-21,2003,17.11.–20.11.,Linke,4.5
BT05231121E,INSA,2023-11-21,2003,17.11.–20.11.,AfD,21
BT05231121E,INSA,2023-11-21,2003,17.11.–20.11.,BSW,NA
BT09231123A,Allensbach,2023-11-23,1047,03.11.–16.11.,CDUCSU,32
BT09231123A,Allensbach,2023-11-23,1047,03.11.–16.11.,SPD,17
BT09231123A,Allensbach,2023-11-23,1047,03.11.–16.11.,Gruene,13.5
BT09231123A,Allensbach,2023-11-23,1047,03.11.–16.11.,FDP,6
BT09231123A,Allensbach,2023-11-23,1047,03.11.–16.11.,Linke,3.5
BT09231123A,Allensbach,2023-11-23,1047,03.11.–16.11.,AfD,19
BT09231123A,Allensbach,2023-11-23,1047,03.11.–16.11.,BSW,NA
BT06231124E,Forschungsgruppe Wahlen,2023-11-24,1242,21.11.–23.11.,CDUCSU,31
BT06231124E,Forschungsgruppe Wahlen,2023-11-24,1242,21.11.–23.11.,SPD,15
BT06231124E,Forschungsgruppe Wahlen,2023-11-24,1242,21.11.–23.11.,Gruene,15
BT06231124E,Forschungsgruppe Wahlen,2023-11-24,1242,21.11.–23.11.,FDP,5
BT06231124E,Forschungsgruppe Wahlen,2023-11-24,1242,21.11.–23.11.,Linke,4
BT06231124E,Forschungsgruppe Wahlen,2023-11-24,1242,21.11.–23.11.,AfD,22
BT06231124E,Forschungsgruppe Wahlen,2023-11-24,1242,21.11.–23.11.,BSW,NA
BT03231125J,Verian,2023-11-25,1452,14.11.–21.11.,CDUCSU,29
BT03231125J,Verian,2023-11-25,1452,14.11.–21.11.,SPD,16
BT03231125J,Verian,2023-11-25,1452,14.11.–21.11.,Gruene,17
BT03231125J,Verian,2023-11-25,1452,14.11.–21.11.,FDP,5
BT03231125J,Verian,2023-11-25,1452,14.11.–21.11.,Linke,4
BT03231125J,Verian,2023-11-25,1452,14.11.–21.11.,AfD,20
BT03231125J,Verian,2023-11-25,1452,14.11.–21.11.,BSW,NA
BT05231125F,INSA,2023-11-25,1202,20.11.–24.11.,CDUCSU,30
BT05231125F,INSA,2023-11-25,1202,20.11.–24.11.,SPD,16
BT05231125F,INSA,2023-11-25,1202,20.11.–24.11.,Gruene,12
BT05231125F,INSA,2023-11-25,1202,20.11.–24.11.,FDP,6
BT05231125F,INSA,2023-11-25,1202,20.11.–24.11.,Linke,4
BT05231125F,INSA,2023-11-25,1202,20.11.–24.11.,AfD,22
BT05231125F,INSA,2023-11-25,1202,20.11.–24.11.,BSW,NA
BT05231127G,INSA,2023-11-27,2007,24.11.–27.11.,CDUCSU,30.5
BT05231127G,INSA,2023-11-27,2007,24.11.–27.11.,SPD,15.5
BT05231127G,INSA,2023-11-27,2007,24.11.–27.11.,Gruene,12.5
BT05231127G,INSA,2023-11-27,2007,24.11.–27.11.,FDP,6
BT05231127G,INSA,2023-11-27,2007,24.11.–27.11.,Linke,4
BT05231127G,INSA,2023-11-27,2007,24.11.–27.11.,AfD,22
BT05231127G,INSA,2023-11-27,2007,24.11.–27.11.,BSW,NA
BT02231128D,Forsa,2023-11-28,2500,21.11.–27.11.,CDUCSU,30
BT02231128D,Forsa,2023-11-28,2500,21.11.–27.11.,SPD,14
BT02231128D,Forsa,2023-11-28,2500,21.11.–27.11.,Gruene,15
BT02231128D,Forsa,2023-11-28,2500,21.11.–27.11.,FDP,5
BT02231128D,Forsa,2023-11-28,2500,21.11.–27.11.,Linke,4
BT02231128D,Forsa,2023-11-28,2500,21.11.–27.11.,AfD,21
BT02231128D,Forsa,2023-11-28,2500,21.11.–27.11.,BSW,NA
BT03231202K,Verian,2023-12-02,1806,20.11.–28.11.,CDUCSU,29
BT03231202K,Verian,2023-12-02,1806,20.11.–28.11.,SPD,17
BT03231202K,Verian,2023-12-02,1806,20.11.–28.11.,Gruene,16
BT03231202K,Verian,2023-12-02,1806,20.11.–28.11.,FDP,5
BT03231202K,Verian,2023-12-02,1806,20.11.–28.11.,Linke,4
BT03231202K,Verian,2023-12-02,1806,20.11.–28.11.,AfD,19
BT03231202K,Verian,2023-12-02,1806,20.11.–28.11.,BSW,NA
BT05231202H,INSA,2023-12-02,1202,27.11.–01.12.,CDUCSU,30
BT05231202H,INSA,2023-12-02,1202,27.11.–01.12.,SPD,16
BT05231202H,INSA,2023-12-02,1202,27.11.–01.12.,Gruene,13
BT05231202H,INSA,2023-12-02,1202,27.11.–01.12.,FDP,6
BT05231202H,INSA,2023-12-02,1202,27.11.–01.12.,Linke,3
BT05231202H,INSA,2023-12-02,1202,27.11.–01.12.,AfD,22
BT05231202H,INSA,2023-12-02,1202,27.11.–01.12.,BSW,NA
BT02231205E,Forsa,2023-12-05,2501,28.11.–04.12.,CDUCSU,30
BT02231205E,Forsa,2023-12-05,2501,28.11.–04.12.,SPD,14
BT02231205E,Forsa,2023-12-05,2501,28.11.–04.12.,Gruene,14
BT02231205E,Forsa,2023-12-05,2501,28.11.–04.12.,FDP,5
BT02231205E,Forsa,2023-12-05,2501,28.11.–04.12.,Linke,4
BT02231205E,Forsa,2023-12-05,2501,28.11.–04.12.,AfD,22
BT02231205E,Forsa,2023-12-05,2501,28.11.–04.12.,BSW,NA
BT05231205I,INSA,2023-12-05,2006,01.12.–04.12.,CDUCSU,29.5
BT05231205I,INSA,2023-12-05,2006,01.12.–04.12.,SPD,15.5
BT05231205I,INSA,2023-12-05,2006,01.12.–04.12.,Gruene,13
BT05231205I,INSA,2023-12-05,2006,01.12.–04.12.,FDP,6
BT05231205I,INSA,2023-12-05,2006,01.12.–04.12.,Linke,3.5
BT05231205I,INSA,2023-12-05,2006,01.12.–04.12.,AfD,22.5
BT05231205I,INSA,2023-12-05,2006,01.12.–04.12.,BSW,NA
BT01231207X,Infratest dimap,2023-12-07,1364,04.12.–06.12.,CDUCSU,32
BT01231207X,Infratest dimap,2023-12-07,1364,04.12.–06.12.,SPD,14
BT01231207X,Infratest dimap,2023-12-07,1364,04.12.–06.12.,Gruene,15
BT01231207X,Infratest dimap,2023-12-07,1364,04.12.–06.12.,FDP,4
BT01231207X,Infratest dimap,2023-12-07,1364,04.12.–06.12.,Linke,3
BT01231207X,Infratest dimap,2023-12-07,1364,04.12.–06.12.,AfD,21
BT01231207X,Infratest dimap,2023-12-07,1364,04.12.–06.12.,BSW,NA
BT13231208L,YouGov,2023-12-08,1669,01.12.–06.12,CDUCSU,30
BT13231208L,YouGov,2023-12-08,1669,01.12.–06.12,SPD,14
BT13231208L,YouGov,2023-12-08,1669,01.12.–06.12,Gruene,14
BT13231208L,YouGov,2023-12-08,1669,01.12.–06.12,FDP,6
BT13231208L,YouGov,2023-12-08,1669,01.12.–06.12,Linke,4
BT13231208L,YouGov,2023-12-08,1669,01.12.–06.12,AfD,23
BT13231208L,YouGov,2023-12-08,1669,01.12.–06.12,BSW,NA
BT03231209L,Verian,2023-12-09,1402,29.11.–05.12.,CDUCSU,30
BT03231209L,Verian,2023-12-09,1402,29.11.–05.12.,SPD,14
BT03231209L,Verian,2023-12-09,1402,29.11.–05.12.,Gruene,17
BT03231209L,Verian,2023-12-09,1402,29.11.–05.12.,FDP,4
BT03231209L,Verian,2023-12-09,1402,29.11.–05.12.,Linke,4
BT03231209L,Verian,2023-12-09,1402,29.11.–05.12.,AfD,20
BT03231209L,Verian,2023-12-09,1402,29.11.–05.12.,BSW,NA
BT05231209J,INSA,2023-12-09,1203,04.12.–08.12.,CDUCSU,30
BT05231209J,INSA,2023-12-09,1203,04.12.–08.12.,SPD,16
BT05231209J,INSA,2023-12-09,1203,04.12.–08.12.,Gruene,12
BT05231209J,INSA,2023-12-09,1203,04.12.–08.12.,FDP,6
BT05231209J,INSA,2023-12-09,1203,04.12.–08.12.,Linke,4
BT05231209J,INSA,2023-12-09,1203,04.12.–08.12.,AfD,22
BT05231209J,INSA,2023-12-09,1203,04.12.–08.12.,BSW,NA
BT02231212F,Forsa,2023-12-12,2501,05.12.–11.12.,CDUCSU,31
BT02231212F,Forsa,2023-12-12,2501,05.12.–11.12.,SPD,14
BT02231212F,Forsa,2023-12-12,2501,05.12.–11.12.,Gruene,13
BT02231212F,Forsa,2023-12-12,2501,05.12.–11.12.,FDP,5
BT02231212F,Forsa,2023-12-12,2501,05.12.–11.12.,Linke,4
BT02231212F,Forsa,2023-12-12,2501,05.12.–11.12.,AfD,22
BT02231212F,Forsa,2023-12-12,2501,05.12.–11.12.,BSW,NA
BT04231212P,GMS,2023-12-12,1001,06.12.–11.12.,CDUCSU,32
BT04231212P,GMS,2023-12-12,1001,06.12.–11.12.,SPD,14
BT04231212P,GMS,2023-12-12,1001,06.12.–11.12.,Gruene,15
BT04231212P,GMS,2023-12-12,1001,06.12.–11.12.,FDP,5
BT04231212P,GMS,2023-12-12,1001,06.12.–11.12.,Linke,2
BT04231212P,GMS,2023-12-12,1001,06.12.–11.12.,AfD,22
BT04231212P,GMS,2023-12-12,1001,06.12.–11.12.,BSW,NA
BT05231212K,INSA,2023-12-12,2008,08.12.–11.12.,CDUCSU,30
BT05231212K,INSA,2023-12-12,2008,08.12.–11.12.,SPD,16
BT05231212K,INSA,2023-12-12,2008,08.12.–11.12.,Gruene,12.5
BT05231212K,INSA,2023-12-12,2008,08.12.–11.12.,FDP,6
BT05231212K,INSA,2023-12-12,2008,08.12.–11.12.,Linke,4
BT05231212K,INSA,2023-12-12,2008,08.12.–11.12.,AfD,22.5
BT05231212K,INSA,2023-12-12,2008,08.12.–11.12.,BSW,NA
BT06231215F,Forschungsgruppe Wahlen,2023-12-15,1146,12.12.–14.12.,CDUCSU,32
BT06231215F,Forschungsgruppe Wahlen,2023-12-15,1146,12.12.–14.12.,SPD,14
BT06231215F,Forschungsgruppe Wahlen,2023-12-15,1146,12.12.–14.12.,Gruene,14
BT06231215F,Forschungsgruppe Wahlen,2023-12-15,1146,12.12.–14.12.,FDP,5
BT06231215F,Forschungsgruppe Wahlen,2023-12-15,1146,12.12.–14.12.,Linke,4
BT06231215F,Forschungsgruppe Wahlen,2023-12-15,1146,12.12.–14.12.,AfD,22
BT06231215F,Forschungsgruppe Wahlen,2023-12-15,1146,12.12.–14.12.,BSW,NA
BT03231216M,Verian,2023-12-16,1515,06.12.–12.12.,CDUCSU,30
BT03231216M,Verian,2023-12-16,1515,06.12.–12.12.,SPD,15
BT03231216M,Verian,2023-12-16,1515,06.12.–12.12.,Gruene,16
BT03231216M,Verian,2023-12-16,1515,06.12.–12.12.,FDP,5
BT03231216M,Verian,2023-12-16,1515,06.12.–12.12.,Linke,4
BT03231216M,Verian,2023-12-16,1515,06.12.–12.12.,AfD,20
BT03231216M,Verian,2023-12-16,1515,06.12.–12.12.,BSW,NA
BT05231216L,INSA,2023-12-16,1202,11.12.–15.12.,CDUCSU,32
BT05231216L,INSA,2023-12-16,1202,11.12.–15.12.,SPD,15
BT05231216L,INSA,2023-12-16,1202,11.12.–15.12.,Gruene,12
BT05231216L,INSA,2023-12-16,1202,11.12.–15.12.,FDP,5
BT05231216L,INSA,2023-12-16,1202,11.12.–15.12.,Linke,4
BT05231216L,INSA,2023-12-16,1202,11.12.–15.12.,AfD,23
BT05231216L,INSA,2023-12-16,1202,11.12.–15.12.,BSW,NA
BT05231218M,INSA,2023-12-18,2002,15.12.–18.12.,CDUCSU,31.5
BT05231218M,INSA,2023-12-18,2002,15.12.–18.12.,SPD,15.5
BT05231218M,INSA,2023-12-18,2002,15.12.–18.12.,Gruene,12.5
BT05231218M,INSA,2023-12-18,2002,15.12.–18.12.,FDP,5
BT05231218M,INSA,2023-12-18,2002,15.12.–18.12.,Linke,4
BT05231218M,INSA,2023-12-18,2002,15.12.–18.12.,AfD,23
BT05231218M,INSA,2023-12-18,2002,15.12.–18.12.,BSW,NA
BT02231219G,Forsa,2023-12-19,2501,12.12.–18.12.,CDUCSU,31
BT02231219G,Forsa,2023-12-19,2501,12.12.–18.12.,SPD,14
BT02231219G,Forsa,2023-12-19,2501,12.12.–18.12.,Gruene,13
BT02231219G,Forsa,2023-12-19,2501,12.12.–18.12.,FDP,5
BT02231219G,Forsa,2023-12-19,2501,12.12.–18.12.,Linke,3
BT02231219G,Forsa,2023-12-19,2501,12.12.–18.12.,AfD,23
BT02231219G,Forsa,2023-12-19,2501,12.12.–18.12.,BSW,NA
BT09231221B,Allensbach,2023-12-21,1013,01.12.–14.12.,CDUCSU,34
BT09231221B,Allensbach,2023-12-21,1013,01.12.–14.12.,SPD,17
BT09231221B,Allensbach,2023-12-21,1013,01.12.–14.12.,Gruene,15
BT09231221B,Allensbach,2023-12-21,1013,01.12.–14.12.,FDP,5
BT09231221B,Allensbach,2023-12-21,1013,01.12.–14.12.,Linke,3.5
BT09231221B,Allensbach,2023-12-21,1013,01.12.–14.12.,AfD,18
BT09231221B,Allensbach,2023-12-21,1013,01.12.–14.12.,BSW,NA
BT01231221Y,Infratest dimap,2023-12-21,1210,18.12.–20.12.,CDUCSU,32
BT01231221Y,Infratest dimap,2023-12-21,1210,18.12.–20.12.,SPD,14
BT01231221Y,Infratest dimap,2023-12-21,1210,18.12.–20.12.,Gruene,14
BT01231221Y,Infratest dimap,2023-12-21,1210,18.12.–20.12.,FDP,5
BT01231221Y,Infratest dimap,2023-12-21,1210,18.12.–20.12.,Linke,3
BT01231221Y,Infratest dimap,2023-12-21,1210,18.12.–20.12.,AfD,21
BT01231221Y,Infratest dimap,2023-12-21,1210,18.12.–20.12.,BSW,NA
BT03231223N,Verian,2023-12-23,1421,07.12.–13.12.,CDUCSU,31
BT03231223N,Verian,2023-12-23,1421,07.12.–13.12.,SPD,15
BT03231223N,Verian,2023-12-23,1421,07.12.–13.12.,Gruene,15
BT03231223N,Verian,2023-12-23,1421,07.12.–13.12.,FDP,4
BT03231223N,Verian,2023-12-23,1421,07.12.–13.12.,Linke,4
BT03231223N,Verian,2023-12-23,1421,07.12.–13.12.,AfD,21
BT03231223N,Verian,2023-12-23,1421,07.12.–13.12.,BSW,NA
BT05231223N,INSA,2023-12-23,1202,18.12.–22.12.,CDUCSU,32
BT05231223N,INSA,2023-12-23,1202,18.12.–22.12.,SPD,15
BT05231223N,INSA,2023-12-23,1202,18.12.–22.12.,Gruene,12
BT05231223N,INSA,2023-12-23,1202,18.12.–22.12.,FDP,5
BT05231223N,INSA,2023-12-23,1202,18.12.–22.12.,Linke,4
BT05231223N,INSA,2023-12-23,1202,18.12.–22.12.,AfD,22
BT05231223N,INSA,2023-12-23,1202,18.12.–22.12.,BSW,NA
BT05231228O,INSA,2023-12-28,2000,22.12.–27.12.,CDUCSU,32
BT05231228O,INSA,2023-12-28,2000,22.12.–27.12.,SPD,15
BT05231228O,INSA,2023-12-28,2000,22.12.–27.12.,Gruene,12
BT05231228O,INSA,2023-12-28,2000,22.12.–27.12.,FDP,5
BT05231228O,INSA,2023-12-28,2000,22.12.–27.12.,Linke,4
BT05231228O,INSA,2023-12-28,2000,22.12.–27.12.,AfD,23
BT05231228O,INSA,2023-12-28,2000,22.12.–27.12.,BSW,NA
BT05231231P,INSA,2023-12-31,1001,28.12.–29.12.,CDUCSU,32
BT05231231P,INSA,2023-12-31,1001,28.12.–29.12.,SPD,15
BT05231231P,INSA,2023-12-31,1001,28.12.–29.12.,Gruene,12
BT05231231P,INSA,2023-12-31,1001,28.12.–29.12.,FDP,5
BT05231231P,INSA,2023-12-31,1001,28.12.–29.12.,Linke,4
BT05231231P,INSA,2023-12-31,1001,28.12.–29.12.,AfD,23
BT05231231P,INSA,2023-12-31,1001,28.12.–29.12.,BSW,NA
BT04240103Q,GMS,2024-01-03,1004,27.12.–02.01.,CDUCSU,33
BT04240103Q,GMS,2024-01-03,1004,27.12.–02.01.,SPD,14
BT04240103Q,GMS,2024-01-03,1004,27.12.–02.01.,Gruene,13
BT04240103Q,GMS,2024-01-03,1004,27.12.–02.01.,FDP,6
BT04240103Q,GMS,2024-01-03,1004,27.12.–02.01.,Linke,3
BT04240103Q,GMS,2024-01-03,1004,27.12.–02.01.,AfD,23
BT04240103Q,GMS,2024-01-03,1004,27.12.–02.01.,BSW,NA
BT05240103Q,INSA,2024-01-03,2002,29.12.–02.01.,CDUCSU,32
BT05240103Q,INSA,2024-01-03,2002,29.12.–02.01.,SPD,15
BT05240103Q,INSA,2024-01-03,2002,29.12.–02.01.,Gruene,13
BT05240103Q,INSA,2024-01-03,2002,29.12.–02.01.,FDP,5
BT05240103Q,INSA,2024-01-03,2002,29.12.–02.01.,Linke,4
BT05240103Q,INSA,2024-01-03,2002,29.12.–02.01.,AfD,22.5
BT05240103Q,INSA,2024-01-03,2002,29.12.–02.01.,BSW,NA
BT01240104A,Infratest dimap,2024-01-04,1321,02.01.–03.01.,CDUCSU,31
BT01240104A,Infratest dimap,2024-01-04,1321,02.01.–03.01.,SPD,14
BT01240104A,Infratest dimap,2024-01-04,1321,02.01.–03.01.,Gruene,13
BT01240104A,Infratest dimap,2024-01-04,1321,02.01.–03.01.,FDP,5
BT01240104A,Infratest dimap,2024-01-04,1321,02.01.–03.01.,Linke,4
BT01240104A,Infratest dimap,2024-01-04,1321,02.01.–03.01.,AfD,22
BT01240104A,Infratest dimap,2024-01-04,1321,02.01.–03.01.,BSW,NA
BT05240106R,INSA,2024-01-06,1204,02.01.–05.01.,CDUCSU,31
BT05240106R,INSA,2024-01-06,1204,02.01.–05.01.,SPD,16
BT05240106R,INSA,2024-01-06,1204,02.01.–05.01.,Gruene,12
BT05240106R,INSA,2024-01-06,1204,02.01.–05.01.,FDP,5
BT05240106R,INSA,2024-01-06,1204,02.01.–05.01.,Linke,4
BT05240106R,INSA,2024-01-06,1204,02.01.–05.01.,AfD,23
BT05240106R,INSA,2024-01-06,1204,02.01.–05.01.,BSW,NA
BT02240109H,Forsa,2024-01-09,2502,02.01.–08.01.,CDUCSU,30
BT02240109H,Forsa,2024-01-09,2502,02.01.–08.01.,SPD,15
BT02240109H,Forsa,2024-01-09,2502,02.01.–08.01.,Gruene,14
BT02240109H,Forsa,2024-01-09,2502,02.01.–08.01.,FDP,4
BT02240109H,Forsa,2024-01-09,2502,02.01.–08.01.,Linke,4
BT02240109H,Forsa,2024-01-09,2502,02.01.–08.01.,AfD,22
BT02240109H,Forsa,2024-01-09,2502,02.01.–08.01.,BSW,NA
BT05240109S,INSA,2024-01-09,2008,05.01.–08.01.,CDUCSU,32
BT05240109S,INSA,2024-01-09,2008,05.01.–08.01.,SPD,16
BT05240109S,INSA,2024-01-09,2008,05.01.–08.01.,Gruene,12
BT05240109S,INSA,2024-01-09,2008,05.01.–08.01.,FDP,5
BT05240109S,INSA,2024-01-09,2008,05.01.–08.01.,Linke,4
BT05240109S,INSA,2024-01-09,2008,05.01.–08.01.,AfD,23
BT05240109S,INSA,2024-01-09,2008,05.01.–08.01.,BSW,NA
BT13240111M,YouGov,2024-01-11,1614,03.01.–08.01.,CDUCSU,29
BT13240111M,YouGov,2024-01-11,1614,03.01.–08.01.,SPD,15
BT13240111M,YouGov,2024-01-11,1614,03.01.–08.01.,Gruene,12
BT13240111M,YouGov,2024-01-11,1614,03.01.–08.01.,FDP,6
BT13240111M,YouGov,2024-01-11,1614,03.01.–08.01.,Linke,5
BT13240111M,YouGov,2024-01-11,1614,03.01.–08.01.,AfD,24
BT13240111M,YouGov,2024-01-11,1614,03.01.–08.01.,BSW,NA
BT06240112G,Forschungsgruppe Wahlen,2024-01-12,1337,09.01.–11.01.,CDUCSU,31
BT06240112G,Forschungsgruppe Wahlen,2024-01-12,1337,09.01.–11.01.,SPD,13
BT06240112G,Forschungsgruppe Wahlen,2024-01-12,1337,09.01.–11.01.,Gruene,14
BT06240112G,Forschungsgruppe Wahlen,2024-01-12,1337,09.01.–11.01.,FDP,4
BT06240112G,Forschungsgruppe Wahlen,2024-01-12,1337,09.01.–11.01.,Linke,4
BT06240112G,Forschungsgruppe Wahlen,2024-01-12,1337,09.01.–11.01.,AfD,22
BT06240112G,Forschungsgruppe Wahlen,2024-01-12,1337,09.01.–11.01.,BSW,4
BT05240113T,INSA,2024-01-13,1202,08.01.–12.01.,CDUCSU,30
BT05240113T,INSA,2024-01-13,1202,08.01.–12.01.,SPD,15
BT05240113T,INSA,2024-01-13,1202,08.01.–12.01.,Gruene,12
BT05240113T,INSA,2024-01-13,1202,08.01.–12.01.,FDP,5
BT05240113T,INSA,2024-01-13,1202,08.01.–12.01.,Linke,4
BT05240113T,INSA,2024-01-13,1202,08.01.–12.01.,AfD,22
BT05240113T,INSA,2024-01-13,1202,08.01.–12.01.,BSW,NA
BT05240115U,INSA,2024-01-15,2004,12.01.–15.01.,CDUCSU,31
BT05240115U,INSA,2024-01-15,2004,12.01.–15.01.,SPD,14
BT05240115U,INSA,2024-01-15,2004,12.01.–15.01.,Gruene,12
BT05240115U,INSA,2024-01-15,2004,12.01.–15.01.,FDP,5
BT05240115U,INSA,2024-01-15,2004,12.01.–15.01.,Linke,4
BT05240115U,INSA,2024-01-15,2004,12.01.–15.01.,AfD,23
BT05240115U,INSA,2024-01-15,2004,12.01.–15.01.,BSW,NA
BT02240116I,Forsa,2024-01-16,2504,09.01.–15.01.,CDUCSU,31
BT02240116I,Forsa,2024-01-16,2504,09.01.–15.01.,SPD,13
BT02240116I,Forsa,2024-01-16,2504,09.01.–15.01.,Gruene,14
BT02240116I,Forsa,2024-01-16,2504,09.01.–15.01.,FDP,4
BT02240116I,Forsa,2024-01-16,2504,09.01.–15.01.,Linke,4
BT02240116I,Forsa,2024-01-16,2504,09.01.–15.01.,AfD,22
BT02240116I,Forsa,2024-01-16,2504,09.01.–15.01.,BSW,NA
BT03240120O,Verian,2024-01-20,1359,09.01.–11.01.,CDUCSU,31
BT03240120O,Verian,2024-01-20,1359,09.01.–11.01.,SPD,14
BT03240120O,Verian,2024-01-20,1359,09.01.–11.01.,Gruene,16
BT03240120O,Verian,2024-01-20,1359,09.01.–11.01.,FDP,4
BT03240120O,Verian,2024-01-20,1359,09.01.–11.01.,Linke,4
BT03240120O,Verian,2024-01-20,1359,09.01.–11.01.,AfD,22
BT03240120O,Verian,2024-01-20,1359,09.01.–11.01.,BSW,NA
BT05240120V,INSA,2024-01-20,1203,15.01.–19.01.,CDUCSU,30
BT05240120V,INSA,2024-01-20,1203,15.01.–19.01.,SPD,13
BT05240120V,INSA,2024-01-20,1203,15.01.–19.01.,Gruene,13
BT05240120V,INSA,2024-01-20,1203,15.01.–19.01.,FDP,5
BT05240120V,INSA,2024-01-20,1203,15.01.–19.01.,Linke,3
BT05240120V,INSA,2024-01-20,1203,15.01.–19.01.,AfD,22
BT05240120V,INSA,2024-01-20,1203,15.01.–19.01.,BSW,7
BT05240122W,INSA,2024-01-22,2006,19.01.–22.01.,CDUCSU,30.5
BT05240122W,INSA,2024-01-22,2006,19.01.–22.01.,SPD,13.5
BT05240122W,INSA,2024-01-22,2006,19.01.–22.01.,Gruene,12.5
BT05240122W,INSA,2024-01-22,2006,19.01.–22.01.,FDP,5
BT05240122W,INSA,2024-01-22,2006,19.01.–22.01.,Linke,3
BT05240122W,INSA,2024-01-22,2006,19.01.–22.01.,AfD,21.5
BT05240122W,INSA,2024-01-22,2006,19.01.–22.01.,BSW,NA
BT02240123K,Forsa,2024-01-23,2503,16.01.–22.01.,CDUCSU,31
BT02240123K,Forsa,2024-01-23,2503,16.01.–22.01.,SPD,14
BT02240123K,Forsa,2024-01-23,2503,16.01.–22.01.,Gruene,14
BT02240123K,Forsa,2024-01-23,2503,16.01.–22.01.,FDP,4
BT02240123K,Forsa,2024-01-23,2503,16.01.–22.01.,Linke,4
BT02240123K,Forsa,2024-01-23,2503,16.01.–22.01.,AfD,20
BT02240123K,Forsa,2024-01-23,2503,16.01.–22.01.,BSW,3
BT09240125C,Allensbach,2024-01-25,1018,05.01.–18.01.,CDUCSU,34
BT09240125C,Allensbach,2024-01-25,1018,05.01.–18.01.,SPD,15
BT09240125C,Allensbach,2024-01-25,1018,05.01.–18.01.,Gruene,13.5
BT09240125C,Allensbach,2024-01-25,1018,05.01.–18.01.,FDP,6
BT09240125C,Allensbach,2024-01-25,1018,05.01.–18.01.,Linke,4
BT09240125C,Allensbach,2024-01-25,1018,05.01.–18.01.,AfD,19.5
BT09240125C,Allensbach,2024-01-25,1018,05.01.–18.01.,BSW,NA
BT03240127P,Verian,2024-01-27,1922,16.01.–23.01.,CDUCSU,29
BT03240127P,Verian,2024-01-27,1922,16.01.–23.01.,SPD,16
BT03240127P,Verian,2024-01-27,1922,16.01.–23.01.,Gruene,16
BT03240127P,Verian,2024-01-27,1922,16.01.–23.01.,FDP,4
BT03240127P,Verian,2024-01-27,1922,16.01.–23.01.,Linke,4
BT03240127P,Verian,2024-01-27,1922,16.01.–23.01.,AfD,19
BT03240127P,Verian,2024-01-27,1922,16.01.–23.01.,BSW,3
BT05240127X,INSA,2024-01-27,1201,22.01.–26.01.,CDUCSU,31
BT05240127X,INSA,2024-01-27,1201,22.01.–26.01.,SPD,14
BT05240127X,INSA,2024-01-27,1201,22.01.–26.01.,Gruene,13
BT05240127X,INSA,2024-01-27,1201,22.01.–26.01.,FDP,4
BT05240127X,INSA,2024-01-27,1201,22.01.–26.01.,Linke,4
BT05240127X,INSA,2024-01-27,1201,22.01.–26.01.,AfD,21
BT05240127X,INSA,2024-01-27,1201,22.01.–26.01.,BSW,7
BT05240129Y,INSA,2024-01-29,2002,26.01.–29.01.,CDUCSU,30
BT05240129Y,INSA,2024-01-29,2002,26.01.–29.01.,SPD,14.5
BT05240129Y,INSA,2024-01-29,2002,26.01.–29.01.,Gruene,12.5
BT05240129Y,INSA,2024-01-29,2002,26.01.–29.01.,FDP,5
BT05240129Y,INSA,2024-01-29,2002,26.01.–29.01.,Linke,3.5
BT05240129Y,INSA,2024-01-29,2002,26.01.–29.01.,AfD,21
BT05240129Y,INSA,2024-01-29,2002,26.01.–29.01.,BSW,7
BT02240130L,Forsa,2024-01-30,2506,23.01.–29.01.,CDUCSU,32
BT02240130L,Forsa,2024-01-30,2506,23.01.–29.01.,SPD,15
BT02240130L,Forsa,2024-01-30,2506,23.01.–29.01.,Gruene,14
BT02240130L,Forsa,2024-01-30,2506,23.01.–29.01.,FDP,3
BT02240130L,Forsa,2024-01-30,2506,23.01.–29.01.,Linke,3
BT02240130L,Forsa,2024-01-30,2506,23.01.–29.01.,AfD,19
BT02240130L,Forsa,2024-01-30,2506,23.01.–29.01.,BSW,3
BT01240201B,Infratest dimap,2024-02-01,1303,29.01.–31.01.,CDUCSU,30
BT01240201B,Infratest dimap,2024-02-01,1303,29.01.–31.01.,SPD,16
BT01240201B,Infratest dimap,2024-02-01,1303,29.01.–31.01.,Gruene,14
BT01240201B,Infratest dimap,2024-02-01,1303,29.01.–31.01.,FDP,4
BT01240201B,Infratest dimap,2024-02-01,1303,29.01.–31.01.,Linke,3
BT01240201B,Infratest dimap,2024-02-01,1303,29.01.–31.01.,AfD,19
BT01240201B,Infratest dimap,2024-02-01,1303,29.01.–31.01.,BSW,5
BT06240202H,Forschungsgruppe Wahlen,2024-02-02,1217,30.01.–01.02.,CDUCSU,31
BT06240202H,Forschungsgruppe Wahlen,2024-02-02,1217,30.01.–01.02.,SPD,15
BT06240202H,Forschungsgruppe Wahlen,2024-02-02,1217,30.01.–01.02.,Gruene,13
BT06240202H,Forschungsgruppe Wahlen,2024-02-02,1217,30.01.–01.02.,FDP,4
BT06240202H,Forschungsgruppe Wahlen,2024-02-02,1217,30.01.–01.02.,Linke,3
BT06240202H,Forschungsgruppe Wahlen,2024-02-02,1217,30.01.–01.02.,AfD,19
BT06240202H,Forschungsgruppe Wahlen,2024-02-02,1217,30.01.–01.02.,BSW,6
BT05240203A,INSA,2024-02-03,1202,29.01.–02.02.,CDUCSU,30
BT05240203A,INSA,2024-02-03,1202,29.01.–02.02.,SPD,15
BT05240203A,INSA,2024-02-03,1202,29.01.–02.02.,Gruene,13
BT05240203A,INSA,2024-02-03,1202,29.01.–02.02.,FDP,4
BT05240203A,INSA,2024-02-03,1202,29.01.–02.02.,Linke,4
BT05240203A,INSA,2024-02-03,1202,29.01.–02.02.,AfD,20
BT05240203A,INSA,2024-02-03,1202,29.01.–02.02.,BSW,7
BT05240205B,INSA,2024-02-05,2004,02.02.–05.02.,CDUCSU,30
BT05240205B,INSA,2024-02-05,2004,02.02.–05.02.,SPD,15
BT05240205B,INSA,2024-02-05,2004,02.02.–05.02.,Gruene,12.5
BT05240205B,INSA,2024-02-05,2004,02.02.–05.02.,FDP,4.5
BT05240205B,INSA,2024-02-05,2004,02.02.–05.02.,Linke,3.5
BT05240205B,INSA,2024-02-05,2004,02.02.–05.02.,AfD,20.5
BT05240205B,INSA,2024-02-05,2004,02.02.–05.02.,BSW,7.5
BT02240206M,Forsa,2024-02-06,2503,30.01.–04.02.,CDUCSU,31
BT02240206M,Forsa,2024-02-06,2503,30.01.–04.02.,SPD,15
BT02240206M,Forsa,2024-02-06,2503,30.01.–04.02.,Gruene,14
BT02240206M,Forsa,2024-02-06,2503,30.01.–04.02.,FDP,4
BT02240206M,Forsa,2024-02-06,2503,30.01.–04.02.,Linke,3
BT02240206M,Forsa,2024-02-06,2503,30.01.–04.02.,AfD,18
BT02240206M,Forsa,2024-02-06,2503,30.01.–04.02.,BSW,5
BT04240206R,GMS,2024-02-06,1012,31.01.–05.02.,CDUCSU,32
BT04240206R,GMS,2024-02-06,1012,31.01.–05.02.,SPD,16
BT04240206R,GMS,2024-02-06,1012,31.01.–05.02.,Gruene,13
BT04240206R,GMS,2024-02-06,1012,31.01.–05.02.,FDP,4
BT04240206R,GMS,2024-02-06,1012,31.01.–05.02.,Linke,2
BT04240206R,GMS,2024-02-06,1012,31.01.–05.02.,AfD,18
BT04240206R,GMS,2024-02-06,1012,31.01.–05.02.,BSW,5
BT13240208N,YouGov,2024-02-08,2018,02.02.–06.02.,CDUCSU,31
BT13240208N,YouGov,2024-02-08,2018,02.02.–06.02.,SPD,14
BT13240208N,YouGov,2024-02-08,2018,02.02.–06.02.,Gruene,12
BT13240208N,YouGov,2024-02-08,2018,02.02.–06.02.,FDP,4
BT13240208N,YouGov,2024-02-08,2018,02.02.–06.02.,Linke,3
BT13240208N,YouGov,2024-02-08,2018,02.02.–06.02.,AfD,20
BT13240208N,YouGov,2024-02-08,2018,02.02.–06.02.,BSW,7
BT05240210C,INSA,2024-02-10,1276,05.02.–08.02.,CDUCSU,30
BT05240210C,INSA,2024-02-10,1276,05.02.–08.02.,SPD,15
BT05240210C,INSA,2024-02-10,1276,05.02.–08.02.,Gruene,13
BT05240210C,INSA,2024-02-10,1276,05.02.–08.02.,FDP,4
BT05240210C,INSA,2024-02-10,1276,05.02.–08.02.,Linke,3
BT05240210C,INSA,2024-02-10,1276,05.02.–08.02.,AfD,20
BT05240210C,INSA,2024-02-10,1276,05.02.–08.02.,BSW,7
BT05240212D,INSA,2024-02-12,2083,09.02.–12.02.,CDUCSU,30
BT05240212D,INSA,2024-02-12,2083,09.02.–12.02.,SPD,15
BT05240212D,INSA,2024-02-12,2083,09.02.–12.02.,Gruene,12.5
BT05240212D,INSA,2024-02-12,2083,09.02.–12.02.,FDP,3.5
BT05240212D,INSA,2024-02-12,2083,09.02.–12.02.,Linke,3.5
BT05240212D,INSA,2024-02-12,2083,09.02.–12.02.,AfD,20.5
BT05240212D,INSA,2024-02-12,2083,09.02.–12.02.,BSW,7.5
BT02240213N,Forsa,2024-02-13,2502,06.02.–12.02.,CDUCSU,31
BT02240213N,Forsa,2024-02-13,2502,06.02.–12.02.,SPD,15
BT02240213N,Forsa,2024-02-13,2502,06.02.–12.02.,Gruene,14
BT02240213N,Forsa,2024-02-13,2502,06.02.–12.02.,FDP,4
BT02240213N,Forsa,2024-02-13,2502,06.02.–12.02.,Linke,3
BT02240213N,Forsa,2024-02-13,2502,06.02.–12.02.,AfD,18
BT02240213N,Forsa,2024-02-13,2502,06.02.–12.02.,BSW,5
BT05240217E,INSA,2024-02-17,1203,12.02.–16.02.,CDUCSU,31
BT05240217E,INSA,2024-02-17,1203,12.02.–16.02.,SPD,14
BT05240217E,INSA,2024-02-17,1203,12.02.–16.02.,Gruene,13
BT05240217E,INSA,2024-02-17,1203,12.02.–16.02.,FDP,4
BT05240217E,INSA,2024-02-17,1203,12.02.–16.02.,Linke,3
BT05240217E,INSA,2024-02-17,1203,12.02.–16.02.,AfD,19
BT05240217E,INSA,2024-02-17,1203,12.02.–16.02.,BSW,8
BT05240219F,INSA,2024-02-19,2007,16.02.–19.02.,CDUCSU,30.5
BT05240219F,INSA,2024-02-19,2007,16.02.–19.02.,SPD,14.5
BT05240219F,INSA,2024-02-19,2007,16.02.–19.02.,Gruene,12.5
BT05240219F,INSA,2024-02-19,2007,16.02.–19.02.,FDP,4.5
BT05240219F,INSA,2024-02-19,2007,16.02.–19.02.,Linke,3.5
BT05240219F,INSA,2024-02-19,2007,16.02.–19.02.,AfD,19.5
BT05240219F,INSA,2024-02-19,2007,16.02.–19.02.,BSW,7.5
BT02240220O,Forsa,2024-02-20,2504,13.02.–19.02.,CDUCSU,30
BT02240220O,Forsa,2024-02-20,2504,13.02.–19.02.,SPD,15
BT02240220O,Forsa,2024-02-20,2504,13.02.–19.02.,Gruene,14
BT02240220O,Forsa,2024-02-20,2504,13.02.–19.02.,FDP,5
BT02240220O,Forsa,2024-02-20,2504,13.02.–19.02.,Linke,3
BT02240220O,Forsa,2024-02-20,2504,13.02.–19.02.,AfD,17
BT02240220O,Forsa,2024-02-20,2504,13.02.–19.02.,BSW,4
BT09240222D,Allensbach,2024-02-22,1053,03.02.–15.02.,CDUCSU,32
BT09240222D,Allensbach,2024-02-22,1053,03.02.–15.02.,SPD,15
BT09240222D,Allensbach,2024-02-22,1053,03.02.–15.02.,Gruene,14
BT09240222D,Allensbach,2024-02-22,1053,03.02.–15.02.,FDP,6
BT09240222D,Allensbach,2024-02-22,1053,03.02.–15.02.,Linke,3
BT09240222D,Allensbach,2024-02-22,1053,03.02.–15.02.,AfD,18
BT09240222D,Allensbach,2024-02-22,1053,03.02.–15.02.,BSW,7
BT06240223I,Forschungsgruppe Wahlen,2024-02-23,1294,20.02.–22.02.,CDUCSU,30
BT06240223I,Forschungsgruppe Wahlen,2024-02-23,1294,20.02.–22.02.,SPD,15
BT06240223I,Forschungsgruppe Wahlen,2024-02-23,1294,20.02.–22.02.,Gruene,14
BT06240223I,Forschungsgruppe Wahlen,2024-02-23,1294,20.02.–22.02.,FDP,4
BT06240223I,Forschungsgruppe Wahlen,2024-02-23,1294,20.02.–22.02.,Linke,4
BT06240223I,Forschungsgruppe Wahlen,2024-02-23,1294,20.02.–22.02.,AfD,19
BT06240223I,Forschungsgruppe Wahlen,2024-02-23,1294,20.02.–22.02.,BSW,5
BT03240224Q,Verian,2024-02-24,1505,14.02.–20.02.,CDUCSU,29
BT03240224Q,Verian,2024-02-24,1505,14.02.–20.02.,SPD,16
BT03240224Q,Verian,2024-02-24,1505,14.02.–20.02.,Gruene,15
BT03240224Q,Verian,2024-02-24,1505,14.02.–20.02.,FDP,4
BT03240224Q,Verian,2024-02-24,1505,14.02.–20.02.,Linke,3
BT03240224Q,Verian,2024-02-24,1505,14.02.–20.02.,AfD,19
BT03240224Q,Verian,2024-02-24,1505,14.02.–20.02.,BSW,5
BT05240224G,INSA,2024-02-24,1203,19.02.–23.02.,CDUCSU,30
BT05240224G,INSA,2024-02-24,1203,19.02.–23.02.,SPD,15
BT05240224G,INSA,2024-02-24,1203,19.02.–23.02.,Gruene,13
BT05240224G,INSA,2024-02-24,1203,19.02.–23.02.,FDP,5
BT05240224G,INSA,2024-02-24,1203,19.02.–23.02.,Linke,3
BT05240224G,INSA,2024-02-24,1203,19.02.–23.02.,AfD,19
BT05240224G,INSA,2024-02-24,1203,19.02.–23.02.,BSW,8
BT02240227P,Forsa,2024-02-27,2503,20.02.–26.02.,CDUCSU,30
BT02240227P,Forsa,2024-02-27,2503,20.02.–26.02.,SPD,14
BT02240227P,Forsa,2024-02-27,2503,20.02.–26.02.,Gruene,15
BT02240227P,Forsa,2024-02-27,2503,20.02.–26.02.,FDP,5
BT02240227P,Forsa,2024-02-27,2503,20.02.–26.02.,Linke,3
BT02240227P,Forsa,2024-02-27,2503,20.02.–26.02.,AfD,17
BT02240227P,Forsa,2024-02-27,2503,20.02.–26.02.,BSW,4
BT05240227H,INSA,2024-02-27,2006,23.02.–26.02.,CDUCSU,30.5
BT05240227H,INSA,2024-02-27,2006,23.02.–26.02.,SPD,15.5
BT05240227H,INSA,2024-02-27,2006,23.02.–26.02.,Gruene,13
BT05240227H,INSA,2024-02-27,2006,23.02.–26.02.,FDP,4.5
BT05240227H,INSA,2024-02-27,2006,23.02.–26.02.,Linke,3
BT05240227H,INSA,2024-02-27,2006,23.02.–26.02.,AfD,19
BT05240227H,INSA,2024-02-27,2006,23.02.–26.02.,BSW,7.5
BT03240302R,Verian,2024-03-02,1392,21.02.–27.02.,CDUCSU,30
BT03240302R,Verian,2024-03-02,1392,21.02.–27.02.,SPD,16
BT03240302R,Verian,2024-03-02,1392,21.02.–27.02.,Gruene,15
BT03240302R,Verian,2024-03-02,1392,21.02.–27.02.,FDP,5
BT03240302R,Verian,2024-03-02,1392,21.02.–27.02.,Linke,3
BT03240302R,Verian,2024-03-02,1392,21.02.–27.02.,AfD,18
BT03240302R,Verian,2024-03-02,1392,21.02.–27.02.,BSW,4
BT05240302I,INSA,2024-03-02,1200,26.02.–01.03.,CDUCSU,30
BT05240302I,INSA,2024-03-02,1200,26.02.–01.03.,SPD,15
BT05240302I,INSA,2024-03-02,1200,26.02.–01.03.,Gruene,13
BT05240302I,INSA,2024-03-02,1200,26.02.–01.03.,FDP,5
BT05240302I,INSA,2024-03-02,1200,26.02.–01.03.,Linke,3
BT05240302I,INSA,2024-03-02,1200,26.02.–01.03.,AfD,19
BT05240302I,INSA,2024-03-02,1200,26.02.–01.03.,BSW,7
BT05240304J,INSA,2024-03-04,2004,01.03.–04.03.,CDUCSU,30.5
BT05240304J,INSA,2024-03-04,2004,01.03.–04.03.,SPD,14.5
BT05240304J,INSA,2024-03-04,2004,01.03.–04.03.,Gruene,13
BT05240304J,INSA,2024-03-04,2004,01.03.–04.03.,FDP,5.5
BT05240304J,INSA,2024-03-04,2004,01.03.–04.03.,Linke,3
BT05240304J,INSA,2024-03-04,2004,01.03.–04.03.,AfD,19.5
BT05240304J,INSA,2024-03-04,2004,01.03.–04.03.,BSW,6.5
BT02240305Q,Forsa,2024-03-05,2506,27.02.–04.03.,CDUCSU,31
BT02240305Q,Forsa,2024-03-05,2506,27.02.–04.03.,SPD,15
BT02240305Q,Forsa,2024-03-05,2506,27.02.–04.03.,Gruene,14
BT02240305Q,Forsa,2024-03-05,2506,27.02.–04.03.,FDP,5
BT02240305Q,Forsa,2024-03-05,2506,27.02.–04.03.,Linke,3
BT02240305Q,Forsa,2024-03-05,2506,27.02.–04.03.,AfD,17
BT02240305Q,Forsa,2024-03-05,2506,27.02.–04.03.,BSW,4
BT01240307C,Infratest dimap,2024-03-07,1288,04.03.–06.03.,CDUCSU,29
BT01240307C,Infratest dimap,2024-03-07,1288,04.03.–06.03.,SPD,16
BT01240307C,Infratest dimap,2024-03-07,1288,04.03.–06.03.,Gruene,14
BT01240307C,Infratest dimap,2024-03-07,1288,04.03.–06.03.,FDP,5
BT01240307C,Infratest dimap,2024-03-07,1288,04.03.–06.03.,Linke,3
BT01240307C,Infratest dimap,2024-03-07,1288,04.03.–06.03.,AfD,19
BT01240307C,Infratest dimap,2024-03-07,1288,04.03.–06.03.,BSW,6
BT13240307O,YouGov,2024-03-07,1762,01.03.–05.03.,CDUCSU,29
BT13240307O,YouGov,2024-03-07,1762,01.03.–05.03.,SPD,15
BT13240307O,YouGov,2024-03-07,1762,01.03.–05.03.,Gruene,14
BT13240307O,YouGov,2024-03-07,1762,01.03.–05.03.,FDP,4
BT13240307O,YouGov,2024-03-07,1762,01.03.–05.03.,Linke,4
BT13240307O,YouGov,2024-03-07,1762,01.03.–05.03.,AfD,19
BT13240307O,YouGov,2024-03-07,1762,01.03.–05.03.,BSW,7
BT06240308J,Forschungsgruppe Wahlen,2024-03-08,1260,05.03.–07.03.,CDUCSU,30
BT06240308J,Forschungsgruppe Wahlen,2024-03-08,1260,05.03.–07.03.,SPD,15
BT06240308J,Forschungsgruppe Wahlen,2024-03-08,1260,05.03.–07.03.,Gruene,15
BT06240308J,Forschungsgruppe Wahlen,2024-03-08,1260,05.03.–07.03.,FDP,4
BT06240308J,Forschungsgruppe Wahlen,2024-03-08,1260,05.03.–07.03.,Linke,3
BT06240308J,Forschungsgruppe Wahlen,2024-03-08,1260,05.03.–07.03.,AfD,18
BT06240308J,Forschungsgruppe Wahlen,2024-03-08,1260,05.03.–07.03.,BSW,5
BT05240309K,INSA,2024-03-09,1249,04.03.–08.03.,CDUCSU,31
BT05240309K,INSA,2024-03-09,1249,04.03.–08.03.,SPD,15
BT05240309K,INSA,2024-03-09,1249,04.03.–08.03.,Gruene,12
BT05240309K,INSA,2024-03-09,1249,04.03.–08.03.,FDP,5
BT05240309K,INSA,2024-03-09,1249,04.03.–08.03.,Linke,3
BT05240309K,INSA,2024-03-09,1249,04.03.–08.03.,AfD,19
BT05240309K,INSA,2024-03-09,1249,04.03.–08.03.,BSW,7
BT05240311L,INSA,2024-03-11,2079,08.03.–11.03.,CDUCSU,31
BT05240311L,INSA,2024-03-11,2079,08.03.–11.03.,SPD,14.5
BT05240311L,INSA,2024-03-11,2079,08.03.–11.03.,Gruene,12.5
BT05240311L,INSA,2024-03-11,2079,08.03.–11.03.,FDP,5.5
BT05240311L,INSA,2024-03-11,2079,08.03.–11.03.,Linke,3.5
BT05240311L,INSA,2024-03-11,2079,08.03.–11.03.,AfD,18.5
BT05240311L,INSA,2024-03-11,2079,08.03.–11.03.,BSW,6.5
BT02240312R,Forsa,2024-03-12,2502,05.03.–11.03.,CDUCSU,30
BT02240312R,Forsa,2024-03-12,2502,05.03.–11.03.,SPD,15
BT02240312R,Forsa,2024-03-12,2502,05.03.–11.03.,Gruene,14
BT02240312R,Forsa,2024-03-12,2502,05.03.–11.03.,FDP,5
BT02240312R,Forsa,2024-03-12,2502,05.03.–11.03.,Linke,3
BT02240312R,Forsa,2024-03-12,2502,05.03.–11.03.,AfD,17
BT02240312R,Forsa,2024-03-12,2502,05.03.–11.03.,BSW,5
BT05240316M,INSA,2024-03-16,1199,11.03.–15.03.,CDUCSU,30
BT05240316M,INSA,2024-03-16,1199,11.03.–15.03.,SPD,15
BT05240316M,INSA,2024-03-16,1199,11.03.–15.03.,Gruene,12
BT05240316M,INSA,2024-03-16,1199,11.03.–15.03.,FDP,5
BT05240316M,INSA,2024-03-16,1199,11.03.–15.03.,Linke,3
BT05240316M,INSA,2024-03-16,1199,11.03.–15.03.,AfD,19
BT05240316M,INSA,2024-03-16,1199,11.03.–15.03.,BSW,6
BT05240318N,INSA,2024-03-18,2002,15.03.–18.03.,CDUCSU,29.5
BT05240318N,INSA,2024-03-18,2002,15.03.–18.03.,SPD,16
BT05240318N,INSA,2024-03-18,2002,15.03.–18.03.,Gruene,12
BT05240318N,INSA,2024-03-18,2002,15.03.–18.03.,FDP,5
BT05240318N,INSA,2024-03-18,2002,15.03.–18.03.,Linke,3.5
BT05240318N,INSA,2024-03-18,2002,15.03.–18.03.,AfD,19.5
BT05240318N,INSA,2024-03-18,2002,15.03.–18.03.,BSW,6.5
BT02240319S,Forsa,2024-03-19,2500,12.03.–18.03.,CDUCSU,31
BT02240319S,Forsa,2024-03-19,2500,12.03.–18.03.,SPD,16
BT02240319S,Forsa,2024-03-19,2500,12.03.–18.03.,Gruene,13
BT02240319S,Forsa,2024-03-19,2500,12.03.–18.03.,FDP,4
BT02240319S,Forsa,2024-03-19,2500,12.03.–18.03.,Linke,3
BT02240319S,Forsa,2024-03-19,2500,12.03.–18.03.,AfD,17
BT02240319S,Forsa,2024-03-19,2500,12.03.–18.03.,BSW,5
BT09240321E,Allensbach,2024-03-21,1027,01.03.–14.03.,CDUCSU,34
BT09240321E,Allensbach,2024-03-21,1027,01.03.–14.03.,SPD,15
BT09240321E,Allensbach,2024-03-21,1027,01.03.–14.03.,Gruene,14
BT09240321E,Allensbach,2024-03-21,1027,01.03.–14.03.,FDP,5
BT09240321E,Allensbach,2024-03-21,1027,01.03.–14.03.,Linke,3
BT09240321E,Allensbach,2024-03-21,1027,01.03.–14.03.,AfD,16
BT09240321E,Allensbach,2024-03-21,1027,01.03.–14.03.,BSW,7
BT03240322S,Verian,2024-03-22,1480,13.03.–19.03.,CDUCSU,29
BT03240322S,Verian,2024-03-22,1480,13.03.–19.03.,SPD,17
BT03240322S,Verian,2024-03-22,1480,13.03.–19.03.,Gruene,15
BT03240322S,Verian,2024-03-22,1480,13.03.–19.03.,FDP,5
BT03240322S,Verian,2024-03-22,1480,13.03.–19.03.,Linke,3
BT03240322S,Verian,2024-03-22,1480,13.03.–19.03.,AfD,18
BT03240322S,Verian,2024-03-22,1480,13.03.–19.03.,BSW,5
BT06240322K,Forschungsgruppe Wahlen,2024-03-22,1296,19.03.–21.03.,CDUCSU,31
BT06240322K,Forschungsgruppe Wahlen,2024-03-22,1296,19.03.–21.03.,SPD,16
BT06240322K,Forschungsgruppe Wahlen,2024-03-22,1296,19.03.–21.03.,Gruene,13
BT06240322K,Forschungsgruppe Wahlen,2024-03-22,1296,19.03.–21.03.,FDP,4
BT06240322K,Forschungsgruppe Wahlen,2024-03-22,1296,19.03.–21.03.,Linke,3
BT06240322K,Forschungsgruppe Wahlen,2024-03-22,1296,19.03.–21.03.,AfD,18
BT06240322K,Forschungsgruppe Wahlen,2024-03-22,1296,19.03.–21.03.,BSW,6
BT05240324O,INSA,2024-03-24,1204,18.03.–22.03.,CDUCSU,30
BT05240324O,INSA,2024-03-24,1204,18.03.–22.03.,SPD,16
BT05240324O,INSA,2024-03-24,1204,18.03.–22.03.,Gruene,13
BT05240324O,INSA,2024-03-24,1204,18.03.–22.03.,FDP,5
BT05240324O,INSA,2024-03-24,1204,18.03.–22.03.,Linke,3
BT05240324O,INSA,2024-03-24,1204,18.03.–22.03.,AfD,19
BT05240324O,INSA,2024-03-24,1204,18.03.–22.03.,BSW,6
BT05240325P,INSA,2024-03-25,2008,22.03.–25.03.,CDUCSU,30
BT05240325P,INSA,2024-03-25,2008,22.03.–25.03.,SPD,15.5
BT05240325P,INSA,2024-03-25,2008,22.03.–25.03.,Gruene,12.5
BT05240325P,INSA,2024-03-25,2008,22.03.–25.03.,FDP,5
BT05240325P,INSA,2024-03-25,2008,22.03.–25.03.,Linke,3.5
BT05240325P,INSA,2024-03-25,2008,22.03.–25.03.,AfD,19.5
BT05240325P,INSA,2024-03-25,2008,22.03.–25.03.,BSW,6.5
BT02240326T,Forsa,2024-03-26,2503,19.03.–25.03.,CDUCSU,31
BT02240326T,Forsa,2024-03-26,2503,19.03.–25.03.,SPD,16
BT02240326T,Forsa,2024-03-26,2503,19.03.–25.03.,Gruene,13
BT02240326T,Forsa,2024-03-26,2503,19.03.–25.03.,FDP,4
BT02240326T,Forsa,2024-03-26,2503,19.03.–25.03.,Linke,3
BT02240326T,Forsa,2024-03-26,2503,19.03.–25.03.,AfD,17
BT02240326T,Forsa,2024-03-26,2503,19.03.–25.03.,BSW,5
BT05240330Q,INSA,2024-03-30,1210,25.03.–28.03.,CDUCSU,30
BT05240330Q,INSA,2024-03-30,1210,25.03.–28.03.,SPD,15
BT05240330Q,INSA,2024-03-30,1210,25.03.–28.03.,Gruene,13
BT05240330Q,INSA,2024-03-30,1210,25.03.–28.03.,FDP,5
BT05240330Q,INSA,2024-03-30,1210,25.03.–28.03.,Linke,3
BT05240330Q,INSA,2024-03-30,1210,25.03.–28.03.,AfD,20
BT05240330Q,INSA,2024-03-30,1210,25.03.–28.03.,BSW,6
BT02240402U,Forsa,2024-04-02,1508,26.03.–28.03.,CDUCSU,31
BT02240402U,Forsa,2024-04-02,1508,26.03.–28.03.,SPD,16
BT02240402U,Forsa,2024-04-02,1508,26.03.–28.03.,Gruene,13
BT02240402U,Forsa,2024-04-02,1508,26.03.–28.03.,FDP,4
BT02240402U,Forsa,2024-04-02,1508,26.03.–28.03.,Linke,NA
BT02240402U,Forsa,2024-04-02,1508,26.03.–28.03.,AfD,17
BT02240402U,Forsa,2024-04-02,1508,26.03.–28.03.,BSW,5
BT05240402R,INSA,2024-04-02,2004,28.03.–02.04.,CDUCSU,30
BT05240402R,INSA,2024-04-02,2004,28.03.–02.04.,SPD,15
BT05240402R,INSA,2024-04-02,2004,28.03.–02.04.,Gruene,12.5
BT05240402R,INSA,2024-04-02,2004,28.03.–02.04.,FDP,5
BT05240402R,INSA,2024-04-02,2004,28.03.–02.04.,Linke,3.5
BT05240402R,INSA,2024-04-02,2004,28.03.–02.04.,AfD,19.5
BT05240402R,INSA,2024-04-02,2004,28.03.–02.04.,BSW,6.5
BT01240404D,Infratest dimap,2024-04-04,1304,02.04.–03.04.,CDUCSU,30
BT01240404D,Infratest dimap,2024-04-04,1304,02.04.–03.04.,SPD,15
BT01240404D,Infratest dimap,2024-04-04,1304,02.04.–03.04.,Gruene,15
BT01240404D,Infratest dimap,2024-04-04,1304,02.04.–03.04.,FDP,4
BT01240404D,Infratest dimap,2024-04-04,1304,02.04.–03.04.,Linke,3
BT01240404D,Infratest dimap,2024-04-04,1304,02.04.–03.04.,AfD,18
BT01240404D,Infratest dimap,2024-04-04,1304,02.04.–03.04.,BSW,5
BT05240406S,INSA,2024-04-06,1243,02.04.–05.04.,CDUCSU,31
BT05240406S,INSA,2024-04-06,1243,02.04.–05.04.,SPD,15
BT05240406S,INSA,2024-04-06,1243,02.04.–05.04.,Gruene,13
BT05240406S,INSA,2024-04-06,1243,02.04.–05.04.,FDP,5
BT05240406S,INSA,2024-04-06,1243,02.04.–05.04.,Linke,3
BT05240406S,INSA,2024-04-06,1243,02.04.–05.04.,AfD,19
BT05240406S,INSA,2024-04-06,1243,02.04.–05.04.,BSW,6
BT02240409V,Forsa,2024-04-09,2506,02.04.–08.04.,CDUCSU,30
BT02240409V,Forsa,2024-04-09,2506,02.04.–08.04.,SPD,16
BT02240409V,Forsa,2024-04-09,2506,02.04.–08.04.,Gruene,13
BT02240409V,Forsa,2024-04-09,2506,02.04.–08.04.,FDP,5
BT02240409V,Forsa,2024-04-09,2506,02.04.–08.04.,Linke,NA
BT02240409V,Forsa,2024-04-09,2506,02.04.–08.04.,AfD,17
BT02240409V,Forsa,2024-04-09,2506,02.04.–08.04.,BSW,5
BT05240409T,INSA,2024-04-09,2084,05.04.–08.04.,CDUCSU,30.5
BT05240409T,INSA,2024-04-09,2084,05.04.–08.04.,SPD,15
BT05240409T,INSA,2024-04-09,2084,05.04.–08.04.,Gruene,13
BT05240409T,INSA,2024-04-09,2084,05.04.–08.04.,FDP,5
BT05240409T,INSA,2024-04-09,2084,05.04.–08.04.,Linke,3.5
BT05240409T,INSA,2024-04-09,2084,05.04.–08.04.,AfD,18.5
BT05240409T,INSA,2024-04-09,2084,05.04.–08.04.,BSW,6.5
BT13240411P,YouGov,2024-04-11,1588,05.04.–10.04.,CDUCSU,29
BT13240411P,YouGov,2024-04-11,1588,05.04.–10.04.,SPD,14
BT13240411P,YouGov,2024-04-11,1588,05.04.–10.04.,Gruene,15
BT13240411P,YouGov,2024-04-11,1588,05.04.–10.04.,FDP,5
BT13240411P,YouGov,2024-04-11,1588,05.04.–10.04.,Linke,4
BT13240411P,YouGov,2024-04-11,1588,05.04.–10.04.,AfD,19
BT13240411P,YouGov,2024-04-11,1588,05.04.–10.04.,BSW,7
BT06240412L,Forschungsgruppe Wahlen,2024-04-12,1254,09.04.–11.04.,CDUCSU,31
BT06240412L,Forschungsgruppe Wahlen,2024-04-12,1254,09.04.–11.04.,SPD,16
BT06240412L,Forschungsgruppe Wahlen,2024-04-12,1254,09.04.–11.04.,Gruene,12
BT06240412L,Forschungsgruppe Wahlen,2024-04-12,1254,09.04.–11.04.,FDP,4
BT06240412L,Forschungsgruppe Wahlen,2024-04-12,1254,09.04.–11.04.,Linke,3
BT06240412L,Forschungsgruppe Wahlen,2024-04-12,1254,09.04.–11.04.,AfD,18
BT06240412L,Forschungsgruppe Wahlen,2024-04-12,1254,09.04.–11.04.,BSW,6
BT05240413U,INSA,2024-04-13,1203,08.04.–12.04.,CDUCSU,30
BT05240413U,INSA,2024-04-13,1203,08.04.–12.04.,SPD,16
BT05240413U,INSA,2024-04-13,1203,08.04.–12.04.,Gruene,13
BT05240413U,INSA,2024-04-13,1203,08.04.–12.04.,FDP,5
BT05240413U,INSA,2024-04-13,1203,08.04.–12.04.,Linke,3
BT05240413U,INSA,2024-04-13,1203,08.04.–12.04.,AfD,18
BT05240413U,INSA,2024-04-13,1203,08.04.–12.04.,BSW,6
BT05240415V,INSA,2024-04-15,2006,12.04.–15.04.,CDUCSU,29.5
BT05240415V,INSA,2024-04-15,2006,12.04.–15.04.,SPD,16
BT05240415V,INSA,2024-04-15,2006,12.04.–15.04.,Gruene,13
BT05240415V,INSA,2024-04-15,2006,12.04.–15.04.,FDP,6
BT05240415V,INSA,2024-04-15,2006,12.04.–15.04.,Linke,3
BT05240415V,INSA,2024-04-15,2006,12.04.–15.04.,AfD,18.5
BT05240415V,INSA,2024-04-15,2006,12.04.–15.04.,BSW,6.5
BT02240416W,Forsa,2024-04-16,2505,09.04.–15.04.,CDUCSU,31
BT02240416W,Forsa,2024-04-16,2505,09.04.–15.04.,SPD,16
BT02240416W,Forsa,2024-04-16,2505,09.04.–15.04.,Gruene,12
BT02240416W,Forsa,2024-04-16,2505,09.04.–15.04.,FDP,5
BT02240416W,Forsa,2024-04-16,2505,09.04.–15.04.,Linke,NA
BT02240416W,Forsa,2024-04-16,2505,09.04.–15.04.,AfD,17
BT02240416W,Forsa,2024-04-16,2505,09.04.–15.04.,BSW,5
BT03240419T,Verian,2024-04-19,1445,10.04.–16.04.,CDUCSU,30
BT03240419T,Verian,2024-04-19,1445,10.04.–16.04.,SPD,16
BT03240419T,Verian,2024-04-19,1445,10.04.–16.04.,Gruene,14
BT03240419T,Verian,2024-04-19,1445,10.04.–16.04.,FDP,5
BT03240419T,Verian,2024-04-19,1445,10.04.–16.04.,Linke,3
BT03240419T,Verian,2024-04-19,1445,10.04.–16.04.,AfD,18
BT03240419T,Verian,2024-04-19,1445,10.04.–16.04.,BSW,5
BT05240420W,INSA,2024-04-20,1204,15.04.–19.04.,CDUCSU,30
BT05240420W,INSA,2024-04-20,1204,15.04.–19.04.,SPD,15
BT05240420W,INSA,2024-04-20,1204,15.04.–19.04.,Gruene,13
BT05240420W,INSA,2024-04-20,1204,15.04.–19.04.,FDP,5
BT05240420W,INSA,2024-04-20,1204,15.04.–19.04.,Linke,4
BT05240420W,INSA,2024-04-20,1204,15.04.–19.04.,AfD,18
BT05240420W,INSA,2024-04-20,1204,15.04.–19.04.,BSW,7
BT05240422X,INSA,2024-04-22,2008,19.04.–22.04.,CDUCSU,30.5
BT05240422X,INSA,2024-04-22,2008,19.04.–22.04.,SPD,15
BT05240422X,INSA,2024-04-22,2008,19.04.–22.04.,Gruene,12.5
BT05240422X,INSA,2024-04-22,2008,19.04.–22.04.,FDP,5
BT05240422X,INSA,2024-04-22,2008,19.04.–22.04.,Linke,4
BT05240422X,INSA,2024-04-22,2008,19.04.–22.04.,AfD,18.5
BT05240422X,INSA,2024-04-22,2008,19.04.–22.04.,BSW,7
BT02240423X,Forsa,2024-04-23,2501,16.04.–22.04.,CDUCSU,31
BT02240423X,Forsa,2024-04-23,2501,16.04.–22.04.,SPD,16
BT02240423X,Forsa,2024-04-23,2501,16.04.–22.04.,Gruene,12
BT02240423X,Forsa,2024-04-23,2501,16.04.–22.04.,FDP,5
BT02240423X,Forsa,2024-04-23,2501,16.04.–22.04.,Linke,NA
BT02240423X,Forsa,2024-04-23,2501,16.04.–22.04.,AfD,16
BT02240423X,Forsa,2024-04-23,2501,16.04.–22.04.,BSW,5
BT09240426F,Allensbach,2024-04-26,1041,05.04.–18.04.,CDUCSU,32.5
BT09240426F,Allensbach,2024-04-26,1041,05.04.–18.04.,SPD,16
BT09240426F,Allensbach,2024-04-26,1041,05.04.–18.04.,Gruene,15
BT09240426F,Allensbach,2024-04-26,1041,05.04.–18.04.,FDP,6
BT09240426F,Allensbach,2024-04-26,1041,05.04.–18.04.,Linke,3
BT09240426F,Allensbach,2024-04-26,1041,05.04.–18.04.,AfD,16
BT09240426F,Allensbach,2024-04-26,1041,05.04.–18.04.,BSW,7
BT06240426M,Forschungsgruppe Wahlen,2024-04-26,1228,23.04.–25.04.,CDUCSU,30
BT06240426M,Forschungsgruppe Wahlen,2024-04-26,1228,23.04.–25.04.,SPD,15
BT06240426M,Forschungsgruppe Wahlen,2024-04-26,1228,23.04.–25.04.,Gruene,15
BT06240426M,Forschungsgruppe Wahlen,2024-04-26,1228,23.04.–25.04.,FDP,4
BT06240426M,Forschungsgruppe Wahlen,2024-04-26,1228,23.04.–25.04.,Linke,4
BT06240426M,Forschungsgruppe Wahlen,2024-04-26,1228,23.04.–25.04.,AfD,17
BT06240426M,Forschungsgruppe Wahlen,2024-04-26,1228,23.04.–25.04.,BSW,5
BT05240427Y,INSA,2024-04-27,1203,22.04.–26.04.,CDUCSU,29
BT05240427Y,INSA,2024-04-27,1203,22.04.–26.04.,SPD,16
BT05240427Y,INSA,2024-04-27,1203,22.04.–26.04.,Gruene,13
BT05240427Y,INSA,2024-04-27,1203,22.04.–26.04.,FDP,5
BT05240427Y,INSA,2024-04-27,1203,22.04.–26.04.,Linke,4
BT05240427Y,INSA,2024-04-27,1203,22.04.–26.04.,AfD,18
BT05240427Y,INSA,2024-04-27,1203,22.04.–26.04.,BSW,7
BT02240430Y,Forsa,2024-04-30,2505,23.04.–29.04.,CDUCSU,30
BT02240430Y,Forsa,2024-04-30,2505,23.04.–29.04.,SPD,17
BT02240430Y,Forsa,2024-04-30,2505,23.04.–29.04.,Gruene,12
BT02240430Y,Forsa,2024-04-30,2505,23.04.–29.04.,FDP,5
BT02240430Y,Forsa,2024-04-30,2505,23.04.–29.04.,Linke,3
BT02240430Y,Forsa,2024-04-30,2505,23.04.–29.04.,AfD,16
BT02240430Y,Forsa,2024-04-30,2505,23.04.–29.04.,BSW,4
BT05240430A,INSA,2024-04-30,2004,26.04.–29.04.,CDUCSU,29.5
BT05240430A,INSA,2024-04-30,2004,26.04.–29.04.,SPD,16.5
BT05240430A,INSA,2024-04-30,2004,26.04.–29.04.,Gruene,12.5
BT05240430A,INSA,2024-04-30,2004,26.04.–29.04.,FDP,5
BT05240430A,INSA,2024-04-30,2004,26.04.–29.04.,Linke,3.5
BT05240430A,INSA,2024-04-30,2004,26.04.–29.04.,AfD,18.5
BT05240430A,INSA,2024-04-30,2004,26.04.–29.04.,BSW,7
BT01240502E,Infratest dimap,2024-05-02,1280,29.04.–30.04.,CDUCSU,31
BT01240502E,Infratest dimap,2024-05-02,1280,29.04.–30.04.,SPD,15
BT01240502E,Infratest dimap,2024-05-02,1280,29.04.–30.04.,Gruene,15
BT01240502E,Infratest dimap,2024-05-02,1280,29.04.–30.04.,FDP,5
BT01240502E,Infratest dimap,2024-05-02,1280,29.04.–30.04.,Linke,NA
BT01240502E,Infratest dimap,2024-05-02,1280,29.04.–30.04.,AfD,18
BT01240502E,Infratest dimap,2024-05-02,1280,29.04.–30.04.,BSW,5
BT05240504B,INSA,2024-05-04,1203,29.04.–03.05.,CDUCSU,30
BT05240504B,INSA,2024-05-04,1203,29.04.–03.05.,SPD,15
BT05240504B,INSA,2024-05-04,1203,29.04.–03.05.,Gruene,12
BT05240504B,INSA,2024-05-04,1203,29.04.–03.05.,FDP,5
BT05240504B,INSA,2024-05-04,1203,29.04.–03.05.,Linke,4
BT05240504B,INSA,2024-05-04,1203,29.04.–03.05.,AfD,18
BT05240504B,INSA,2024-05-04,1203,29.04.–03.05.,BSW,7
BT05240506C,INSA,2024-05-06,2006,03.05.–06.05.,CDUCSU,30.5
BT05240506C,INSA,2024-05-06,2006,03.05.–06.05.,SPD,15.5
BT05240506C,INSA,2024-05-06,2006,03.05.–06.05.,Gruene,12
BT05240506C,INSA,2024-05-06,2006,03.05.–06.05.,FDP,5
BT05240506C,INSA,2024-05-06,2006,03.05.–06.05.,Linke,3.5
BT05240506C,INSA,2024-05-06,2006,03.05.–06.05.,AfD,18
BT05240506C,INSA,2024-05-06,2006,03.05.–06.05.,BSW,7.5
BT02240507A,Forsa,2024-05-07,2000,30.04.–06.05.,CDUCSU,31
BT02240507A,Forsa,2024-05-07,2000,30.04.–06.05.,SPD,16
BT02240507A,Forsa,2024-05-07,2000,30.04.–06.05.,Gruene,12
BT02240507A,Forsa,2024-05-07,2000,30.04.–06.05.,FDP,6
BT02240507A,Forsa,2024-05-07,2000,30.04.–06.05.,Linke,3
BT02240507A,Forsa,2024-05-07,2000,30.04.–06.05.,AfD,15
BT02240507A,Forsa,2024-05-07,2000,30.04.–06.05.,BSW,4
BT04240507S,GMS,2024-05-07,1005,30.04.–06.05.,CDUCSU,31
BT04240507S,GMS,2024-05-07,1005,30.04.–06.05.,SPD,15
BT04240507S,GMS,2024-05-07,1005,30.04.–06.05.,Gruene,14
BT04240507S,GMS,2024-05-07,1005,30.04.–06.05.,FDP,4
BT04240507S,GMS,2024-05-07,1005,30.04.–06.05.,Linke,2
BT04240507S,GMS,2024-05-07,1005,30.04.–06.05.,AfD,18
BT04240507S,GMS,2024-05-07,1005,30.04.–06.05.,BSW,6
BT13240510Q,YouGov,2024-05-10,1749,03.05.–08.05.,CDUCSU,30
BT13240510Q,YouGov,2024-05-10,1749,03.05.–08.05.,SPD,16
BT13240510Q,YouGov,2024-05-10,1749,03.05.–08.05.,Gruene,14
BT13240510Q,YouGov,2024-05-10,1749,03.05.–08.05.,FDP,4
BT13240510Q,YouGov,2024-05-10,1749,03.05.–08.05.,Linke,4
BT13240510Q,YouGov,2024-05-10,1749,03.05.–08.05.,AfD,19
BT13240510Q,YouGov,2024-05-10,1749,03.05.–08.05.,BSW,7
BT05240511D,INSA,2024-05-11,1247,06.05.–10.05.,CDUCSU,30
BT05240511D,INSA,2024-05-11,1247,06.05.–10.05.,SPD,15
BT05240511D,INSA,2024-05-11,1247,06.05.–10.05.,Gruene,13
BT05240511D,INSA,2024-05-11,1247,06.05.–10.05.,FDP,5
BT05240511D,INSA,2024-05-11,1247,06.05.–10.05.,Linke,4
BT05240511D,INSA,2024-05-11,1247,06.05.–10.05.,AfD,17
BT05240511D,INSA,2024-05-11,1247,06.05.–10.05.,BSW,7
BT02240514B,Forsa,2024-05-14,2006,07.05.–13.05.,CDUCSU,32
BT02240514B,Forsa,2024-05-14,2006,07.05.–13.05.,SPD,16
BT02240514B,Forsa,2024-05-14,2006,07.05.–13.05.,Gruene,13
BT02240514B,Forsa,2024-05-14,2006,07.05.–13.05.,FDP,5
BT02240514B,Forsa,2024-05-14,2006,07.05.–13.05.,Linke,3
BT02240514B,Forsa,2024-05-14,2006,07.05.–13.05.,AfD,15
BT02240514B,Forsa,2024-05-14,2006,07.05.–13.05.,BSW,5
BT05240514E,INSA,2024-05-14,2087,10.05.–13.05.,CDUCSU,30.5
BT05240514E,INSA,2024-05-14,2087,10.05.–13.05.,SPD,15.5
BT05240514E,INSA,2024-05-14,2087,10.05.–13.05.,Gruene,13
BT05240514E,INSA,2024-05-14,2087,10.05.–13.05.,FDP,5
BT05240514E,INSA,2024-05-14,2087,10.05.–13.05.,Linke,3.5
BT05240514E,INSA,2024-05-14,2087,10.05.–13.05.,AfD,17
BT05240514E,INSA,2024-05-14,2087,10.05.–13.05.,BSW,7
BT03240517U,Verian,2024-05-17,1506,07.05.–14.05.,CDUCSU,30
BT03240517U,Verian,2024-05-17,1506,07.05.–14.05.,SPD,16
BT03240517U,Verian,2024-05-17,1506,07.05.–14.05.,Gruene,14
BT03240517U,Verian,2024-05-17,1506,07.05.–14.05.,FDP,5
BT03240517U,Verian,2024-05-17,1506,07.05.–14.05.,Linke,4
BT03240517U,Verian,2024-05-17,1506,07.05.–14.05.,AfD,16
BT03240517U,Verian,2024-05-17,1506,07.05.–14.05.,BSW,5
BT06240517N,Forschungsgruppe Wahlen,2024-05-17,1247,14.05.–16.05.,CDUCSU,31
BT06240517N,Forschungsgruppe Wahlen,2024-05-17,1247,14.05.–16.05.,SPD,15
BT06240517N,Forschungsgruppe Wahlen,2024-05-17,1247,14.05.–16.05.,Gruene,13
BT06240517N,Forschungsgruppe Wahlen,2024-05-17,1247,14.05.–16.05.,FDP,5
BT06240517N,Forschungsgruppe Wahlen,2024-05-17,1247,14.05.–16.05.,Linke,4
BT06240517N,Forschungsgruppe Wahlen,2024-05-17,1247,14.05.–16.05.,AfD,16
BT06240517N,Forschungsgruppe Wahlen,2024-05-17,1247,14.05.–16.05.,BSW,5
BT05240518F,INSA,2024-05-18,1206,13.05.–17.05.,CDUCSU,30
BT05240518F,INSA,2024-05-18,1206,13.05.–17.05.,SPD,16
BT05240518F,INSA,2024-05-18,1206,13.05.–17.05.,Gruene,12
BT05240518F,INSA,2024-05-18,1206,13.05.–17.05.,FDP,5
BT05240518F,INSA,2024-05-18,1206,13.05.–17.05.,Linke,3
BT05240518F,INSA,2024-05-18,1206,13.05.–17.05.,AfD,17
BT05240518F,INSA,2024-05-18,1206,13.05.–17.05.,BSW,7
BT02240521C,Forsa,2024-05-21,2001,14.05.–17.05.,CDUCSU,32
BT02240521C,Forsa,2024-05-21,2001,14.05.–17.05.,SPD,16
BT02240521C,Forsa,2024-05-21,2001,14.05.–17.05.,Gruene,14
BT02240521C,Forsa,2024-05-21,2001,14.05.–17.05.,FDP,5
BT02240521C,Forsa,2024-05-21,2001,14.05.–17.05.,Linke,NA
BT02240521C,Forsa,2024-05-21,2001,14.05.–17.05.,AfD,15
BT02240521C,Forsa,2024-05-21,2001,14.05.–17.05.,BSW,5
BT05240521G,INSA,2024-05-21,2010,17.05.–21.05.,CDUCSU,30
BT05240521G,INSA,2024-05-21,2010,17.05.–21.05.,SPD,16
BT05240521G,INSA,2024-05-21,2010,17.05.–21.05.,Gruene,12.5
BT05240521G,INSA,2024-05-21,2010,17.05.–21.05.,FDP,5
BT05240521G,INSA,2024-05-21,2010,17.05.–21.05.,Linke,3
BT05240521G,INSA,2024-05-21,2010,17.05.–21.05.,AfD,17
BT05240521G,INSA,2024-05-21,2010,17.05.–21.05.,BSW,7
BT09240524G,Allensbach,2024-05-24,1093,04.05.–16.05.,CDUCSU,32.5
BT09240524G,Allensbach,2024-05-24,1093,04.05.–16.05.,SPD,17.5
BT09240524G,Allensbach,2024-05-24,1093,04.05.–16.05.,Gruene,13
BT09240524G,Allensbach,2024-05-24,1093,04.05.–16.05.,FDP,6
BT09240524G,Allensbach,2024-05-24,1093,04.05.–16.05.,Linke,3
BT09240524G,Allensbach,2024-05-24,1093,04.05.–16.05.,AfD,14
BT09240524G,Allensbach,2024-05-24,1093,04.05.–16.05.,BSW,8
BT05240525H,INSA,2024-05-25,1202,21.05.–24.05.,CDUCSU,30
BT05240525H,INSA,2024-05-25,1202,21.05.–24.05.,SPD,15
BT05240525H,INSA,2024-05-25,1202,21.05.–24.05.,Gruene,13
BT05240525H,INSA,2024-05-25,1202,21.05.–24.05.,FDP,5
BT05240525H,INSA,2024-05-25,1202,21.05.–24.05.,Linke,3
BT05240525H,INSA,2024-05-25,1202,21.05.–24.05.,AfD,17
BT05240525H,INSA,2024-05-25,1202,21.05.–24.05.,BSW,7
BT02240528D,Forsa,2024-05-28,2503,21.05.–27.05.,CDUCSU,30
BT02240528D,Forsa,2024-05-28,2503,21.05.–27.05.,SPD,16
BT02240528D,Forsa,2024-05-28,2503,21.05.–27.05.,Gruene,13
BT02240528D,Forsa,2024-05-28,2503,21.05.–27.05.,FDP,6
BT02240528D,Forsa,2024-05-28,2503,21.05.–27.05.,Linke,NA
BT02240528D,Forsa,2024-05-28,2503,21.05.–27.05.,AfD,15
BT02240528D,Forsa,2024-05-28,2503,21.05.–27.05.,BSW,6
BT05240528I,INSA,2024-05-28,2004,24.05.–27.05.,CDUCSU,30.5
BT05240528I,INSA,2024-05-28,2004,24.05.–27.05.,SPD,15
BT05240528I,INSA,2024-05-28,2004,24.05.–27.05.,Gruene,12
BT05240528I,INSA,2024-05-28,2004,24.05.–27.05.,FDP,5
BT05240528I,INSA,2024-05-28,2004,24.05.–27.05.,Linke,3
BT05240528I,INSA,2024-05-28,2004,24.05.–27.05.,AfD,17
BT05240528I,INSA,2024-05-28,2004,24.05.–27.05.,BSW,7
BT01240530F,Infratest dimap,2024-05-30,1479,27.05.–29.05.,CDUCSU,31
BT01240530F,Infratest dimap,2024-05-30,1479,27.05.–29.05.,SPD,15
BT01240530F,Infratest dimap,2024-05-30,1479,27.05.–29.05.,Gruene,14
BT01240530F,Infratest dimap,2024-05-30,1479,27.05.–29.05.,FDP,4
BT01240530F,Infratest dimap,2024-05-30,1479,27.05.–29.05.,Linke,3
BT01240530F,Infratest dimap,2024-05-30,1479,27.05.–29.05.,AfD,18
BT01240530F,Infratest dimap,2024-05-30,1479,27.05.–29.05.,BSW,5
BT05240601J,INSA,2024-06-01,1205,27.05.–31.05.,CDUCSU,31
BT05240601J,INSA,2024-06-01,1205,27.05.–31.05.,SPD,16
BT05240601J,INSA,2024-06-01,1205,27.05.–31.05.,Gruene,12
BT05240601J,INSA,2024-06-01,1205,27.05.–31.05.,FDP,5
BT05240601J,INSA,2024-06-01,1205,27.05.–31.05.,Linke,3
BT05240601J,INSA,2024-06-01,1205,27.05.–31.05.,AfD,16
BT05240601J,INSA,2024-06-01,1205,27.05.–31.05.,BSW,7
BT02240604E,Forsa,2024-06-04,2506,28.05.–03.06.,CDUCSU,30
BT02240604E,Forsa,2024-06-04,2506,28.05.–03.06.,SPD,17
BT02240604E,Forsa,2024-06-04,2506,28.05.–03.06.,Gruene,13
BT02240604E,Forsa,2024-06-04,2506,28.05.–03.06.,FDP,6
BT02240604E,Forsa,2024-06-04,2506,28.05.–03.06.,Linke,NA
BT02240604E,Forsa,2024-06-04,2506,28.05.–03.06.,AfD,15
BT02240604E,Forsa,2024-06-04,2506,28.05.–03.06.,BSW,6
BT05240604K,INSA,2024-06-04,2002,31.05.–03.06.,CDUCSU,30.5
BT05240604K,INSA,2024-06-04,2002,31.05.–03.06.,SPD,16
BT05240604K,INSA,2024-06-04,2002,31.05.–03.06.,Gruene,12
BT05240604K,INSA,2024-06-04,2002,31.05.–03.06.,FDP,5
BT05240604K,INSA,2024-06-04,2002,31.05.–03.06.,Linke,3.5
BT05240604K,INSA,2024-06-04,2002,31.05.–03.06.,AfD,15.5
BT05240604K,INSA,2024-06-04,2002,31.05.–03.06.,BSW,7.5
BT13240607R,YouGov,2024-06-07,1894,31.05.–05.06.,CDUCSU,29
BT13240607R,YouGov,2024-06-07,1894,31.05.–05.06.,SPD,14
BT13240607R,YouGov,2024-06-07,1894,31.05.–05.06.,Gruene,12
BT13240607R,YouGov,2024-06-07,1894,31.05.–05.06.,FDP,4
BT13240607R,YouGov,2024-06-07,1894,31.05.–05.06.,Linke,4
BT13240607R,YouGov,2024-06-07,1894,31.05.–05.06.,AfD,18
BT13240607R,YouGov,2024-06-07,1894,31.05.–05.06.,BSW,9
BT05240608L,INSA,2024-06-08,1203,03.06.–07.06.,CDUCSU,30
BT05240608L,INSA,2024-06-08,1203,03.06.–07.06.,SPD,16
BT05240608L,INSA,2024-06-08,1203,03.06.–07.06.,Gruene,12
BT05240608L,INSA,2024-06-08,1203,03.06.–07.06.,FDP,5
BT05240608L,INSA,2024-06-08,1203,03.06.–07.06.,Linke,3
BT05240608L,INSA,2024-06-08,1203,03.06.–07.06.,AfD,16
BT05240608L,INSA,2024-06-08,1203,03.06.–07.06.,BSW,8
BT02240611F,Forsa,2024-06-11,2505,04.06.–10.06.,CDUCSU,30
BT02240611F,Forsa,2024-06-11,2505,04.06.–10.06.,SPD,16
BT02240611F,Forsa,2024-06-11,2505,04.06.–10.06.,Gruene,13
BT02240611F,Forsa,2024-06-11,2505,04.06.–10.06.,FDP,6
BT02240611F,Forsa,2024-06-11,2505,04.06.–10.06.,Linke,NA
BT02240611F,Forsa,2024-06-11,2505,04.06.–10.06.,AfD,16
BT02240611F,Forsa,2024-06-11,2505,04.06.–10.06.,BSW,6
BT05240611M,INSA,2024-06-11,2008,07.06.–10.06.,CDUCSU,30
BT05240611M,INSA,2024-06-11,2008,07.06.–10.06.,SPD,15.5
BT05240611M,INSA,2024-06-11,2008,07.06.–10.06.,Gruene,12
BT05240611M,INSA,2024-06-11,2008,07.06.–10.06.,FDP,5
BT05240611M,INSA,2024-06-11,2008,07.06.–10.06.,Linke,3
BT05240611M,INSA,2024-06-11,2008,07.06.–10.06.,AfD,16
BT05240611M,INSA,2024-06-11,2008,07.06.–10.06.,BSW,7.5
BT03240612V,Verian,2024-06-12,1425,05.06.–11.06.,CDUCSU,30
BT03240612V,Verian,2024-06-12,1425,05.06.–11.06.,SPD,16
BT03240612V,Verian,2024-06-12,1425,05.06.–11.06.,Gruene,13
BT03240612V,Verian,2024-06-12,1425,05.06.–11.06.,FDP,5
BT03240612V,Verian,2024-06-12,1425,05.06.–11.06.,Linke,3
BT03240612V,Verian,2024-06-12,1425,05.06.–11.06.,AfD,17
BT03240612V,Verian,2024-06-12,1425,05.06.–11.06.,BSW,6
BT06240613P,Forschungsgruppe Wahlen,2024-06-13,1334,10.06.–12.06.,CDUCSU,30
BT06240613P,Forschungsgruppe Wahlen,2024-06-13,1334,10.06.–12.06.,SPD,14
BT06240613P,Forschungsgruppe Wahlen,2024-06-13,1334,10.06.–12.06.,Gruene,14
BT06240613P,Forschungsgruppe Wahlen,2024-06-13,1334,10.06.–12.06.,FDP,5
BT06240613P,Forschungsgruppe Wahlen,2024-06-13,1334,10.06.–12.06.,Linke,NA
BT06240613P,Forschungsgruppe Wahlen,2024-06-13,1334,10.06.–12.06.,AfD,16
BT06240613P,Forschungsgruppe Wahlen,2024-06-13,1334,10.06.–12.06.,BSW,7
BT05240615N,INSA,2024-06-15,1205,10.06.–14.06.,CDUCSU,31
BT05240615N,INSA,2024-06-15,1205,10.06.–14.06.,SPD,16
BT05240615N,INSA,2024-06-15,1205,10.06.–14.06.,Gruene,11
BT05240615N,INSA,2024-06-15,1205,10.06.–14.06.,FDP,5
BT05240615N,INSA,2024-06-15,1205,10.06.–14.06.,Linke,3
BT05240615N,INSA,2024-06-15,1205,10.06.–14.06.,AfD,17
BT05240615N,INSA,2024-06-15,1205,10.06.–14.06.,BSW,7
BT05240617O,INSA,2024-06-17,2010,14.06.–17.06.,CDUCSU,31
BT05240617O,INSA,2024-06-17,2010,14.06.–17.06.,SPD,15
BT05240617O,INSA,2024-06-17,2010,14.06.–17.06.,Gruene,11
BT05240617O,INSA,2024-06-17,2010,14.06.–17.06.,FDP,5
BT05240617O,INSA,2024-06-17,2010,14.06.–17.06.,Linke,3
BT05240617O,INSA,2024-06-17,2010,14.06.–17.06.,AfD,17
BT05240617O,INSA,2024-06-17,2010,14.06.–17.06.,BSW,8
BT02240618G,Forsa,2024-06-18,2504,11.06.–17.06.,CDUCSU,30
BT02240618G,Forsa,2024-06-18,2504,11.06.–17.06.,SPD,15
BT02240618G,Forsa,2024-06-18,2504,11.06.–17.06.,Gruene,12
BT02240618G,Forsa,2024-06-18,2504,11.06.–17.06.,FDP,5
BT02240618G,Forsa,2024-06-18,2504,11.06.–17.06.,Linke,NA
BT02240618G,Forsa,2024-06-18,2504,11.06.–17.06.,AfD,16
BT02240618G,Forsa,2024-06-18,2504,11.06.–17.06.,BSW,7
BT04240618T,GMS,2024-06-18,1007,11.06.–17.06.,CDUCSU,31
BT04240618T,GMS,2024-06-18,1007,11.06.–17.06.,SPD,14
BT04240618T,GMS,2024-06-18,1007,11.06.–17.06.,Gruene,14
BT04240618T,GMS,2024-06-18,1007,11.06.–17.06.,FDP,5
BT04240618T,GMS,2024-06-18,1007,11.06.–17.06.,Linke,3
BT04240618T,GMS,2024-06-18,1007,11.06.–17.06.,AfD,18
BT04240618T,GMS,2024-06-18,1007,11.06.–17.06.,BSW,6
BT09240620H,Allensbach,2024-06-20,1084,01.06.–13.06.,CDUCSU,32
BT09240620H,Allensbach,2024-06-20,1084,01.06.–13.06.,SPD,16
BT09240620H,Allensbach,2024-06-20,1084,01.06.–13.06.,Gruene,13
BT09240620H,Allensbach,2024-06-20,1084,01.06.–13.06.,FDP,6
BT09240620H,Allensbach,2024-06-20,1084,01.06.–13.06.,Linke,3
BT09240620H,Allensbach,2024-06-20,1084,01.06.–13.06.,AfD,15
BT09240620H,Allensbach,2024-06-20,1084,01.06.–13.06.,BSW,7
BT05240623P,INSA,2024-06-23,1204,17.06.–21.06.,CDUCSU,30
BT05240623P,INSA,2024-06-23,1204,17.06.–21.06.,SPD,15
BT05240623P,INSA,2024-06-23,1204,17.06.–21.06.,Gruene,12
BT05240623P,INSA,2024-06-23,1204,17.06.–21.06.,FDP,5
BT05240623P,INSA,2024-06-23,1204,17.06.–21.06.,Linke,3
BT05240623P,INSA,2024-06-23,1204,17.06.–21.06.,AfD,17
BT05240623P,INSA,2024-06-23,1204,17.06.–21.06.,BSW,8
BT02240625H,Forsa,2024-06-25,2505,18.06.–24.06.,CDUCSU,31
BT02240625H,Forsa,2024-06-25,2505,18.06.–24.06.,SPD,15
BT02240625H,Forsa,2024-06-25,2505,18.06.–24.06.,Gruene,11
BT02240625H,Forsa,2024-06-25,2505,18.06.–24.06.,FDP,5
BT02240625H,Forsa,2024-06-25,2505,18.06.–24.06.,Linke,NA
BT02240625H,Forsa,2024-06-25,2505,18.06.–24.06.,AfD,16
BT02240625H,Forsa,2024-06-25,2505,18.06.–24.06.,BSW,7
BT05240625Q,INSA,2024-06-25,2008,21.06.–24.06.,CDUCSU,30.5
BT05240625Q,INSA,2024-06-25,2008,21.06.–24.06.,SPD,14.5
BT05240625Q,INSA,2024-06-25,2008,21.06.–24.06.,Gruene,11.5
BT05240625Q,INSA,2024-06-25,2008,21.06.–24.06.,FDP,5
BT05240625Q,INSA,2024-06-25,2008,21.06.–24.06.,Linke,3
BT05240625Q,INSA,2024-06-25,2008,21.06.–24.06.,AfD,17.5
BT05240625Q,INSA,2024-06-25,2008,21.06.–24.06.,BSW,8.5
BT06240628Q,Forschungsgruppe Wahlen,2024-06-28,1186,25.06.–27.06.,CDUCSU,31
BT06240628Q,Forschungsgruppe Wahlen,2024-06-28,1186,25.06.–27.06.,SPD,14
BT06240628Q,Forschungsgruppe Wahlen,2024-06-28,1186,25.06.–27.06.,Gruene,13
BT06240628Q,Forschungsgruppe Wahlen,2024-06-28,1186,25.06.–27.06.,FDP,4
BT06240628Q,Forschungsgruppe Wahlen,2024-06-28,1186,25.06.–27.06.,Linke,3
BT06240628Q,Forschungsgruppe Wahlen,2024-06-28,1186,25.06.–27.06.,AfD,17
BT06240628Q,Forschungsgruppe Wahlen,2024-06-28,1186,25.06.–27.06.,BSW,7
BT05240629R,INSA,2024-06-29,1203,24.06.–28.06.,CDUCSU,30
BT05240629R,INSA,2024-06-29,1203,24.06.–28.06.,SPD,15
BT05240629R,INSA,2024-06-29,1203,24.06.–28.06.,Gruene,12
BT05240629R,INSA,2024-06-29,1203,24.06.–28.06.,FDP,6
BT05240629R,INSA,2024-06-29,1203,24.06.–28.06.,Linke,2
BT05240629R,INSA,2024-06-29,1203,24.06.–28.06.,AfD,17
BT05240629R,INSA,2024-06-29,1203,24.06.–28.06.,BSW,9
BT05240701S,INSA,2024-07-01,2006,28.06.–01.07.,CDUCSU,29.5
BT05240701S,INSA,2024-07-01,2006,28.06.–01.07.,SPD,15
BT05240701S,INSA,2024-07-01,2006,28.06.–01.07.,Gruene,12
BT05240701S,INSA,2024-07-01,2006,28.06.–01.07.,FDP,5.5
BT05240701S,INSA,2024-07-01,2006,28.06.–01.07.,Linke,2.5
BT05240701S,INSA,2024-07-01,2006,28.06.–01.07.,AfD,17.5
BT05240701S,INSA,2024-07-01,2006,28.06.–01.07.,BSW,8.5
BT02240702I,Forsa,2024-07-02,2506,25.06.–01.07.,CDUCSU,31
BT02240702I,Forsa,2024-07-02,2506,25.06.–01.07.,SPD,15
BT02240702I,Forsa,2024-07-02,2506,25.06.–01.07.,Gruene,11
BT02240702I,Forsa,2024-07-02,2506,25.06.–01.07.,FDP,6
BT02240702I,Forsa,2024-07-02,2506,25.06.–01.07.,Linke,NA
BT02240702I,Forsa,2024-07-02,2506,25.06.–01.07.,AfD,16
BT02240702I,Forsa,2024-07-02,2506,25.06.–01.07.,BSW,7
BT01240704G,Infratest dimap,2024-07-04,1294,01.07.–03.07.,CDUCSU,31
BT01240704G,Infratest dimap,2024-07-04,1294,01.07.–03.07.,SPD,14
BT01240704G,Infratest dimap,2024-07-04,1294,01.07.–03.07.,Gruene,13
BT01240704G,Infratest dimap,2024-07-04,1294,01.07.–03.07.,FDP,5
BT01240704G,Infratest dimap,2024-07-04,1294,01.07.–03.07.,Linke,3
BT01240704G,Infratest dimap,2024-07-04,1294,01.07.–03.07.,AfD,17
BT01240704G,Infratest dimap,2024-07-04,1294,01.07.–03.07.,BSW,8
BT05240705T,INSA,2024-07-05,1204,01.07.–05.07.,CDUCSU,30
BT05240705T,INSA,2024-07-05,1204,01.07.–05.07.,SPD,15
BT05240705T,INSA,2024-07-05,1204,01.07.–05.07.,Gruene,11
BT05240705T,INSA,2024-07-05,1204,01.07.–05.07.,FDP,5
BT05240705T,INSA,2024-07-05,1204,01.07.–05.07.,Linke,2
BT05240705T,INSA,2024-07-05,1204,01.07.–05.07.,AfD,18
BT05240705T,INSA,2024-07-05,1204,01.07.–05.07.,BSW,9
BT13240705S,YouGov,2024-07-05,1711,28.06.–03.07.,CDUCSU,30
BT13240705S,YouGov,2024-07-05,1711,28.06.–03.07.,SPD,14
BT13240705S,YouGov,2024-07-05,1711,28.06.–03.07.,Gruene,12
BT13240705S,YouGov,2024-07-05,1711,28.06.–03.07.,FDP,6
BT13240705S,YouGov,2024-07-05,1711,28.06.–03.07.,Linke,3
BT13240705S,YouGov,2024-07-05,1711,28.06.–03.07.,AfD,19
BT13240705S,YouGov,2024-07-05,1711,28.06.–03.07.,BSW,9
BT05240708U,INSA,2024-07-08,2007,05.07.–08.07.,CDUCSU,30.5
BT05240708U,INSA,2024-07-08,2007,05.07.–08.07.,SPD,15
BT05240708U,INSA,2024-07-08,2007,05.07.–08.07.,Gruene,11
BT05240708U,INSA,2024-07-08,2007,05.07.–08.07.,FDP,5.5
BT05240708U,INSA,2024-07-08,2007,05.07.–08.07.,Linke,3
BT05240708U,INSA,2024-07-08,2007,05.07.–08.07.,AfD,17.5
BT05240708U,INSA,2024-07-08,2007,05.07.–08.07.,BSW,8.5
BT02240709J,Forsa,2024-07-09,2504,02.07.–08.07.,CDUCSU,30
BT02240709J,Forsa,2024-07-09,2504,02.07.–08.07.,SPD,14
BT02240709J,Forsa,2024-07-09,2504,02.07.–08.07.,Gruene,11
BT02240709J,Forsa,2024-07-09,2504,02.07.–08.07.,FDP,5
BT02240709J,Forsa,2024-07-09,2504,02.07.–08.07.,Linke,NA
BT02240709J,Forsa,2024-07-09,2504,02.07.–08.07.,AfD,17
BT02240709J,Forsa,2024-07-09,2504,02.07.–08.07.,BSW,8
BT03240712W,Verian,2024-07-12,1486,03.07.–09.07.,CDUCSU,31
BT03240712W,Verian,2024-07-12,1486,03.07.–09.07.,SPD,15
BT03240712W,Verian,2024-07-12,1486,03.07.–09.07.,Gruene,13
BT03240712W,Verian,2024-07-12,1486,03.07.–09.07.,FDP,5
BT03240712W,Verian,2024-07-12,1486,03.07.–09.07.,Linke,3
BT03240712W,Verian,2024-07-12,1486,03.07.–09.07.,AfD,16
BT03240712W,Verian,2024-07-12,1486,03.07.–09.07.,BSW,7
BT06240712R,Forschungsgruppe Wahlen,2024-07-12,1341,09.07.–11.07.,CDUCSU,32
BT06240712R,Forschungsgruppe Wahlen,2024-07-12,1341,09.07.–11.07.,SPD,14
BT06240712R,Forschungsgruppe Wahlen,2024-07-12,1341,09.07.–11.07.,Gruene,13
BT06240712R,Forschungsgruppe Wahlen,2024-07-12,1341,09.07.–11.07.,FDP,4
BT06240712R,Forschungsgruppe Wahlen,2024-07-12,1341,09.07.–11.07.,Linke,3
BT06240712R,Forschungsgruppe Wahlen,2024-07-12,1341,09.07.–11.07.,AfD,17
BT06240712R,Forschungsgruppe Wahlen,2024-07-12,1341,09.07.–11.07.,BSW,7
BT05240713V,INSA,2024-07-13,1449,08.07.–12.07.,CDUCSU,30
BT05240713V,INSA,2024-07-13,1449,08.07.–12.07.,SPD,15
BT05240713V,INSA,2024-07-13,1449,08.07.–12.07.,Gruene,12
BT05240713V,INSA,2024-07-13,1449,08.07.–12.07.,FDP,5
BT05240713V,INSA,2024-07-13,1449,08.07.–12.07.,Linke,2
BT05240713V,INSA,2024-07-13,1449,08.07.–12.07.,AfD,18
BT05240713V,INSA,2024-07-13,1449,08.07.–12.07.,BSW,9
BT02240716K,Forsa,2024-07-16,2503,09.07.–15.07.,CDUCSU,32
BT02240716K,Forsa,2024-07-16,2503,09.07.–15.07.,SPD,14
BT02240716K,Forsa,2024-07-16,2503,09.07.–15.07.,Gruene,11
BT02240716K,Forsa,2024-07-16,2503,09.07.–15.07.,FDP,5
BT02240716K,Forsa,2024-07-16,2503,09.07.–15.07.,Linke,3
BT02240716K,Forsa,2024-07-16,2503,09.07.–15.07.,AfD,16
BT02240716K,Forsa,2024-07-16,2503,09.07.–15.07.,BSW,7
BT05240716W,INSA,2024-07-16,2500,12.07.–15.07.,CDUCSU,31
BT05240716W,INSA,2024-07-16,2500,12.07.–15.07.,SPD,15
BT05240716W,INSA,2024-07-16,2500,12.07.–15.07.,Gruene,11.5
BT05240716W,INSA,2024-07-16,2500,12.07.–15.07.,FDP,5
BT05240716W,INSA,2024-07-16,2500,12.07.–15.07.,Linke,3
BT05240716W,INSA,2024-07-16,2500,12.07.–15.07.,AfD,18
BT05240716W,INSA,2024-07-16,2500,12.07.–15.07.,BSW,8.5
BT05240720X,INSA,2024-07-20,1207,15.07.–19.07.,CDUCSU,30
BT05240720X,INSA,2024-07-20,1207,15.07.–19.07.,SPD,15
BT05240720X,INSA,2024-07-20,1207,15.07.–19.07.,Gruene,11
BT05240720X,INSA,2024-07-20,1207,15.07.–19.07.,FDP,5
BT05240720X,INSA,2024-07-20,1207,15.07.–19.07.,Linke,3
BT05240720X,INSA,2024-07-20,1207,15.07.–19.07.,AfD,17
BT05240720X,INSA,2024-07-20,1207,15.07.–19.07.,BSW,9
BT05240722Y,INSA,2024-07-22,2010,19.07.–22.07.,CDUCSU,31
BT05240722Y,INSA,2024-07-22,2010,19.07.–22.07.,SPD,15
BT05240722Y,INSA,2024-07-22,2010,19.07.–22.07.,Gruene,10.5
BT05240722Y,INSA,2024-07-22,2010,19.07.–22.07.,FDP,5
BT05240722Y,INSA,2024-07-22,2010,19.07.–22.07.,Linke,3.5
BT05240722Y,INSA,2024-07-22,2010,19.07.–22.07.,AfD,17
BT05240722Y,INSA,2024-07-22,2010,19.07.–22.07.,BSW,9
BT02240723L,Forsa,2024-07-23,2504,16.07.–22.07.,CDUCSU,31
BT02240723L,Forsa,2024-07-23,2504,16.07.–22.07.,SPD,14
BT02240723L,Forsa,2024-07-23,2504,16.07.–22.07.,Gruene,11
BT02240723L,Forsa,2024-07-23,2504,16.07.–22.07.,FDP,5
BT02240723L,Forsa,2024-07-23,2504,16.07.–22.07.,Linke,4
BT02240723L,Forsa,2024-07-23,2504,16.07.–22.07.,AfD,17
BT02240723L,Forsa,2024-07-23,2504,16.07.–22.07.,BSW,7
BT09240725B,Allensbach,2024-07-25,1003,05.07.–19.07.,CDUCSU,32
BT09240725B,Allensbach,2024-07-25,1003,05.07.–19.07.,SPD,16.5
BT09240725B,Allensbach,2024-07-25,1003,05.07.–19.07.,Gruene,11.5
BT09240725B,Allensbach,2024-07-25,1003,05.07.–19.07.,FDP,6
BT09240725B,Allensbach,2024-07-25,1003,05.07.–19.07.,Linke,NA
BT09240725B,Allensbach,2024-07-25,1003,05.07.–19.07.,AfD,17
BT09240725B,Allensbach,2024-07-25,1003,05.07.–19.07.,BSW,8
BT05240727A,INSA,2024-07-27,1203,22.07.–26.07.,CDUCSU,30
BT05240727A,INSA,2024-07-27,1203,22.07.–26.07.,SPD,15
BT05240727A,INSA,2024-07-27,1203,22.07.–26.07.,Gruene,11
BT05240727A,INSA,2024-07-27,1203,22.07.–26.07.,FDP,5
BT05240727A,INSA,2024-07-27,1203,22.07.–26.07.,Linke,3
BT05240727A,INSA,2024-07-27,1203,22.07.–26.07.,AfD,18
BT05240727A,INSA,2024-07-27,1203,22.07.–26.07.,BSW,10
BT05240729B,INSA,2024-07-29,2006,26.07.–29.07.,CDUCSU,30
BT05240729B,INSA,2024-07-29,2006,26.07.–29.07.,SPD,15
BT05240729B,INSA,2024-07-29,2006,26.07.–29.07.,Gruene,10
BT05240729B,INSA,2024-07-29,2006,26.07.–29.07.,FDP,5
BT05240729B,INSA,2024-07-29,2006,26.07.–29.07.,Linke,3.5
BT05240729B,INSA,2024-07-29,2006,26.07.–29.07.,AfD,18
BT05240729B,INSA,2024-07-29,2006,26.07.–29.07.,BSW,9.5
BT02240730M,Forsa,2024-07-30,2501,23.07.–29.07.,CDUCSU,30
BT02240730M,Forsa,2024-07-30,2501,23.07.–29.07.,SPD,15
BT02240730M,Forsa,2024-07-30,2501,23.07.–29.07.,Gruene,11
BT02240730M,Forsa,2024-07-30,2501,23.07.–29.07.,FDP,4
BT02240730M,Forsa,2024-07-30,2501,23.07.–29.07.,Linke,3
BT02240730M,Forsa,2024-07-30,2501,23.07.–29.07.,AfD,17
BT02240730M,Forsa,2024-07-30,2501,23.07.–29.07.,BSW,7
BT05240803C,INSA,2024-08-03,1199,29.07.–02.08.,CDUCSU,31
BT05240803C,INSA,2024-08-03,1199,29.07.–02.08.,SPD,15
BT05240803C,INSA,2024-08-03,1199,29.07.–02.08.,Gruene,10
BT05240803C,INSA,2024-08-03,1199,29.07.–02.08.,FDP,5
BT05240803C,INSA,2024-08-03,1199,29.07.–02.08.,Linke,3
BT05240803C,INSA,2024-08-03,1199,29.07.–02.08.,AfD,18
BT05240803C,INSA,2024-08-03,1199,29.07.–02.08.,BSW,9
BT02240806N,Forsa,2024-08-06,2500,30.07.–05.08.,CDUCSU,30
BT02240806N,Forsa,2024-08-06,2500,30.07.–05.08.,SPD,15
BT02240806N,Forsa,2024-08-06,2500,30.07.–05.08.,Gruene,11
BT02240806N,Forsa,2024-08-06,2500,30.07.–05.08.,FDP,5
BT02240806N,Forsa,2024-08-06,2500,30.07.–05.08.,Linke,3
BT02240806N,Forsa,2024-08-06,2500,30.07.–05.08.,AfD,17
BT02240806N,Forsa,2024-08-06,2500,30.07.–05.08.,BSW,7
BT05240806D,INSA,2024-08-06,2002,02.08.–05.08.,CDUCSU,30.5
BT05240806D,INSA,2024-08-06,2002,02.08.–05.08.,SPD,15
BT05240806D,INSA,2024-08-06,2002,02.08.–05.08.,Gruene,10.5
BT05240806D,INSA,2024-08-06,2002,02.08.–05.08.,FDP,5
BT05240806D,INSA,2024-08-06,2002,02.08.–05.08.,Linke,3
BT05240806D,INSA,2024-08-06,2002,02.08.–05.08.,AfD,17
BT05240806D,INSA,2024-08-06,2002,02.08.–05.08.,BSW,9.5
BT01240808H,Infratest dimap,2024-08-08,1311,05.08.–07.08.,CDUCSU,32
BT01240808H,Infratest dimap,2024-08-08,1311,05.08.–07.08.,SPD,15
BT01240808H,Infratest dimap,2024-08-08,1311,05.08.–07.08.,Gruene,12
BT01240808H,Infratest dimap,2024-08-08,1311,05.08.–07.08.,FDP,5
BT01240808H,Infratest dimap,2024-08-08,1311,05.08.–07.08.,Linke,NA
BT01240808H,Infratest dimap,2024-08-08,1311,05.08.–07.08.,AfD,16
BT01240808H,Infratest dimap,2024-08-08,1311,05.08.–07.08.,BSW,9
BT03240809X,Verian,2024-08-09,1449,31.07.–06.08.,CDUCSU,31
BT03240809X,Verian,2024-08-09,1449,31.07.–06.08.,SPD,16
BT03240809X,Verian,2024-08-09,1449,31.07.–06.08.,Gruene,13
BT03240809X,Verian,2024-08-09,1449,31.07.–06.08.,FDP,5
BT03240809X,Verian,2024-08-09,1449,31.07.–06.08.,Linke,3
BT03240809X,Verian,2024-08-09,1449,31.07.–06.08.,AfD,16
BT03240809X,Verian,2024-08-09,1449,31.07.–06.08.,BSW,7
BT05240810E,INSA,2024-08-10,1203,05.08.–09.08.,CDUCSU,31
BT05240810E,INSA,2024-08-10,1203,05.08.–09.08.,SPD,16
BT05240810E,INSA,2024-08-10,1203,05.08.–09.08.,Gruene,10
BT05240810E,INSA,2024-08-10,1203,05.08.–09.08.,FDP,5
BT05240810E,INSA,2024-08-10,1203,05.08.–09.08.,Linke,3
BT05240810E,INSA,2024-08-10,1203,05.08.–09.08.,AfD,18
BT05240810E,INSA,2024-08-10,1203,05.08.–09.08.,BSW,9
BT02240813O,Forsa,2024-08-13,2502,06.08.–12.08.,CDUCSU,30
BT02240813O,Forsa,2024-08-13,2502,06.08.–12.08.,SPD,15
BT02240813O,Forsa,2024-08-13,2502,06.08.–12.08.,Gruene,11
BT02240813O,Forsa,2024-08-13,2502,06.08.–12.08.,FDP,5
BT02240813O,Forsa,2024-08-13,2502,06.08.–12.08.,Linke,3
BT02240813O,Forsa,2024-08-13,2502,06.08.–12.08.,AfD,17
BT02240813O,Forsa,2024-08-13,2502,06.08.–12.08.,BSW,7
BT04240813U,GMS,2024-08-13,1006,06.08.–12.08.,CDUCSU,32
BT04240813U,GMS,2024-08-13,1006,06.08.–12.08.,SPD,14
BT04240813U,GMS,2024-08-13,1006,06.08.–12.08.,Gruene,12
BT04240813U,GMS,2024-08-13,1006,06.08.–12.08.,FDP,5
BT04240813U,GMS,2024-08-13,1006,06.08.–12.08.,Linke,3
BT04240813U,GMS,2024-08-13,1006,06.08.–12.08.,AfD,17
BT04240813U,GMS,2024-08-13,1006,06.08.–12.08.,BSW,8
BT05240813F,INSA,2024-08-13,2008,09.08.–12.08.,CDUCSU,30.5
BT05240813F,INSA,2024-08-13,2008,09.08.–12.08.,SPD,15
BT05240813F,INSA,2024-08-13,2008,09.08.–12.08.,Gruene,10.5
BT05240813F,INSA,2024-08-13,2008,09.08.–12.08.,FDP,5
BT05240813F,INSA,2024-08-13,2008,09.08.–12.08.,Linke,3
BT05240813F,INSA,2024-08-13,2008,09.08.–12.08.,AfD,18
BT05240813F,INSA,2024-08-13,2008,09.08.–12.08.,BSW,9.5
BT06240815S,Forschungsgruppe Wahlen,2024-08-15,1334,12.08.–14.08.,CDUCSU,32
BT06240815S,Forschungsgruppe Wahlen,2024-08-15,1334,12.08.–14.08.,SPD,14
BT06240815S,Forschungsgruppe Wahlen,2024-08-15,1334,12.08.–14.08.,Gruene,13
BT06240815S,Forschungsgruppe Wahlen,2024-08-15,1334,12.08.–14.08.,FDP,4
BT06240815S,Forschungsgruppe Wahlen,2024-08-15,1334,12.08.–14.08.,Linke,3
BT06240815S,Forschungsgruppe Wahlen,2024-08-15,1334,12.08.–14.08.,AfD,16
BT06240815S,Forschungsgruppe Wahlen,2024-08-15,1334,12.08.–14.08.,BSW,8
BT13240816T,YouGov,2024-08-16,1998,09.08.–13.08.,CDUCSU,31
BT13240816T,YouGov,2024-08-16,1998,09.08.–13.08.,SPD,15
BT13240816T,YouGov,2024-08-16,1998,09.08.–13.08.,Gruene,12
BT13240816T,YouGov,2024-08-16,1998,09.08.–13.08.,FDP,5
BT13240816T,YouGov,2024-08-16,1998,09.08.–13.08.,Linke,3
BT13240816T,YouGov,2024-08-16,1998,09.08.–13.08.,AfD,19
BT13240816T,YouGov,2024-08-16,1998,09.08.–13.08.,BSW,8
BT05240817G,INSA,2024-08-17,1203,12.08.–16.08.,CDUCSU,30
BT05240817G,INSA,2024-08-17,1203,12.08.–16.08.,SPD,16
BT05240817G,INSA,2024-08-17,1203,12.08.–16.08.,Gruene,11
BT05240817G,INSA,2024-08-17,1203,12.08.–16.08.,FDP,5
BT05240817G,INSA,2024-08-17,1203,12.08.–16.08.,Linke,3
BT05240817G,INSA,2024-08-17,1203,12.08.–16.08.,AfD,19
BT05240817G,INSA,2024-08-17,1203,12.08.–16.08.,BSW,9
BT02240820P,Forsa,2024-08-20,2503,13.08.–19.08.,CDUCSU,31
BT02240820P,Forsa,2024-08-20,2503,13.08.–19.08.,SPD,15
BT02240820P,Forsa,2024-08-20,2503,13.08.–19.08.,Gruene,11
BT02240820P,Forsa,2024-08-20,2503,13.08.–19.08.,FDP,5
BT02240820P,Forsa,2024-08-20,2503,13.08.–19.08.,Linke,3
BT02240820P,Forsa,2024-08-20,2503,13.08.–19.08.,AfD,17
BT02240820P,Forsa,2024-08-20,2503,13.08.–19.08.,BSW,7
BT05240820H,INSA,2024-08-20,2006,16.08.–19.08.,CDUCSU,30.5
BT05240820H,INSA,2024-08-20,2006,16.08.–19.08.,SPD,15.5
BT05240820H,INSA,2024-08-20,2006,16.08.–19.08.,Gruene,10.5
BT05240820H,INSA,2024-08-20,2006,16.08.–19.08.,FDP,5
BT05240820H,INSA,2024-08-20,2006,16.08.–19.08.,Linke,3
BT05240820H,INSA,2024-08-20,2006,16.08.–19.08.,AfD,19
BT05240820H,INSA,2024-08-20,2006,16.08.–19.08.,BSW,9.5
BT09240822C,Allensbach,2024-08-22,1051,03.08.–15.08.,CDUCSU,34
BT09240822C,Allensbach,2024-08-22,1051,03.08.–15.08.,SPD,16
BT09240822C,Allensbach,2024-08-22,1051,03.08.–15.08.,Gruene,11.5
BT09240822C,Allensbach,2024-08-22,1051,03.08.–15.08.,FDP,5
BT09240822C,Allensbach,2024-08-22,1051,03.08.–15.08.,Linke,3
BT09240822C,Allensbach,2024-08-22,1051,03.08.–15.08.,AfD,16
BT09240822C,Allensbach,2024-08-22,1051,03.08.–15.08.,BSW,7
BT05240824I,INSA,2024-08-24,1202,19.08.–23.08.,CDUCSU,31
BT05240824I,INSA,2024-08-24,1202,19.08.–23.08.,SPD,16
BT05240824I,INSA,2024-08-24,1202,19.08.–23.08.,Gruene,11
BT05240824I,INSA,2024-08-24,1202,19.08.–23.08.,FDP,5
BT05240824I,INSA,2024-08-24,1202,19.08.–23.08.,Linke,3
BT05240824I,INSA,2024-08-24,1202,19.08.–23.08.,AfD,18
BT05240824I,INSA,2024-08-24,1202,19.08.–23.08.,BSW,9
BT05240826J,INSA,2024-08-26,2004,23.08.–26.08.,CDUCSU,31.5
BT05240826J,INSA,2024-08-26,2004,23.08.–26.08.,SPD,15
BT05240826J,INSA,2024-08-26,2004,23.08.–26.08.,Gruene,11.5
BT05240826J,INSA,2024-08-26,2004,23.08.–26.08.,FDP,5.5
BT05240826J,INSA,2024-08-26,2004,23.08.–26.08.,Linke,3
BT05240826J,INSA,2024-08-26,2004,23.08.–26.08.,AfD,18.5
BT05240826J,INSA,2024-08-26,2004,23.08.–26.08.,BSW,9
BT02240827Q,Forsa,2024-08-27,2501,20.08.–26.08.,CDUCSU,31
BT02240827Q,Forsa,2024-08-27,2501,20.08.–26.08.,SPD,15
BT02240827Q,Forsa,2024-08-27,2501,20.08.–26.08.,Gruene,11
BT02240827Q,Forsa,2024-08-27,2501,20.08.–26.08.,FDP,5
BT02240827Q,Forsa,2024-08-27,2501,20.08.–26.08.,Linke,3
BT02240827Q,Forsa,2024-08-27,2501,20.08.–26.08.,AfD,17
BT02240827Q,Forsa,2024-08-27,2501,20.08.–26.08.,BSW,7
BT05240831K,INSA,2024-08-31,1202,26.08.–30.08.,CDUCSU,31
BT05240831K,INSA,2024-08-31,1202,26.08.–30.08.,SPD,16
BT05240831K,INSA,2024-08-31,1202,26.08.–30.08.,Gruene,11
BT05240831K,INSA,2024-08-31,1202,26.08.–30.08.,FDP,4
BT05240831K,INSA,2024-08-31,1202,26.08.–30.08.,Linke,3
BT05240831K,INSA,2024-08-31,1202,26.08.–30.08.,AfD,19
BT05240831K,INSA,2024-08-31,1202,26.08.–30.08.,BSW,9
BT05240902L,INSA,2024-09-02,2002,30.08.–02.09.,CDUCSU,31.5
BT05240902L,INSA,2024-09-02,2002,30.08.–02.09.,SPD,15
BT05240902L,INSA,2024-09-02,2002,30.08.–02.09.,Gruene,10.5
BT05240902L,INSA,2024-09-02,2002,30.08.–02.09.,FDP,4.5
BT05240902L,INSA,2024-09-02,2002,30.08.–02.09.,Linke,2.5
BT05240902L,INSA,2024-09-02,2002,30.08.–02.09.,AfD,19
BT05240902L,INSA,2024-09-02,2002,30.08.–02.09.,BSW,9.5
BT02240903R,Forsa,2024-09-03,2508,27.08.–02.09.,CDUCSU,32
BT02240903R,Forsa,2024-09-03,2508,27.08.–02.09.,SPD,14
BT02240903R,Forsa,2024-09-03,2508,27.08.–02.09.,Gruene,11
BT02240903R,Forsa,2024-09-03,2508,27.08.–02.09.,FDP,5
BT02240903R,Forsa,2024-09-03,2508,27.08.–02.09.,Linke,3
BT02240903R,Forsa,2024-09-03,2508,27.08.–02.09.,AfD,17
BT02240903R,Forsa,2024-09-03,2508,27.08.–02.09.,BSW,7
BT01240905I,Infratest dimap,2024-09-05,1309,03.09.–04.09.,CDUCSU,33
BT01240905I,Infratest dimap,2024-09-05,1309,03.09.–04.09.,SPD,15
BT01240905I,Infratest dimap,2024-09-05,1309,03.09.–04.09.,Gruene,11
BT01240905I,Infratest dimap,2024-09-05,1309,03.09.–04.09.,FDP,4
BT01240905I,Infratest dimap,2024-09-05,1309,03.09.–04.09.,Linke,3
BT01240905I,Infratest dimap,2024-09-05,1309,03.09.–04.09.,AfD,17
BT01240905I,Infratest dimap,2024-09-05,1309,03.09.–04.09.,BSW,8
BT03240906Y,Verian,2024-09-06,1427,28.08.–03.09.,CDUCSU,31
BT03240906Y,Verian,2024-09-06,1427,28.08.–03.09.,SPD,15
BT03240906Y,Verian,2024-09-06,1427,28.08.–03.09.,Gruene,12
BT03240906Y,Verian,2024-09-06,1427,28.08.–03.09.,FDP,4
BT03240906Y,Verian,2024-09-06,1427,28.08.–03.09.,Linke,3
BT03240906Y,Verian,2024-09-06,1427,28.08.–03.09.,AfD,17
BT03240906Y,Verian,2024-09-06,1427,28.08.–03.09.,BSW,8
BT06240906T,Forschungsgruppe Wahlen,2024-09-06,1328,03.09.–05.09.,CDUCSU,33
BT06240906T,Forschungsgruppe Wahlen,2024-09-06,1328,03.09.–05.09.,SPD,15
BT06240906T,Forschungsgruppe Wahlen,2024-09-06,1328,03.09.–05.09.,Gruene,11
BT06240906T,Forschungsgruppe Wahlen,2024-09-06,1328,03.09.–05.09.,FDP,4
BT06240906T,Forschungsgruppe Wahlen,2024-09-06,1328,03.09.–05.09.,Linke,4
BT06240906T,Forschungsgruppe Wahlen,2024-09-06,1328,03.09.–05.09.,AfD,17
BT06240906T,Forschungsgruppe Wahlen,2024-09-06,1328,03.09.–05.09.,BSW,7
BT05240907M,INSA,2024-09-07,1202,02.09.–06.09.,CDUCSU,31
BT05240907M,INSA,2024-09-07,1202,02.09.–06.09.,SPD,15
BT05240907M,INSA,2024-09-07,1202,02.09.–06.09.,Gruene,10
BT05240907M,INSA,2024-09-07,1202,02.09.–06.09.,FDP,4
BT05240907M,INSA,2024-09-07,1202,02.09.–06.09.,Linke,3
BT05240907M,INSA,2024-09-07,1202,02.09.–06.09.,AfD,19
BT05240907M,INSA,2024-09-07,1202,02.09.–06.09.,BSW,10
BT02240910S,Forsa,2024-09-10,2500,03.09.–09.09.,CDUCSU,33
BT02240910S,Forsa,2024-09-10,2500,03.09.–09.09.,SPD,14
BT02240910S,Forsa,2024-09-10,2500,03.09.–09.09.,Gruene,11
BT02240910S,Forsa,2024-09-10,2500,03.09.–09.09.,FDP,3
BT02240910S,Forsa,2024-09-10,2500,03.09.–09.09.,Linke,3
BT02240910S,Forsa,2024-09-10,2500,03.09.–09.09.,AfD,17
BT02240910S,Forsa,2024-09-10,2500,03.09.–09.09.,BSW,7
BT05240910N,INSA,2024-09-10,2010,06.09.–09.09.,CDUCSU,32.5
BT05240910N,INSA,2024-09-10,2010,06.09.–09.09.,SPD,14
BT05240910N,INSA,2024-09-10,2010,06.09.–09.09.,Gruene,10
BT05240910N,INSA,2024-09-10,2010,06.09.–09.09.,FDP,4
BT05240910N,INSA,2024-09-10,2010,06.09.–09.09.,Linke,2.5
BT05240910N,INSA,2024-09-10,2010,06.09.–09.09.,AfD,19.5
BT05240910N,INSA,2024-09-10,2010,06.09.–09.09.,BSW,10
BT13240913U,YouGov,2024-09-13,1752,06.09.–10.09.,CDUCSU,32
BT13240913U,YouGov,2024-09-13,1752,06.09.–10.09.,SPD,14
BT13240913U,YouGov,2024-09-13,1752,06.09.–10.09.,Gruene,13
BT13240913U,YouGov,2024-09-13,1752,06.09.–10.09.,FDP,4
BT13240913U,YouGov,2024-09-13,1752,06.09.–10.09.,Linke,4
BT13240913U,YouGov,2024-09-13,1752,06.09.–10.09.,AfD,18
BT13240913U,YouGov,2024-09-13,1752,06.09.–10.09.,BSW,8
BT05240914O,INSA,2024-09-14,1206,09.09.–13.09.,CDUCSU,33
BT05240914O,INSA,2024-09-14,1206,09.09.–13.09.,SPD,14
BT05240914O,INSA,2024-09-14,1206,09.09.–13.09.,Gruene,10
BT05240914O,INSA,2024-09-14,1206,09.09.–13.09.,FDP,4
BT05240914O,INSA,2024-09-14,1206,09.09.–13.09.,Linke,3
BT05240914O,INSA,2024-09-14,1206,09.09.–13.09.,AfD,19
BT05240914O,INSA,2024-09-14,1206,09.09.–13.09.,BSW,10
BT05240916P,INSA,2024-09-16,2008,13.09.–16.09.,CDUCSU,33
BT05240916P,INSA,2024-09-16,2008,13.09.–16.09.,SPD,14
BT05240916P,INSA,2024-09-16,2008,13.09.–16.09.,Gruene,10
BT05240916P,INSA,2024-09-16,2008,13.09.–16.09.,FDP,4.5
BT05240916P,INSA,2024-09-16,2008,13.09.–16.09.,Linke,2.5
BT05240916P,INSA,2024-09-16,2008,13.09.–16.09.,AfD,19.5
BT05240916P,INSA,2024-09-16,2008,13.09.–16.09.,BSW,10
BT02240917T,Forsa,2024-09-17,2501,10.09.–16.09.,CDUCSU,31
BT02240917T,Forsa,2024-09-17,2501,10.09.–16.09.,SPD,15
BT02240917T,Forsa,2024-09-17,2501,10.09.–16.09.,Gruene,11
BT02240917T,Forsa,2024-09-17,2501,10.09.–16.09.,FDP,4
BT02240917T,Forsa,2024-09-17,2501,10.09.–16.09.,Linke,3
BT02240917T,Forsa,2024-09-17,2501,10.09.–16.09.,AfD,17
BT02240917T,Forsa,2024-09-17,2501,10.09.–16.09.,BSW,6
BT04240917V,GMS,2024-09-17,1006,11.09.–16.09.,CDUCSU,34
BT04240917V,GMS,2024-09-17,1006,11.09.–16.09.,SPD,14
BT04240917V,GMS,2024-09-17,1006,11.09.–16.09.,Gruene,11
BT04240917V,GMS,2024-09-17,1006,11.09.–16.09.,FDP,4
BT04240917V,GMS,2024-09-17,1006,11.09.–16.09.,Linke,2
BT04240917V,GMS,2024-09-17,1006,11.09.–16.09.,AfD,18
BT04240917V,GMS,2024-09-17,1006,11.09.–16.09.,BSW,7
BT09240919D,Allensbach,2024-09-19,1017,29.08.–11.09.,CDUCSU,35.5
BT09240919D,Allensbach,2024-09-19,1017,29.08.–11.09.,SPD,16
BT09240919D,Allensbach,2024-09-19,1017,29.08.–11.09.,Gruene,10
BT09240919D,Allensbach,2024-09-19,1017,29.08.–11.09.,FDP,4
BT09240919D,Allensbach,2024-09-19,1017,29.08.–11.09.,Linke,NA
BT09240919D,Allensbach,2024-09-19,1017,29.08.–11.09.,AfD,17
BT09240919D,Allensbach,2024-09-19,1017,29.08.–11.09.,BSW,9
BT05240921Q,INSA,2024-09-21,1202,16.09.–19.09.,CDUCSU,32
BT05240921Q,INSA,2024-09-21,1202,16.09.–19.09.,SPD,15
BT05240921Q,INSA,2024-09-21,1202,16.09.–19.09.,Gruene,10
BT05240921Q,INSA,2024-09-21,1202,16.09.–19.09.,FDP,4
BT05240921Q,INSA,2024-09-21,1202,16.09.–19.09.,Linke,2
BT05240921Q,INSA,2024-09-21,1202,16.09.–19.09.,AfD,20
BT05240921Q,INSA,2024-09-21,1202,16.09.–19.09.,BSW,10
BT05240923R,INSA,2024-09-23,2002,20.09.–23.09.,CDUCSU,32
BT05240923R,INSA,2024-09-23,2002,20.09.–23.09.,SPD,15.5
BT05240923R,INSA,2024-09-23,2002,20.09.–23.09.,Gruene,9.5
BT05240923R,INSA,2024-09-23,2002,20.09.–23.09.,FDP,3.5
BT05240923R,INSA,2024-09-23,2002,20.09.–23.09.,Linke,2.5
BT05240923R,INSA,2024-09-23,2002,20.09.–23.09.,AfD,20
BT05240923R,INSA,2024-09-23,2002,20.09.–23.09.,BSW,10
BT02240924U,Forsa,2024-09-24,2500,17.09.–23.09.,CDUCSU,32
BT02240924U,Forsa,2024-09-24,2500,17.09.–23.09.,SPD,15
BT02240924U,Forsa,2024-09-24,2500,17.09.–23.09.,Gruene,11
BT02240924U,Forsa,2024-09-24,2500,17.09.–23.09.,FDP,4
BT02240924U,Forsa,2024-09-24,2500,17.09.–23.09.,Linke,NA
BT02240924U,Forsa,2024-09-24,2500,17.09.–23.09.,AfD,17
BT02240924U,Forsa,2024-09-24,2500,17.09.–23.09.,BSW,7
BT06240927U,Forschungsgruppe Wahlen,2024-09-27,1348,24.09.–26.09.,CDUCSU,31
BT06240927U,Forschungsgruppe Wahlen,2024-09-27,1348,24.09.–26.09.,SPD,16
BT06240927U,Forschungsgruppe Wahlen,2024-09-27,1348,24.09.–26.09.,Gruene,12
BT06240927U,Forschungsgruppe Wahlen,2024-09-27,1348,24.09.–26.09.,FDP,4
BT06240927U,Forschungsgruppe Wahlen,2024-09-27,1348,24.09.–26.09.,Linke,4
BT06240927U,Forschungsgruppe Wahlen,2024-09-27,1348,24.09.–26.09.,AfD,17
BT06240927U,Forschungsgruppe Wahlen,2024-09-27,1348,24.09.–26.09.,BSW,8
BT05240928S,INSA,2024-09-28,1203,23.09.–27.09.,CDUCSU,32
BT05240928S,INSA,2024-09-28,1203,23.09.–27.09.,SPD,15
BT05240928S,INSA,2024-09-28,1203,23.09.–27.09.,Gruene,11
BT05240928S,INSA,2024-09-28,1203,23.09.–27.09.,FDP,4
BT05240928S,INSA,2024-09-28,1203,23.09.–27.09.,Linke,3
BT05240928S,INSA,2024-09-28,1203,23.09.–27.09.,AfD,19
BT05240928S,INSA,2024-09-28,1203,23.09.–27.09.,BSW,10
BT05240930T,INSA,2024-09-30,2002,27.09.–30.09.,CDUCSU,31.5
BT05240930T,INSA,2024-09-30,2002,27.09.–30.09.,SPD,15
BT05240930T,INSA,2024-09-30,2002,27.09.–30.09.,Gruene,11
BT05240930T,INSA,2024-09-30,2002,27.09.–30.09.,FDP,4
BT05240930T,INSA,2024-09-30,2002,27.09.–30.09.,Linke,2.5
BT05240930T,INSA,2024-09-30,2002,27.09.–30.09.,AfD,19
BT05240930T,INSA,2024-09-30,2002,27.09.–30.09.,BSW,9.5
BT02241001V,Forsa,2024-10-01,2501,24.09.–30.09.,CDUCSU,31
BT02241001V,Forsa,2024-10-01,2501,24.09.–30.09.,SPD,17
BT02241001V,Forsa,2024-10-01,2501,24.09.–30.09.,Gruene,10
BT02241001V,Forsa,2024-10-01,2501,24.09.–30.09.,FDP,4
BT02241001V,Forsa,2024-10-01,2501,24.09.–30.09.,Linke,3
BT02241001V,Forsa,2024-10-01,2501,24.09.–30.09.,AfD,17
BT02241001V,Forsa,2024-10-01,2501,24.09.–30.09.,BSW,6
BT03241004A,Verian,2024-10-04,1452,25.09.–01.10.,CDUCSU,31
BT03241004A,Verian,2024-10-04,1452,25.09.–01.10.,SPD,16
BT03241004A,Verian,2024-10-04,1452,25.09.–01.10.,Gruene,11
BT03241004A,Verian,2024-10-04,1452,25.09.–01.10.,FDP,4
BT03241004A,Verian,2024-10-04,1452,25.09.–01.10.,Linke,3
BT03241004A,Verian,2024-10-04,1452,25.09.–01.10.,AfD,17
BT03241004A,Verian,2024-10-04,1452,25.09.–01.10.,BSW,7
BT05241005U,INSA,2024-10-05,1237,30.09.–04.10.,CDUCSU,31
BT05241005U,INSA,2024-10-05,1237,30.09.–04.10.,SPD,16
BT05241005U,INSA,2024-10-05,1237,30.09.–04.10.,Gruene,11
BT05241005U,INSA,2024-10-05,1237,30.09.–04.10.,FDP,4
BT05241005U,INSA,2024-10-05,1237,30.09.–04.10.,Linke,3
BT05241005U,INSA,2024-10-05,1237,30.09.–04.10.,AfD,20
BT05241005U,INSA,2024-10-05,1237,30.09.–04.10.,BSW,8
BT05241007V,INSA,2024-10-07,2010,04.10.–07.10.,CDUCSU,31.5
BT05241007V,INSA,2024-10-07,2010,04.10.–07.10.,SPD,16
BT05241007V,INSA,2024-10-07,2010,04.10.–07.10.,Gruene,10.5
BT05241007V,INSA,2024-10-07,2010,04.10.–07.10.,FDP,4
BT05241007V,INSA,2024-10-07,2010,04.10.–07.10.,Linke,2.5
BT05241007V,INSA,2024-10-07,2010,04.10.–07.10.,AfD,20
BT05241007V,INSA,2024-10-07,2010,04.10.–07.10.,BSW,8
BT02241008W,Forsa,2024-10-08,2001,01.10.–07.10.,CDUCSU,31
BT02241008W,Forsa,2024-10-08,2001,01.10.–07.10.,SPD,17
BT02241008W,Forsa,2024-10-08,2001,01.10.–07.10.,Gruene,11
BT02241008W,Forsa,2024-10-08,2001,01.10.–07.10.,FDP,3
BT02241008W,Forsa,2024-10-08,2001,01.10.–07.10.,Linke,3
BT02241008W,Forsa,2024-10-08,2001,01.10.–07.10.,AfD,17
BT02241008W,Forsa,2024-10-08,2001,01.10.–07.10.,BSW,6
BT01241010J,Infratest dimap,2024-10-10,1321,07.10.–09.10.,CDUCSU,31
BT01241010J,Infratest dimap,2024-10-10,1321,07.10.–09.10.,SPD,16
BT01241010J,Infratest dimap,2024-10-10,1321,07.10.–09.10.,Gruene,13
BT01241010J,Infratest dimap,2024-10-10,1321,07.10.–09.10.,FDP,3
BT01241010J,Infratest dimap,2024-10-10,1321,07.10.–09.10.,Linke,3
BT01241010J,Infratest dimap,2024-10-10,1321,07.10.–09.10.,AfD,17
BT01241010J,Infratest dimap,2024-10-10,1321,07.10.–09.10.,BSW,8
BT13241010V,YouGov,2024-10-10,1773,04.10.–08.10.,CDUCSU,32
BT13241010V,YouGov,2024-10-10,1773,04.10.–08.10.,SPD,16
BT13241010V,YouGov,2024-10-10,1773,04.10.–08.10.,Gruene,11
BT13241010V,YouGov,2024-10-10,1773,04.10.–08.10.,FDP,5
BT13241010V,YouGov,2024-10-10,1773,04.10.–08.10.,Linke,3
BT13241010V,YouGov,2024-10-10,1773,04.10.–08.10.,AfD,18
BT13241010V,YouGov,2024-10-10,1773,04.10.–08.10.,BSW,8
BT05241012W,INSA,2024-10-12,1202,07.10.–11.10.,CDUCSU,31
BT05241012W,INSA,2024-10-12,1202,07.10.–11.10.,SPD,16
BT05241012W,INSA,2024-10-12,1202,07.10.–11.10.,Gruene,11
BT05241012W,INSA,2024-10-12,1202,07.10.–11.10.,FDP,4
BT05241012W,INSA,2024-10-12,1202,07.10.–11.10.,Linke,3
BT05241012W,INSA,2024-10-12,1202,07.10.–11.10.,AfD,19
BT05241012W,INSA,2024-10-12,1202,07.10.–11.10.,BSW,9
BT05241014X,INSA,2024-10-14,2002,11.10.–14.10.,CDUCSU,31.5
BT05241014X,INSA,2024-10-14,2002,11.10.–14.10.,SPD,16
BT05241014X,INSA,2024-10-14,2002,11.10.–14.10.,Gruene,10
BT05241014X,INSA,2024-10-14,2002,11.10.–14.10.,FDP,4
BT05241014X,INSA,2024-10-14,2002,11.10.–14.10.,Linke,3.5
BT05241014X,INSA,2024-10-14,2002,11.10.–14.10.,AfD,18.5
BT05241014X,INSA,2024-10-14,2002,11.10.–14.10.,BSW,9
BT02241015X,Forsa,2024-10-15,2501,08.10.–14.10.,CDUCSU,31
BT02241015X,Forsa,2024-10-15,2501,08.10.–14.10.,SPD,16
BT02241015X,Forsa,2024-10-15,2501,08.10.–14.10.,Gruene,10
BT02241015X,Forsa,2024-10-15,2501,08.10.–14.10.,FDP,4
BT02241015X,Forsa,2024-10-15,2501,08.10.–14.10.,Linke,3
BT02241015X,Forsa,2024-10-15,2501,08.10.–14.10.,AfD,17
BT02241015X,Forsa,2024-10-15,2501,08.10.–14.10.,BSW,7
BT09241018E,Allensbach,2024-10-18,1041,28.09.–11.10.,CDUCSU,36
BT09241018E,Allensbach,2024-10-18,1041,28.09.–11.10.,SPD,15
BT09241018E,Allensbach,2024-10-18,1041,28.09.–11.10.,Gruene,10.5
BT09241018E,Allensbach,2024-10-18,1041,28.09.–11.10.,FDP,4.5
BT09241018E,Allensbach,2024-10-18,1041,28.09.–11.10.,Linke,NA
BT09241018E,Allensbach,2024-10-18,1041,28.09.–11.10.,AfD,16
BT09241018E,Allensbach,2024-10-18,1041,28.09.–11.10.,BSW,9
BT06241018V,Forschungsgruppe Wahlen,2024-10-18,1249,15.10.–17.10.,CDUCSU,31
BT06241018V,Forschungsgruppe Wahlen,2024-10-18,1249,15.10.–17.10.,SPD,16
BT06241018V,Forschungsgruppe Wahlen,2024-10-18,1249,15.10.–17.10.,Gruene,11
BT06241018V,Forschungsgruppe Wahlen,2024-10-18,1249,15.10.–17.10.,FDP,3
BT06241018V,Forschungsgruppe Wahlen,2024-10-18,1249,15.10.–17.10.,Linke,4
BT06241018V,Forschungsgruppe Wahlen,2024-10-18,1249,15.10.–17.10.,AfD,18
BT06241018V,Forschungsgruppe Wahlen,2024-10-18,1249,15.10.–17.10.,BSW,8
BT05241019Y,INSA,2024-10-19,1201,14.10.–18.10.,CDUCSU,31
BT05241019Y,INSA,2024-10-19,1201,14.10.–18.10.,SPD,16
BT05241019Y,INSA,2024-10-19,1201,14.10.–18.10.,Gruene,10
BT05241019Y,INSA,2024-10-19,1201,14.10.–18.10.,FDP,4
BT05241019Y,INSA,2024-10-19,1201,14.10.–18.10.,Linke,3
BT05241019Y,INSA,2024-10-19,1201,14.10.–18.10.,AfD,19
BT05241019Y,INSA,2024-10-19,1201,14.10.–18.10.,BSW,9
BT05241021A,INSA,2024-10-21,2006,18.10.–21.10.,CDUCSU,30.5
BT05241021A,INSA,2024-10-21,2006,18.10.–21.10.,SPD,16.5
BT05241021A,INSA,2024-10-21,2006,18.10.–21.10.,Gruene,10
BT05241021A,INSA,2024-10-21,2006,18.10.–21.10.,FDP,4
BT05241021A,INSA,2024-10-21,2006,18.10.–21.10.,Linke,2.5
BT05241021A,INSA,2024-10-21,2006,18.10.–21.10.,AfD,19
BT05241021A,INSA,2024-10-21,2006,18.10.–21.10.,BSW,9
BT02241022Y,Forsa,2024-10-22,2500,15.10.–21.10.,CDUCSU,31
BT02241022Y,Forsa,2024-10-22,2500,15.10.–21.10.,SPD,16
BT02241022Y,Forsa,2024-10-22,2500,15.10.–21.10.,Gruene,11
BT02241022Y,Forsa,2024-10-22,2500,15.10.–21.10.,FDP,3
BT02241022Y,Forsa,2024-10-22,2500,15.10.–21.10.,Linke,3
BT02241022Y,Forsa,2024-10-22,2500,15.10.–21.10.,AfD,17
BT02241022Y,Forsa,2024-10-22,2500,15.10.–21.10.,BSW,7
BT05241026B,INSA,2024-10-26,1204,21.10.–25.10.,CDUCSU,30
BT05241026B,INSA,2024-10-26,1204,21.10.–25.10.,SPD,15
BT05241026B,INSA,2024-10-26,1204,21.10.–25.10.,Gruene,11
BT05241026B,INSA,2024-10-26,1204,21.10.–25.10.,FDP,4
BT05241026B,INSA,2024-10-26,1204,21.10.–25.10.,Linke,3
BT05241026B,INSA,2024-10-26,1204,21.10.–25.10.,AfD,19
BT05241026B,INSA,2024-10-26,1204,21.10.–25.10.,BSW,9
BT05241028C,INSA,2024-10-28,2008,25.10.–28.10.,CDUCSU,31
BT05241028C,INSA,2024-10-28,2008,25.10.–28.10.,SPD,15
BT05241028C,INSA,2024-10-28,2008,25.10.–28.10.,Gruene,11
BT05241028C,INSA,2024-10-28,2008,25.10.–28.10.,FDP,4
BT05241028C,INSA,2024-10-28,2008,25.10.–28.10.,Linke,2.5
BT05241028C,INSA,2024-10-28,2008,25.10.–28.10.,AfD,19
BT05241028C,INSA,2024-10-28,2008,25.10.–28.10.,BSW,9
BT02241029A,Forsa,2024-10-29,2503,22.10.–28.10.,CDUCSU,32
BT02241029A,Forsa,2024-10-29,2503,22.10.–28.10.,SPD,16
BT02241029A,Forsa,2024-10-29,2503,22.10.–28.10.,Gruene,9
BT02241029A,Forsa,2024-10-29,2503,22.10.–28.10.,FDP,4
BT02241029A,Forsa,2024-10-29,2503,22.10.–28.10.,Linke,3
BT02241029A,Forsa,2024-10-29,2503,22.10.–28.10.,AfD,17
BT02241029A,Forsa,2024-10-29,2503,22.10.–28.10.,BSW,7
BT01241031K,Infratest dimap,2024-10-31,1333,28.10.–30.10.,CDUCSU,34
BT01241031K,Infratest dimap,2024-10-31,1333,28.10.–30.10.,SPD,16
BT01241031K,Infratest dimap,2024-10-31,1333,28.10.–30.10.,Gruene,11
BT01241031K,Infratest dimap,2024-10-31,1333,28.10.–30.10.,FDP,4
BT01241031K,Infratest dimap,2024-10-31,1333,28.10.–30.10.,Linke,NA
BT01241031K,Infratest dimap,2024-10-31,1333,28.10.–30.10.,AfD,17
BT01241031K,Infratest dimap,2024-10-31,1333,28.10.–30.10.,BSW,6
BT03241101B,Verian,2024-11-01,1443,23.10.–29.10.,CDUCSU,32
BT03241101B,Verian,2024-11-01,1443,23.10.–29.10.,SPD,16
BT03241101B,Verian,2024-11-01,1443,23.10.–29.10.,Gruene,11
BT03241101B,Verian,2024-11-01,1443,23.10.–29.10.,FDP,3
BT03241101B,Verian,2024-11-01,1443,23.10.–29.10.,Linke,3
BT03241101B,Verian,2024-11-01,1443,23.10.–29.10.,AfD,17
BT03241101B,Verian,2024-11-01,1443,23.10.–29.10.,BSW,8
BT05241102D,INSA,2024-11-02,1202,28.10.–01.11.,CDUCSU,32
BT05241102D,INSA,2024-11-02,1202,28.10.–01.11.,SPD,16
BT05241102D,INSA,2024-11-02,1202,28.10.–01.11.,Gruene,10
BT05241102D,INSA,2024-11-02,1202,28.10.–01.11.,FDP,4
BT05241102D,INSA,2024-11-02,1202,28.10.–01.11.,Linke,4
BT05241102D,INSA,2024-11-02,1202,28.10.–01.11.,AfD,18
BT05241102D,INSA,2024-11-02,1202,28.10.–01.11.,BSW,8
BT02241105B,Forsa,2024-11-05,2500,29.10.–04.11.,CDUCSU,33
BT02241105B,Forsa,2024-11-05,2500,29.10.–04.11.,SPD,16
BT02241105B,Forsa,2024-11-05,2500,29.10.–04.11.,Gruene,10
BT02241105B,Forsa,2024-11-05,2500,29.10.–04.11.,FDP,3
BT02241105B,Forsa,2024-11-05,2500,29.10.–04.11.,Linke,3
BT02241105B,Forsa,2024-11-05,2500,29.10.–04.11.,AfD,16
BT02241105B,Forsa,2024-11-05,2500,29.10.–04.11.,BSW,6
BT05241105E,INSA,2024-11-05,2005,01.11.–04.11.,CDUCSU,32
BT05241105E,INSA,2024-11-05,2005,01.11.–04.11.,SPD,15.5
BT05241105E,INSA,2024-11-05,2005,01.11.–04.11.,Gruene,10.5
BT05241105E,INSA,2024-11-05,2005,01.11.–04.11.,FDP,4.5
BT05241105E,INSA,2024-11-05,2005,01.11.–04.11.,Linke,3.5
BT05241105E,INSA,2024-11-05,2005,01.11.–04.11.,AfD,18
BT05241105E,INSA,2024-11-05,2005,01.11.–04.11.,BSW,8
BT02241107C,Forsa,2024-11-07,1181,07.11.–07.11.,CDUCSU,32
BT02241107C,Forsa,2024-11-07,1181,07.11.–07.11.,SPD,17
BT02241107C,Forsa,2024-11-07,1181,07.11.–07.11.,Gruene,11
BT02241107C,Forsa,2024-11-07,1181,07.11.–07.11.,FDP,3
BT02241107C,Forsa,2024-11-07,1181,07.11.–07.11.,Linke,3
BT02241107C,Forsa,2024-11-07,1181,07.11.–07.11.,AfD,17
BT02241107C,Forsa,2024-11-07,1181,07.11.–07.11.,BSW,6
BT01241107L,Infratest dimap,2024-11-07,1065,07.11.–07.11.,CDUCSU,34
BT01241107L,Infratest dimap,2024-11-07,1065,07.11.–07.11.,SPD,16
BT01241107L,Infratest dimap,2024-11-07,1065,07.11.–07.11.,Gruene,12
BT01241107L,Infratest dimap,2024-11-07,1065,07.11.–07.11.,FDP,5
BT01241107L,Infratest dimap,2024-11-07,1065,07.11.–07.11.,Linke,NA
BT01241107L,Infratest dimap,2024-11-07,1065,07.11.–07.11.,AfD,18
BT01241107L,Infratest dimap,2024-11-07,1065,07.11.–07.11.,BSW,6
BT06241108W,Forschungsgruppe Wahlen,2024-11-08,1231,05.11.–07.11.,CDUCSU,33
BT06241108W,Forschungsgruppe Wahlen,2024-11-08,1231,05.11.–07.11.,SPD,16
BT06241108W,Forschungsgruppe Wahlen,2024-11-08,1231,05.11.–07.11.,Gruene,12
BT06241108W,Forschungsgruppe Wahlen,2024-11-08,1231,05.11.–07.11.,FDP,3
BT06241108W,Forschungsgruppe Wahlen,2024-11-08,1231,05.11.–07.11.,Linke,4
BT06241108W,Forschungsgruppe Wahlen,2024-11-08,1231,05.11.–07.11.,AfD,18
BT06241108W,Forschungsgruppe Wahlen,2024-11-08,1231,05.11.–07.11.,BSW,6
BT05241109F,INSA,2024-11-09,1065,07.11.–08.11.,CDUCSU,32
BT05241109F,INSA,2024-11-09,1065,07.11.–08.11.,SPD,15
BT05241109F,INSA,2024-11-09,1065,07.11.–08.11.,Gruene,10
BT05241109F,INSA,2024-11-09,1065,07.11.–08.11.,FDP,4
BT05241109F,INSA,2024-11-09,1065,07.11.–08.11.,Linke,4
BT05241109F,INSA,2024-11-09,1065,07.11.–08.11.,AfD,19
BT05241109F,INSA,2024-11-09,1065,07.11.–08.11.,BSW,7
BT05241111G,INSA,2024-11-11,3009,08.11.–11.11.,CDUCSU,32.5
BT05241111G,INSA,2024-11-11,3009,08.11.–11.11.,SPD,15.5
BT05241111G,INSA,2024-11-11,3009,08.11.–11.11.,Gruene,11.5
BT05241111G,INSA,2024-11-11,3009,08.11.–11.11.,FDP,5
BT05241111G,INSA,2024-11-11,3009,08.11.–11.11.,Linke,3.5
BT05241111G,INSA,2024-11-11,3009,08.11.–11.11.,AfD,19.5
BT05241111G,INSA,2024-11-11,3009,08.11.–11.11.,BSW,7
BT02241112D,Forsa,2024-11-12,2501,05.11.–11.11.,CDUCSU,33
BT02241112D,Forsa,2024-11-12,2501,05.11.–11.11.,SPD,16
BT02241112D,Forsa,2024-11-12,2501,05.11.–11.11.,Gruene,11
BT02241112D,Forsa,2024-11-12,2501,05.11.–11.11.,FDP,4
BT02241112D,Forsa,2024-11-12,2501,05.11.–11.11.,Linke,3
BT02241112D,Forsa,2024-11-12,2501,05.11.–11.11.,AfD,17
BT02241112D,Forsa,2024-11-12,2501,05.11.–11.11.,BSW,5
BT13241114W,YouGov,2024-11-14,1805,08.11.–12.11.,CDUCSU,33
BT13241114W,YouGov,2024-11-14,1805,08.11.–12.11.,SPD,15
BT13241114W,YouGov,2024-11-14,1805,08.11.–12.11.,Gruene,12
BT13241114W,YouGov,2024-11-14,1805,08.11.–12.11.,FDP,5
BT13241114W,YouGov,2024-11-14,1805,08.11.–12.11.,Linke,3
BT13241114W,YouGov,2024-11-14,1805,08.11.–12.11.,AfD,19
BT13241114W,YouGov,2024-11-14,1805,08.11.–12.11.,BSW,7
BT05241116H,INSA,2024-11-16,1204,11.11.–15.11.,CDUCSU,32
BT05241116H,INSA,2024-11-16,1204,11.11.–15.11.,SPD,16
BT05241116H,INSA,2024-11-16,1204,11.11.–15.11.,Gruene,10
BT05241116H,INSA,2024-11-16,1204,11.11.–15.11.,FDP,4
BT05241116H,INSA,2024-11-16,1204,11.11.–15.11.,Linke,4
BT05241116H,INSA,2024-11-16,1204,11.11.–15.11.,AfD,19
BT05241116H,INSA,2024-11-16,1204,11.11.–15.11.,BSW,8
BT05241118I,INSA,2024-11-18,2008,15.11.–18.11.,CDUCSU,32
BT05241118I,INSA,2024-11-18,2008,15.11.–18.11.,SPD,16
BT05241118I,INSA,2024-11-18,2008,15.11.–18.11.,Gruene,11
BT05241118I,INSA,2024-11-18,2008,15.11.–18.11.,FDP,4.5
BT05241118I,INSA,2024-11-18,2008,15.11.–18.11.,Linke,3.5
BT05241118I,INSA,2024-11-18,2008,15.11.–18.11.,AfD,19
BT05241118I,INSA,2024-11-18,2008,15.11.–18.11.,BSW,7.5
BT02241119E,Forsa,2024-11-19,2500,12.11.–18.11.,CDUCSU,33
BT02241119E,Forsa,2024-11-19,2500,12.11.–18.11.,SPD,15
BT02241119E,Forsa,2024-11-19,2500,12.11.–18.11.,Gruene,11
BT02241119E,Forsa,2024-11-19,2500,12.11.–18.11.,FDP,4
BT02241119E,Forsa,2024-11-19,2500,12.11.–18.11.,Linke,4
BT02241119E,Forsa,2024-11-19,2500,12.11.–18.11.,AfD,18
BT02241119E,Forsa,2024-11-19,2500,12.11.–18.11.,BSW,4
BT01241121M,Infratest dimap,2024-11-21,1318,18.11.–20.11.,CDUCSU,33
BT01241121M,Infratest dimap,2024-11-21,1318,18.11.–20.11.,SPD,14
BT01241121M,Infratest dimap,2024-11-21,1318,18.11.–20.11.,Gruene,14
BT01241121M,Infratest dimap,2024-11-21,1318,18.11.–20.11.,FDP,4
BT01241121M,Infratest dimap,2024-11-21,1318,18.11.–20.11.,Linke,3
BT01241121M,Infratest dimap,2024-11-21,1318,18.11.–20.11.,AfD,19
BT01241121M,Infratest dimap,2024-11-21,1318,18.11.–20.11.,BSW,6
BT09241122F,Allensbach,2024-11-22,1049,02.11.–14.11.,CDUCSU,37
BT09241122F,Allensbach,2024-11-22,1049,02.11.–14.11.,SPD,15
BT09241122F,Allensbach,2024-11-22,1049,02.11.–14.11.,Gruene,10
BT09241122F,Allensbach,2024-11-22,1049,02.11.–14.11.,FDP,4
BT09241122F,Allensbach,2024-11-22,1049,02.11.–14.11.,Linke,NA
BT09241122F,Allensbach,2024-11-22,1049,02.11.–14.11.,AfD,17
BT09241122F,Allensbach,2024-11-22,1049,02.11.–14.11.,BSW,7.5
BT06241122X,Forschungsgruppe Wahlen,2024-11-22,1399,19.11.–21.11.,CDUCSU,32
BT06241122X,Forschungsgruppe Wahlen,2024-11-22,1399,19.11.–21.11.,SPD,16
BT06241122X,Forschungsgruppe Wahlen,2024-11-22,1399,19.11.–21.11.,Gruene,12
BT06241122X,Forschungsgruppe Wahlen,2024-11-22,1399,19.11.–21.11.,FDP,3
BT06241122X,Forschungsgruppe Wahlen,2024-11-22,1399,19.11.–21.11.,Linke,4
BT06241122X,Forschungsgruppe Wahlen,2024-11-22,1399,19.11.–21.11.,AfD,18
BT06241122X,Forschungsgruppe Wahlen,2024-11-22,1399,19.11.–21.11.,BSW,5
BT05241123J,INSA,2024-11-23,1203,18.11.–21.11.,CDUCSU,32
BT05241123J,INSA,2024-11-23,1203,18.11.–21.11.,SPD,14
BT05241123J,INSA,2024-11-23,1203,18.11.–21.11.,Gruene,11
BT05241123J,INSA,2024-11-23,1203,18.11.–21.11.,FDP,5
BT05241123J,INSA,2024-11-23,1203,18.11.–21.11.,Linke,4
BT05241123J,INSA,2024-11-23,1203,18.11.–21.11.,AfD,19
BT05241123J,INSA,2024-11-23,1203,18.11.–21.11.,BSW,7
BT05241125K,INSA,2024-11-25,2003,22.11.–25.11.,CDUCSU,32.5
BT05241125K,INSA,2024-11-25,2003,22.11.–25.11.,SPD,15
BT05241125K,INSA,2024-11-25,2003,22.11.–25.11.,Gruene,11
BT05241125K,INSA,2024-11-25,2003,22.11.–25.11.,FDP,4.5
BT05241125K,INSA,2024-11-25,2003,22.11.–25.11.,Linke,3.5
BT05241125K,INSA,2024-11-25,2003,22.11.–25.11.,AfD,19.5
BT05241125K,INSA,2024-11-25,2003,22.11.–25.11.,BSW,7.5
BT02241126F,Forsa,2024-11-26,2500,19.11.–25.11.,CDUCSU,32
BT02241126F,Forsa,2024-11-26,2500,19.11.–25.11.,SPD,15
BT02241126F,Forsa,2024-11-26,2500,19.11.–25.11.,Gruene,12
BT02241126F,Forsa,2024-11-26,2500,19.11.–25.11.,FDP,4
BT02241126F,Forsa,2024-11-26,2500,19.11.–25.11.,Linke,4
BT02241126F,Forsa,2024-11-26,2500,19.11.–25.11.,AfD,18
BT02241126F,Forsa,2024-11-26,2500,19.11.–25.11.,BSW,4
BT03241129C,Verian,2024-11-29,1432,20.11.–26.11.,CDUCSU,32
BT03241129C,Verian,2024-11-29,1432,20.11.–26.11.,SPD,15
BT03241129C,Verian,2024-11-29,1432,20.11.–26.11.,Gruene,13
BT03241129C,Verian,2024-11-29,1432,20.11.–26.11.,FDP,4
BT03241129C,Verian,2024-11-29,1432,20.11.–26.11.,Linke,3
BT03241129C,Verian,2024-11-29,1432,20.11.–26.11.,AfD,18
BT03241129C,Verian,2024-11-29,1432,20.11.–26.11.,BSW,6
BT05241130L,INSA,2024-11-30,1201,25.11.–29.11.,CDUCSU,32
BT05241130L,INSA,2024-11-30,1201,25.11.–29.11.,SPD,15
BT05241130L,INSA,2024-11-30,1201,25.11.–29.11.,Gruene,13
BT05241130L,INSA,2024-11-30,1201,25.11.–29.11.,FDP,5
BT05241130L,INSA,2024-11-30,1201,25.11.–29.11.,Linke,3
BT05241130L,INSA,2024-11-30,1201,25.11.–29.11.,AfD,18
BT05241130L,INSA,2024-11-30,1201,25.11.–29.11.,BSW,8
BT05241202M,INSA,2024-12-02,2003,29.11.–02.12.,CDUCSU,31.5
BT05241202M,INSA,2024-12-02,2003,29.11.–02.12.,SPD,16
BT05241202M,INSA,2024-12-02,2003,29.11.–02.12.,Gruene,13
BT05241202M,INSA,2024-12-02,2003,29.11.–02.12.,FDP,4.5
BT05241202M,INSA,2024-12-02,2003,29.11.–02.12.,Linke,3.5
BT05241202M,INSA,2024-12-02,2003,29.11.–02.12.,AfD,18.5
BT05241202M,INSA,2024-12-02,2003,29.11.–02.12.,BSW,7.5
BT02241203G,Forsa,2024-12-03,2502,26.11.–02.12.,CDUCSU,32
BT02241203G,Forsa,2024-12-03,2502,26.11.–02.12.,SPD,16
BT02241203G,Forsa,2024-12-03,2502,26.11.–02.12.,Gruene,12
BT02241203G,Forsa,2024-12-03,2502,26.11.–02.12.,FDP,3
BT02241203G,Forsa,2024-12-03,2502,26.11.–02.12.,Linke,4
BT02241203G,Forsa,2024-12-03,2502,26.11.–02.12.,AfD,18
BT02241203G,Forsa,2024-12-03,2502,26.11.–02.12.,BSW,4
BT04241203W,GMS,2024-12-03,1005,27.11.–02.12.,CDUCSU,34
BT04241203W,GMS,2024-12-03,1005,27.11.–02.12.,SPD,15
BT04241203W,GMS,2024-12-03,1005,27.11.–02.12.,Gruene,13
BT04241203W,GMS,2024-12-03,1005,27.11.–02.12.,FDP,4
BT04241203W,GMS,2024-12-03,1005,27.11.–02.12.,Linke,3
BT04241203W,GMS,2024-12-03,1005,27.11.–02.12.,AfD,17
BT04241203W,GMS,2024-12-03,1005,27.11.–02.12.,BSW,6
BT01241205N,Infratest dimap,2024-12-05,1307,02.12.–04.12.,CDUCSU,32
BT01241205N,Infratest dimap,2024-12-05,1307,02.12.–04.12.,SPD,16
BT01241205N,Infratest dimap,2024-12-05,1307,02.12.–04.12.,Gruene,14
BT01241205N,Infratest dimap,2024-12-05,1307,02.12.–04.12.,FDP,4
BT01241205N,Infratest dimap,2024-12-05,1307,02.12.–04.12.,Linke,3
BT01241205N,Infratest dimap,2024-12-05,1307,02.12.–04.12.,AfD,18
BT01241205N,Infratest dimap,2024-12-05,1307,02.12.–04.12.,BSW,5
BT13241205X,YouGov,2024-12-05,1879,29.11.–03.12.,CDUCSU,30
BT13241205X,YouGov,2024-12-05,1879,29.11.–03.12.,SPD,18
BT13241205X,YouGov,2024-12-05,1879,29.11.–03.12.,Gruene,13
BT13241205X,YouGov,2024-12-05,1879,29.11.–03.12.,FDP,4
BT13241205X,YouGov,2024-12-05,1879,29.11.–03.12.,Linke,3
BT13241205X,YouGov,2024-12-05,1879,29.11.–03.12.,AfD,19
BT13241205X,YouGov,2024-12-05,1879,29.11.–03.12.,BSW,7
BT06241206B,Forschungsgruppe Wahlen,2024-12-06,1433,03.12.–05.12.,CDUCSU,33
BT06241206B,Forschungsgruppe Wahlen,2024-12-06,1433,03.12.–05.12.,SPD,15
BT06241206B,Forschungsgruppe Wahlen,2024-12-06,1433,03.12.–05.12.,Gruene,14
BT06241206B,Forschungsgruppe Wahlen,2024-12-06,1433,03.12.–05.12.,FDP,4
BT06241206B,Forschungsgruppe Wahlen,2024-12-06,1433,03.12.–05.12.,Linke,3
BT06241206B,Forschungsgruppe Wahlen,2024-12-06,1433,03.12.–05.12.,AfD,17
BT06241206B,Forschungsgruppe Wahlen,2024-12-06,1433,03.12.–05.12.,BSW,5
BT05241207N,INSA,2024-12-07,1202,02.12.–06.12.,CDUCSU,32
BT05241207N,INSA,2024-12-07,1202,02.12.–06.12.,SPD,16
BT05241207N,INSA,2024-12-07,1202,02.12.–06.12.,Gruene,12
BT05241207N,INSA,2024-12-07,1202,02.12.–06.12.,FDP,4
BT05241207N,INSA,2024-12-07,1202,02.12.–06.12.,Linke,4
BT05241207N,INSA,2024-12-07,1202,02.12.–06.12.,AfD,19
BT05241207N,INSA,2024-12-07,1202,02.12.–06.12.,BSW,8
BT05241209O,INSA,2024-12-09,2004,06.12.–09.12.,CDUCSU,31.5
BT05241209O,INSA,2024-12-09,2004,06.12.–09.12.,SPD,17
BT05241209O,INSA,2024-12-09,2004,06.12.–09.12.,Gruene,11.5
BT05241209O,INSA,2024-12-09,2004,06.12.–09.12.,FDP,4.5
BT05241209O,INSA,2024-12-09,2004,06.12.–09.12.,Linke,3
BT05241209O,INSA,2024-12-09,2004,06.12.–09.12.,AfD,19.5
BT05241209O,INSA,2024-12-09,2004,06.12.–09.12.,BSW,8
BT02241210H,Forsa,2024-12-10,2501,03.12.–09.12.,CDUCSU,31
BT02241210H,Forsa,2024-12-10,2501,03.12.–09.12.,SPD,17
BT02241210H,Forsa,2024-12-10,2501,03.12.–09.12.,Gruene,13
BT02241210H,Forsa,2024-12-10,2501,03.12.–09.12.,FDP,4
BT02241210H,Forsa,2024-12-10,2501,03.12.–09.12.,Linke,3
BT02241210H,Forsa,2024-12-10,2501,03.12.–09.12.,AfD,18
BT02241210H,Forsa,2024-12-10,2501,03.12.–09.12.,BSW,4
BT05241214P,INSA,2024-12-14,1203,09.12.–13.12.,CDUCSU,31
BT05241214P,INSA,2024-12-14,1203,09.12.–13.12.,SPD,17
BT05241214P,INSA,2024-12-14,1203,09.12.–13.12.,Gruene,11
BT05241214P,INSA,2024-12-14,1203,09.12.–13.12.,FDP,5
BT05241214P,INSA,2024-12-14,1203,09.12.–13.12.,Linke,3
BT05241214P,INSA,2024-12-14,1203,09.12.–13.12.,AfD,20
BT05241214P,INSA,2024-12-14,1203,09.12.–13.12.,BSW,8
BT05241216Q,INSA,2024-12-16,2002,13.12.–16.12.,CDUCSU,31.5
BT05241216Q,INSA,2024-12-16,2002,13.12.–16.12.,SPD,16.5
BT05241216Q,INSA,2024-12-16,2002,13.12.–16.12.,Gruene,11.5
BT05241216Q,INSA,2024-12-16,2002,13.12.–16.12.,FDP,5
BT05241216Q,INSA,2024-12-16,2002,13.12.–16.12.,Linke,2.5
BT05241216Q,INSA,2024-12-16,2002,13.12.–16.12.,AfD,19.5
BT05241216Q,INSA,2024-12-16,2002,13.12.–16.12.,BSW,8
BT02241217I,Forsa,2024-12-17,2501,10.12.–16.12.,CDUCSU,30
BT02241217I,Forsa,2024-12-17,2501,10.12.–16.12.,SPD,17
BT02241217I,Forsa,2024-12-17,2501,10.12.–16.12.,Gruene,13
BT02241217I,Forsa,2024-12-17,2501,10.12.–16.12.,FDP,4
BT02241217I,Forsa,2024-12-17,2501,10.12.–16.12.,Linke,3
BT02241217I,Forsa,2024-12-17,2501,10.12.–16.12.,AfD,19
BT02241217I,Forsa,2024-12-17,2501,10.12.–16.12.,BSW,4
BT01241219O,Infratest dimap,2024-12-19,1336,16.12.–18.12.,CDUCSU,33
BT01241219O,Infratest dimap,2024-12-19,1336,16.12.–18.12.,SPD,14
BT01241219O,Infratest dimap,2024-12-19,1336,16.12.–18.12.,Gruene,14
BT01241219O,Infratest dimap,2024-12-19,1336,16.12.–18.12.,FDP,3
BT01241219O,Infratest dimap,2024-12-19,1336,16.12.–18.12.,Linke,3
BT01241219O,Infratest dimap,2024-12-19,1336,16.12.–18.12.,AfD,19
BT01241219O,Infratest dimap,2024-12-19,1336,16.12.–18.12.,BSW,5
BT09241220G,Allensbach,2024-12-20,1006,30.11.–12.12.,CDUCSU,36
BT09241220G,Allensbach,2024-12-20,1006,30.11.–12.12.,SPD,16
BT09241220G,Allensbach,2024-12-20,1006,30.11.–12.12.,Gruene,12
BT09241220G,Allensbach,2024-12-20,1006,30.11.–12.12.,FDP,4
BT09241220G,Allensbach,2024-12-20,1006,30.11.–12.12.,Linke,NA
BT09241220G,Allensbach,2024-12-20,1006,30.11.–12.12.,AfD,18
BT09241220G,Allensbach,2024-12-20,1006,30.11.–12.12.,BSW,6
BT03241220D,Verian,2024-12-20,1452,11.12.–17.12.,CDUCSU,31
BT03241220D,Verian,2024-12-20,1452,11.12.–17.12.,SPD,17
BT03241220D,Verian,2024-12-20,1452,11.12.–17.12.,Gruene,14
BT03241220D,Verian,2024-12-20,1452,11.12.–17.12.,FDP,4
BT03241220D,Verian,2024-12-20,1452,11.12.–17.12.,Linke,3
BT03241220D,Verian,2024-12-20,1452,11.12.–17.12.,AfD,18
BT03241220D,Verian,2024-12-20,1452,11.12.–17.12.,BSW,5
BT06241220C,Forschungsgruppe Wahlen,2024-12-20,1362,17.12.–19.12.,CDUCSU,31
BT06241220C,Forschungsgruppe Wahlen,2024-12-20,1362,17.12.–19.12.,SPD,15
BT06241220C,Forschungsgruppe Wahlen,2024-12-20,1362,17.12.–19.12.,Gruene,14
BT06241220C,Forschungsgruppe Wahlen,2024-12-20,1362,17.12.–19.12.,FDP,3
BT06241220C,Forschungsgruppe Wahlen,2024-12-20,1362,17.12.–19.12.,Linke,4
BT06241220C,Forschungsgruppe Wahlen,2024-12-20,1362,17.12.–19.12.,AfD,19
BT06241220C,Forschungsgruppe Wahlen,2024-12-20,1362,17.12.–19.12.,BSW,5
BT05241221R,INSA,2024-12-21,1205,16.12.–19.12.,CDUCSU,32
BT05241221R,INSA,2024-12-21,1205,16.12.–19.12.,SPD,16
BT05241221R,INSA,2024-12-21,1205,16.12.–19.12.,Gruene,12
BT05241221R,INSA,2024-12-21,1205,16.12.–19.12.,FDP,5
BT05241221R,INSA,2024-12-21,1205,16.12.–19.12.,Linke,3
BT05241221R,INSA,2024-12-21,1205,16.12.–19.12.,AfD,20
BT05241221R,INSA,2024-12-21,1205,16.12.–19.12.,BSW,8
BT02241223J,Forsa,2024-12-23,2008,17.12.–20.12.,CDUCSU,31
BT02241223J,Forsa,2024-12-23,2008,17.12.–20.12.,SPD,16
BT02241223J,Forsa,2024-12-23,2008,17.12.–20.12.,Gruene,13
BT02241223J,Forsa,2024-12-23,2008,17.12.–20.12.,FDP,3
BT02241223J,Forsa,2024-12-23,2008,17.12.–20.12.,Linke,4
BT02241223J,Forsa,2024-12-23,2008,17.12.–20.12.,AfD,19
BT02241223J,Forsa,2024-12-23,2008,17.12.–20.12.,BSW,4
BT05241223S,INSA,2024-12-23,2010,20.12.–23.12.,CDUCSU,31
BT05241223S,INSA,2024-12-23,2010,20.12.–23.12.,SPD,16
BT05241223S,INSA,2024-12-23,2010,20.12.–23.12.,Gruene,12.5
BT05241223S,INSA,2024-12-23,2010,20.12.–23.12.,FDP,5
BT05241223S,INSA,2024-12-23,2010,20.12.–23.12.,Linke,3
BT05241223S,INSA,2024-12-23,2010,20.12.–23.12.,AfD,19.5
BT05241223S,INSA,2024-12-23,2010,20.12.–23.12.,BSW,8
BT05241228T,INSA,2024-12-28,1002,23.12.–27.12.,CDUCSU,31
BT05241228T,INSA,2024-12-28,1002,23.12.–27.12.,SPD,17
BT05241228T,INSA,2024-12-28,1002,23.12.–27.12.,Gruene,12
BT05241228T,INSA,2024-12-28,1002,23.12.–27.12.,FDP,4
BT05241228T,INSA,2024-12-28,1002,23.12.–27.12.,Linke,3
BT05241228T,INSA,2024-12-28,1002,23.12.–27.12.,AfD,20
BT05241228T,INSA,2024-12-28,1002,23.12.–27.12.,BSW,7
BT05241230U,INSA,2024-12-30,2004,27.12.–30.12.,CDUCSU,31
BT05241230U,INSA,2024-12-30,2004,27.12.–30.12.,SPD,16.5
BT05241230U,INSA,2024-12-30,2004,27.12.–30.12.,Gruene,12
BT05241230U,INSA,2024-12-30,2004,27.12.–30.12.,FDP,3.5
BT05241230U,INSA,2024-12-30,2004,27.12.–30.12.,Linke,4
BT05241230U,INSA,2024-12-30,2004,27.12.–30.12.,AfD,20.5
BT05241230U,INSA,2024-12-30,2004,27.12.–30.12.,BSW,7
BT04250103X,GMS,2025-01-03,1010,27.12.–02.01.,CDUCSU,33
BT04250103X,GMS,2025-01-03,1010,27.12.–02.01.,SPD,16
BT04250103X,GMS,2025-01-03,1010,27.12.–02.01.,Gruene,13
BT04250103X,GMS,2025-01-03,1010,27.12.–02.01.,FDP,4
BT04250103X,GMS,2025-01-03,1010,27.12.–02.01.,Linke,3
BT04250103X,GMS,2025-01-03,1010,27.12.–02.01.,AfD,18
BT04250103X,GMS,2025-01-03,1010,27.12.–02.01.,BSW,4
BT05250104V,INSA,2025-01-04,1201,30.12.–03.01.,CDUCSU,31
BT05250104V,INSA,2025-01-04,1201,30.12.–03.01.,SPD,16
BT05250104V,INSA,2025-01-04,1201,30.12.–03.01.,Gruene,13
BT05250104V,INSA,2025-01-04,1201,30.12.–03.01.,FDP,4
BT05250104V,INSA,2025-01-04,1201,30.12.–03.01.,Linke,3
BT05250104V,INSA,2025-01-04,1201,30.12.–03.01.,AfD,20
BT05250104V,INSA,2025-01-04,1201,30.12.–03.01.,BSW,7
BT05250106W,INSA,2025-01-06,2001,03.01.–06.01.,CDUCSU,31
BT05250106W,INSA,2025-01-06,2001,03.01.–06.01.,SPD,15.5
BT05250106W,INSA,2025-01-06,2001,03.01.–06.01.,Gruene,13.5
BT05250106W,INSA,2025-01-06,2001,03.01.–06.01.,FDP,4
BT05250106W,INSA,2025-01-06,2001,03.01.–06.01.,Linke,3
BT05250106W,INSA,2025-01-06,2001,03.01.–06.01.,AfD,21.5
BT05250106W,INSA,2025-01-06,2001,03.01.–06.01.,BSW,6.5
BT02250107K,Forsa,2025-01-07,1501,02.01.–06.01.,CDUCSU,32
BT02250107K,Forsa,2025-01-07,1501,02.01.–06.01.,SPD,17
BT02250107K,Forsa,2025-01-07,1501,02.01.–06.01.,Gruene,12
BT02250107K,Forsa,2025-01-07,1501,02.01.–06.01.,FDP,3
BT02250107K,Forsa,2025-01-07,1501,02.01.–06.01.,Linke,3
BT02250107K,Forsa,2025-01-07,1501,02.01.–06.01.,AfD,19
BT02250107K,Forsa,2025-01-07,1501,02.01.–06.01.,BSW,4
BT13250108Y,YouGov,2025-01-08,1908,03.01.–06.01.,CDUCSU,29
BT13250108Y,YouGov,2025-01-08,1908,03.01.–06.01.,SPD,16
BT13250108Y,YouGov,2025-01-08,1908,03.01.–06.01.,Gruene,14
BT13250108Y,YouGov,2025-01-08,1908,03.01.–06.01.,FDP,5
BT13250108Y,YouGov,2025-01-08,1908,03.01.–06.01.,Linke,3
BT13250108Y,YouGov,2025-01-08,1908,03.01.–06.01.,AfD,21
BT13250108Y,YouGov,2025-01-08,1908,03.01.–06.01.,BSW,6
BT01250109P,Infratest dimap,2025-01-09,1323,06.01.–08.01.,CDUCSU,31
BT01250109P,Infratest dimap,2025-01-09,1323,06.01.–08.01.,SPD,15
BT01250109P,Infratest dimap,2025-01-09,1323,06.01.–08.01.,Gruene,14
BT01250109P,Infratest dimap,2025-01-09,1323,06.01.–08.01.,FDP,4
BT01250109P,Infratest dimap,2025-01-09,1323,06.01.–08.01.,Linke,4
BT01250109P,Infratest dimap,2025-01-09,1323,06.01.–08.01.,AfD,20
BT01250109P,Infratest dimap,2025-01-09,1323,06.01.–08.01.,BSW,5
BT06250110D,Forschungsgruppe Wahlen,2025-01-10,1433,07.01.–09.01.,CDUCSU,30
BT06250110D,Forschungsgruppe Wahlen,2025-01-10,1433,07.01.–09.01.,SPD,14
BT06250110D,Forschungsgruppe Wahlen,2025-01-10,1433,07.01.–09.01.,Gruene,15
BT06250110D,Forschungsgruppe Wahlen,2025-01-10,1433,07.01.–09.01.,FDP,4
BT06250110D,Forschungsgruppe Wahlen,2025-01-10,1433,07.01.–09.01.,Linke,4
BT06250110D,Forschungsgruppe Wahlen,2025-01-10,1433,07.01.–09.01.,AfD,21
BT06250110D,Forschungsgruppe Wahlen,2025-01-10,1433,07.01.–09.01.,BSW,4
BT05250111X,INSA,2025-01-11,1205,06.01.–10.01.,CDUCSU,30
BT05250111X,INSA,2025-01-11,1205,06.01.–10.01.,SPD,16
BT05250111X,INSA,2025-01-11,1205,06.01.–10.01.,Gruene,13
BT05250111X,INSA,2025-01-11,1205,06.01.–10.01.,FDP,4
BT05250111X,INSA,2025-01-11,1205,06.01.–10.01.,Linke,3
BT05250111X,INSA,2025-01-11,1205,06.01.–10.01.,AfD,22
BT05250111X,INSA,2025-01-11,1205,06.01.–10.01.,BSW,6
BT05250113Y,INSA,2025-01-13,2005,10.01.–13.01.,CDUCSU,31
BT05250113Y,INSA,2025-01-13,2005,10.01.–13.01.,SPD,15
BT05250113Y,INSA,2025-01-13,2005,10.01.–13.01.,Gruene,13
BT05250113Y,INSA,2025-01-13,2005,10.01.–13.01.,FDP,4
BT05250113Y,INSA,2025-01-13,2005,10.01.–13.01.,Linke,3.5
BT05250113Y,INSA,2025-01-13,2005,10.01.–13.01.,AfD,22
BT05250113Y,INSA,2025-01-13,2005,10.01.–13.01.,BSW,6.5
BT02250114L,Forsa,2025-01-14,2504,07.01.–13.01.,CDUCSU,31
BT02250114L,Forsa,2025-01-14,2504,07.01.–13.01.,SPD,16
BT02250114L,Forsa,2025-01-14,2504,07.01.–13.01.,Gruene,13
BT02250114L,Forsa,2025-01-14,2504,07.01.–13.01.,FDP,4
BT02250114L,Forsa,2025-01-14,2504,07.01.–13.01.,Linke,3
BT02250114L,Forsa,2025-01-14,2504,07.01.–13.01.,AfD,20
BT02250114L,Forsa,2025-01-14,2504,07.01.–13.01.,BSW,4
BT13250115A,YouGov,2025-01-15,1771,10.01.–14.01.,CDUCSU,30
BT13250115A,YouGov,2025-01-15,1771,10.01.–14.01.,SPD,18
BT13250115A,YouGov,2025-01-15,1771,10.01.–14.01.,Gruene,14
BT13250115A,YouGov,2025-01-15,1771,10.01.–14.01.,FDP,4
BT13250115A,YouGov,2025-01-15,1771,10.01.–14.01.,Linke,4
BT13250115A,YouGov,2025-01-15,1771,10.01.–14.01.,AfD,21
BT13250115A,YouGov,2025-01-15,1771,10.01.–14.01.,BSW,6
BT05250118A,INSA,2025-01-18,1206,13.01.–17.01.,CDUCSU,29
BT05250118A,INSA,2025-01-18,1206,13.01.–17.01.,SPD,16
BT05250118A,INSA,2025-01-18,1206,13.01.–17.01.,Gruene,13
BT05250118A,INSA,2025-01-18,1206,13.01.–17.01.,FDP,5
BT05250118A,INSA,2025-01-18,1206,13.01.–17.01.,Linke,4
BT05250118A,INSA,2025-01-18,1206,13.01.–17.01.,AfD,21
BT05250118A,INSA,2025-01-18,1206,13.01.–17.01.,BSW,7
BT05250120B,INSA,2025-01-20,2008,17.01.–20.01.,CDUCSU,29
BT05250120B,INSA,2025-01-20,2008,17.01.–20.01.,SPD,16
BT05250120B,INSA,2025-01-20,2008,17.01.–20.01.,Gruene,13
BT05250120B,INSA,2025-01-20,2008,17.01.–20.01.,FDP,5
BT05250120B,INSA,2025-01-20,2008,17.01.–20.01.,Linke,4
BT05250120B,INSA,2025-01-20,2008,17.01.–20.01.,AfD,21.5
BT05250120B,INSA,2025-01-20,2008,17.01.–20.01.,BSW,7
BT02250121M,Forsa,2025-01-21,2502,14.01.–20.01.,CDUCSU,31
BT02250121M,Forsa,2025-01-21,2502,14.01.–20.01.,SPD,16
BT02250121M,Forsa,2025-01-21,2502,14.01.–20.01.,Gruene,13
BT02250121M,Forsa,2025-01-21,2502,14.01.–20.01.,FDP,4
BT02250121M,Forsa,2025-01-21,2502,14.01.–20.01.,Linke,3
BT02250121M,Forsa,2025-01-21,2502,14.01.–20.01.,AfD,19
BT02250121M,Forsa,2025-01-21,2502,14.01.–20.01.,BSW,4
BT13250122B,YouGov,2025-01-22,1858,17.01.–20.01.,CDUCSU,28
BT13250122B,YouGov,2025-01-22,1858,17.01.–20.01.,SPD,19
BT13250122B,YouGov,2025-01-22,1858,17.01.–20.01.,Gruene,15
BT13250122B,YouGov,2025-01-22,1858,17.01.–20.01.,FDP,4
BT13250122B,YouGov,2025-01-22,1858,17.01.–20.01.,Linke,4
BT13250122B,YouGov,2025-01-22,1858,17.01.–20.01.,AfD,19
BT13250122B,YouGov,2025-01-22,1858,17.01.–20.01.,BSW,6
BT09250123H,Allensbach,2025-01-23,1015,07.01.–19.01.,CDUCSU,34
BT09250123H,Allensbach,2025-01-23,1015,07.01.–19.01.,SPD,17
BT09250123H,Allensbach,2025-01-23,1015,07.01.–19.01.,Gruene,13.5
BT09250123H,Allensbach,2025-01-23,1015,07.01.–19.01.,FDP,4
BT09250123H,Allensbach,2025-01-23,1015,07.01.–19.01.,Linke,NA
BT09250123H,Allensbach,2025-01-23,1015,07.01.–19.01.,AfD,20
BT09250123H,Allensbach,2025-01-23,1015,07.01.–19.01.,BSW,5
BT06250124E,Forschungsgruppe Wahlen,2025-01-24,1345,21.01.–23.01.,CDUCSU,30
BT06250124E,Forschungsgruppe Wahlen,2025-01-24,1345,21.01.–23.01.,SPD,15
BT06250124E,Forschungsgruppe Wahlen,2025-01-24,1345,21.01.–23.01.,Gruene,14
BT06250124E,Forschungsgruppe Wahlen,2025-01-24,1345,21.01.–23.01.,FDP,4
BT06250124E,Forschungsgruppe Wahlen,2025-01-24,1345,21.01.–23.01.,Linke,5
BT06250124E,Forschungsgruppe Wahlen,2025-01-24,1345,21.01.–23.01.,AfD,21
BT06250124E,Forschungsgruppe Wahlen,2025-01-24,1345,21.01.–23.01.,BSW,3
BT05250125C,INSA,2025-01-25,1203,20.01.–24.01.,CDUCSU,30
BT05250125C,INSA,2025-01-25,1203,20.01.–24.01.,SPD,16
BT05250125C,INSA,2025-01-25,1203,20.01.–24.01.,Gruene,12
BT05250125C,INSA,2025-01-25,1203,20.01.–24.01.,FDP,4
BT05250125C,INSA,2025-01-25,1203,20.01.–24.01.,Linke,4
BT05250125C,INSA,2025-01-25,1203,20.01.–24.01.,AfD,21
BT05250125C,INSA,2025-01-25,1203,20.01.–24.01.,BSW,7
BT05250127D,INSA,2025-01-27,2006,24.01.–27.01.,CDUCSU,30
BT05250127D,INSA,2025-01-27,2006,24.01.–27.01.,SPD,15.5
BT05250127D,INSA,2025-01-27,2006,24.01.–27.01.,Gruene,12.5
BT05250127D,INSA,2025-01-27,2006,24.01.–27.01.,FDP,4.5
BT05250127D,INSA,2025-01-27,2006,24.01.–27.01.,Linke,4.5
BT05250127D,INSA,2025-01-27,2006,24.01.–27.01.,AfD,22
BT05250127D,INSA,2025-01-27,2006,24.01.–27.01.,BSW,6
BT02250128N,Forsa,2025-01-28,2504,21.01.–27.01.,CDUCSU,30
BT02250128N,Forsa,2025-01-28,2504,21.01.–27.01.,SPD,16
BT02250128N,Forsa,2025-01-28,2504,21.01.–27.01.,Gruene,14
BT02250128N,Forsa,2025-01-28,2504,21.01.–27.01.,FDP,4
BT02250128N,Forsa,2025-01-28,2504,21.01.–27.01.,Linke,4
BT02250128N,Forsa,2025-01-28,2504,21.01.–27.01.,AfD,20
BT02250128N,Forsa,2025-01-28,2504,21.01.–27.01.,BSW,3
BT13250129C,YouGov,2025-01-29,1781,24.01.–27.01.,CDUCSU,29
BT13250129C,YouGov,2025-01-29,1781,24.01.–27.01.,SPD,15
BT13250129C,YouGov,2025-01-29,1781,24.01.–27.01.,Gruene,13
BT13250129C,YouGov,2025-01-29,1781,24.01.–27.01.,FDP,3
BT13250129C,YouGov,2025-01-29,1781,24.01.–27.01.,Linke,5
BT13250129C,YouGov,2025-01-29,1781,24.01.–27.01.,AfD,23
BT13250129C,YouGov,2025-01-29,1781,24.01.–27.01.,BSW,6
BT06250130F,Forschungsgruppe Wahlen,2025-01-30,1428,27.01.–29.01.,CDUCSU,29
BT06250130F,Forschungsgruppe Wahlen,2025-01-30,1428,27.01.–29.01.,SPD,15
BT06250130F,Forschungsgruppe Wahlen,2025-01-30,1428,27.01.–29.01.,Gruene,14
BT06250130F,Forschungsgruppe Wahlen,2025-01-30,1428,27.01.–29.01.,FDP,4
BT06250130F,Forschungsgruppe Wahlen,2025-01-30,1428,27.01.–29.01.,Linke,5
BT06250130F,Forschungsgruppe Wahlen,2025-01-30,1428,27.01.–29.01.,AfD,21
BT06250130F,Forschungsgruppe Wahlen,2025-01-30,1428,27.01.–29.01.,BSW,4
BT01250130Q,Infratest dimap,2025-01-30,1336,27.01.–29.01.,CDUCSU,30
BT01250130Q,Infratest dimap,2025-01-30,1336,27.01.–29.01.,SPD,15
BT01250130Q,Infratest dimap,2025-01-30,1336,27.01.–29.01.,Gruene,15
BT01250130Q,Infratest dimap,2025-01-30,1336,27.01.–29.01.,FDP,4
BT01250130Q,Infratest dimap,2025-01-30,1336,27.01.–29.01.,Linke,5
BT01250130Q,Infratest dimap,2025-01-30,1336,27.01.–29.01.,AfD,20
BT01250130Q,Infratest dimap,2025-01-30,1336,27.01.–29.01.,BSW,4
BT05250130E,INSA,2025-01-30,1001,30.01.–30.01.,CDUCSU,29
BT05250130E,INSA,2025-01-30,1001,30.01.–30.01.,SPD,17
BT05250130E,INSA,2025-01-30,1001,30.01.–30.01.,Gruene,13
BT05250130E,INSA,2025-01-30,1001,30.01.–30.01.,FDP,4
BT05250130E,INSA,2025-01-30,1001,30.01.–30.01.,Linke,4
BT05250130E,INSA,2025-01-30,1001,30.01.–30.01.,AfD,22
BT05250130E,INSA,2025-01-30,1001,30.01.–30.01.,BSW,6
BT03250131E,Verian,2025-01-31,1461,22.01.–28.01.,CDUCSU,30
BT03250131E,Verian,2025-01-31,1461,22.01.–28.01.,SPD,15
BT03250131E,Verian,2025-01-31,1461,22.01.–28.01.,Gruene,14
BT03250131E,Verian,2025-01-31,1461,22.01.–28.01.,FDP,4
BT03250131E,Verian,2025-01-31,1461,22.01.–28.01.,Linke,4
BT03250131E,Verian,2025-01-31,1461,22.01.–28.01.,AfD,20
BT03250131E,Verian,2025-01-31,1461,22.01.–28.01.,BSW,5
BT05250201F,INSA,2025-02-01,1203,30.01.–31.01.,CDUCSU,30
BT05250201F,INSA,2025-02-01,1203,30.01.–31.01.,SPD,17
BT05250201F,INSA,2025-02-01,1203,30.01.–31.01.,Gruene,12
BT05250201F,INSA,2025-02-01,1203,30.01.–31.01.,FDP,4
BT05250201F,INSA,2025-02-01,1203,30.01.–31.01.,Linke,4
BT05250201F,INSA,2025-02-01,1203,30.01.–31.01.,AfD,22
BT05250201F,INSA,2025-02-01,1203,30.01.–31.01.,BSW,6
BT05250203G,INSA,2025-02-03,2004,31.01.–03.02.,CDUCSU,30
BT05250203G,INSA,2025-02-03,2004,31.01.–03.02.,SPD,16
BT05250203G,INSA,2025-02-03,2004,31.01.–03.02.,Gruene,13
BT05250203G,INSA,2025-02-03,2004,31.01.–03.02.,FDP,4.5
BT05250203G,INSA,2025-02-03,2004,31.01.–03.02.,Linke,5
BT05250203G,INSA,2025-02-03,2004,31.01.–03.02.,AfD,22
BT05250203G,INSA,2025-02-03,2004,31.01.–03.02.,BSW,5.5
BT02250204O,Forsa,2025-02-04,2503,28.01.–03.02.,CDUCSU,28
BT02250204O,Forsa,2025-02-04,2503,28.01.–03.02.,SPD,16
BT02250204O,Forsa,2025-02-04,2503,28.01.–03.02.,Gruene,15
BT02250204O,Forsa,2025-02-04,2503,28.01.–03.02.,FDP,4
BT02250204O,Forsa,2025-02-04,2503,28.01.–03.02.,Linke,5
BT02250204O,Forsa,2025-02-04,2503,28.01.–03.02.,AfD,20
BT02250204O,Forsa,2025-02-04,2503,28.01.–03.02.,BSW,4
BT13250205D,YouGov,2025-02-05,2181,31.01.–04.02.,CDUCSU,29
BT13250205D,YouGov,2025-02-05,2181,31.01.–04.02.,SPD,18
BT13250205D,YouGov,2025-02-05,2181,31.01.–04.02.,Gruene,12
BT13250205D,YouGov,2025-02-05,2181,31.01.–04.02.,FDP,4
BT13250205D,YouGov,2025-02-05,2181,31.01.–04.02.,Linke,6
BT13250205D,YouGov,2025-02-05,2181,31.01.–04.02.,AfD,22
BT13250205D,YouGov,2025-02-05,2181,31.01.–04.02.,BSW,6
BT01250206R,Infratest dimap,2025-02-06,1302,03.02.–05.02.,CDUCSU,31
BT01250206R,Infratest dimap,2025-02-06,1302,03.02.–05.02.,SPD,15
BT01250206R,Infratest dimap,2025-02-06,1302,03.02.–05.02.,Gruene,14
BT01250206R,Infratest dimap,2025-02-06,1302,03.02.–05.02.,FDP,4
BT01250206R,Infratest dimap,2025-02-06,1302,03.02.–05.02.,Linke,5
BT01250206R,Infratest dimap,2025-02-06,1302,03.02.–05.02.,AfD,21
BT01250206R,Infratest dimap,2025-02-06,1302,03.02.–05.02.,BSW,4
BT06250207G,Forschungsgruppe Wahlen,2025-02-07,1341,04.02.–06.02.,CDUCSU,30
BT06250207G,Forschungsgruppe Wahlen,2025-02-07,1341,04.02.–06.02.,SPD,15
BT06250207G,Forschungsgruppe Wahlen,2025-02-07,1341,04.02.–06.02.,Gruene,15
BT06250207G,Forschungsgruppe Wahlen,2025-02-07,1341,04.02.–06.02.,FDP,4
BT06250207G,Forschungsgruppe Wahlen,2025-02-07,1341,04.02.–06.02.,Linke,6
BT06250207G,Forschungsgruppe Wahlen,2025-02-07,1341,04.02.–06.02.,AfD,20
BT06250207G,Forschungsgruppe Wahlen,2025-02-07,1341,04.02.–06.02.,BSW,4
BT04250207Y,GMS,2025-02-07,1011,04.02.–07.02.,CDUCSU,30
BT04250207Y,GMS,2025-02-07,1011,04.02.–07.02.,SPD,15
BT04250207Y,GMS,2025-02-07,1011,04.02.–07.02.,Gruene,14
BT04250207Y,GMS,2025-02-07,1011,04.02.–07.02.,FDP,4
BT04250207Y,GMS,2025-02-07,1011,04.02.–07.02.,Linke,5
BT04250207Y,GMS,2025-02-07,1011,04.02.–07.02.,AfD,21
BT04250207Y,GMS,2025-02-07,1011,04.02.–07.02.,BSW,4
BT05250208H,INSA,2025-02-08,1204,03.02.–07.02.,CDUCSU,29
BT05250208H,INSA,2025-02-08,1204,03.02.–07.02.,SPD,16
BT05250208H,INSA,2025-02-08,1204,03.02.–07.02.,Gruene,12
BT05250208H,INSA,2025-02-08,1204,03.02.–07.02.,FDP,4
BT05250208H,INSA,2025-02-08,1204,03.02.–07.02.,Linke,5
BT05250208H,INSA,2025-02-08,1204,03.02.–07.02.,AfD,21
BT05250208H,INSA,2025-02-08,1204,03.02.–07.02.,BSW,6
BT05250210I,INSA,2025-02-10,2006,07.02.–10.02.,CDUCSU,30
BT05250210I,INSA,2025-02-10,2006,07.02.–10.02.,SPD,15.5
BT05250210I,INSA,2025-02-10,2006,07.02.–10.02.,Gruene,13
BT05250210I,INSA,2025-02-10,2006,07.02.–10.02.,FDP,4
BT05250210I,INSA,2025-02-10,2006,07.02.–10.02.,Linke,6
BT05250210I,INSA,2025-02-10,2006,07.02.–10.02.,AfD,22
BT05250210I,INSA,2025-02-10,2006,07.02.–10.02.,BSW,5.5
BT02250211P,Forsa,2025-02-11,2502,04.02.–10.02.,CDUCSU,29
BT02250211P,Forsa,2025-02-11,2502,04.02.–10.02.,SPD,16
BT02250211P,Forsa,2025-02-11,2502,04.02.–10.02.,Gruene,14
BT02250211P,Forsa,2025-02-11,2502,04.02.–10.02.,FDP,4
BT02250211P,Forsa,2025-02-11,2502,04.02.–10.02.,Linke,6
BT02250211P,Forsa,2025-02-11,2502,04.02.–10.02.,AfD,20
BT02250211P,Forsa,2025-02-11,2502,04.02.–10.02.,BSW,4
BT13250212E,YouGov,2025-02-12,2083,07.02.–10.02.,CDUCSU,29
BT13250212E,YouGov,2025-02-12,2083,07.02.–10.02.,SPD,16
BT13250212E,YouGov,2025-02-12,2083,07.02.–10.02.,Gruene,12
BT13250212E,YouGov,2025-02-12,2083,07.02.–10.02.,FDP,4
BT13250212E,YouGov,2025-02-12,2083,07.02.–10.02.,Linke,6
BT13250212E,YouGov,2025-02-12,2083,07.02.–10.02.,AfD,21
BT13250212E,YouGov,2025-02-12,2083,07.02.–10.02.,BSW,5
BT09250213I,Allensbach,2025-02-13,1021,31.01.–12.02.,CDUCSU,32
BT09250213I,Allensbach,2025-02-13,1021,31.01.–12.02.,SPD,15
BT09250213I,Allensbach,2025-02-13,1021,31.01.–12.02.,Gruene,13
BT09250213I,Allensbach,2025-02-13,1021,31.01.–12.02.,FDP,5
BT09250213I,Allensbach,2025-02-13,1021,31.01.–12.02.,Linke,6
BT09250213I,Allensbach,2025-02-13,1021,31.01.–12.02.,AfD,20
BT09250213I,Allensbach,2025-02-13,1021,31.01.–12.02.,BSW,4
BT01250213S,Infratest dimap,2025-02-13,1579,10.02.–12.02.,CDUCSU,32
BT01250213S,Infratest dimap,2025-02-13,1579,10.02.–12.02.,SPD,14
BT01250213S,Infratest dimap,2025-02-13,1579,10.02.–12.02.,Gruene,14
BT01250213S,Infratest dimap,2025-02-13,1579,10.02.–12.02.,FDP,4
BT01250213S,Infratest dimap,2025-02-13,1579,10.02.–12.02.,Linke,6
BT01250213S,Infratest dimap,2025-02-13,1579,10.02.–12.02.,AfD,21
BT01250213S,Infratest dimap,2025-02-13,1579,10.02.–12.02.,BSW,4.5
BT06250214H,Forschungsgruppe Wahlen,2025-02-14,1348,11.02.–13.02.,CDUCSU,30
BT06250214H,Forschungsgruppe Wahlen,2025-02-14,1348,11.02.–13.02.,SPD,16
BT06250214H,Forschungsgruppe Wahlen,2025-02-14,1348,11.02.–13.02.,Gruene,14
BT06250214H,Forschungsgruppe Wahlen,2025-02-14,1348,11.02.–13.02.,FDP,4
BT06250214H,Forschungsgruppe Wahlen,2025-02-14,1348,11.02.–13.02.,Linke,7
BT06250214H,Forschungsgruppe Wahlen,2025-02-14,1348,11.02.–13.02.,AfD,20
BT06250214H,Forschungsgruppe Wahlen,2025-02-14,1348,11.02.–13.02.,BSW,4
BT05250215J,INSA,2025-02-15,1205,10.02.–14.02.,CDUCSU,30
BT05250215J,INSA,2025-02-15,1205,10.02.–14.02.,SPD,15
BT05250215J,INSA,2025-02-15,1205,10.02.–14.02.,Gruene,13
BT05250215J,INSA,2025-02-15,1205,10.02.–14.02.,FDP,4
BT05250215J,INSA,2025-02-15,1205,10.02.–14.02.,Linke,6
BT05250215J,INSA,2025-02-15,1205,10.02.–14.02.,AfD,21
BT05250215J,INSA,2025-02-15,1205,10.02.–14.02.,BSW,5
BT02250216Q,Forsa,2025-02-16,2005,11.02.–14.02.,CDUCSU,30
BT02250216Q,Forsa,2025-02-16,2005,11.02.–14.02.,SPD,16
BT02250216Q,Forsa,2025-02-16,2005,11.02.–14.02.,Gruene,13
BT02250216Q,Forsa,2025-02-16,2005,11.02.–14.02.,FDP,5
BT02250216Q,Forsa,2025-02-16,2005,11.02.–14.02.,Linke,7
BT02250216Q,Forsa,2025-02-16,2005,11.02.–14.02.,AfD,20
BT02250216Q,Forsa,2025-02-16,2005,11.02.–14.02.,BSW,4
BT05250217K,INSA,2025-02-17,2010,14.02.–17.02.,CDUCSU,30
BT05250217K,INSA,2025-02-17,2010,14.02.–17.02.,SPD,15
BT05250217K,INSA,2025-02-17,2010,14.02.–17.02.,Gruene,13
BT05250217K,INSA,2025-02-17,2010,14.02.–17.02.,FDP,4.5
BT05250217K,INSA,2025-02-17,2010,14.02.–17.02.,Linke,6.5
BT05250217K,INSA,2025-02-17,2010,14.02.–17.02.,AfD,22
BT05250217K,INSA,2025-02-17,2010,14.02.–17.02.,BSW,5
BT13250217F,YouGov,2025-02-17,2131,14.02.–17.02.,CDUCSU,27
BT13250217F,YouGov,2025-02-17,2131,14.02.–17.02.,SPD,17
BT13250217F,YouGov,2025-02-17,2131,14.02.–17.02.,Gruene,12
BT13250217F,YouGov,2025-02-17,2131,14.02.–17.02.,FDP,4
BT13250217F,YouGov,2025-02-17,2131,14.02.–17.02.,Linke,9
BT13250217F,YouGov,2025-02-17,2131,14.02.–17.02.,AfD,20
BT13250217F,YouGov,2025-02-17,2131,14.02.–17.02.,BSW,5
BT02250218R,Forsa,2025-02-18,2501,11.02.–17.02.,CDUCSU,30
BT02250218R,Forsa,2025-02-18,2501,11.02.–17.02.,SPD,16
BT02250218R,Forsa,2025-02-18,2501,11.02.–17.02.,Gruene,13
BT02250218R,Forsa,2025-02-18,2501,11.02.–17.02.,FDP,5
BT02250218R,Forsa,2025-02-18,2501,11.02.–17.02.,Linke,7
BT02250218R,Forsa,2025-02-18,2501,11.02.–17.02.,AfD,20
BT02250218R,Forsa,2025-02-18,2501,11.02.–17.02.,BSW,4
BT04250219A,GMS,2025-02-19,1016,16.02.–19.02.,CDUCSU,31
BT04250219A,GMS,2025-02-19,1016,16.02.–19.02.,SPD,15
BT04250219A,GMS,2025-02-19,1016,16.02.–19.02.,Gruene,13
BT04250219A,GMS,2025-02-19,1016,16.02.–19.02.,FDP,4
BT04250219A,GMS,2025-02-19,1016,16.02.–19.02.,Linke,6
BT04250219A,GMS,2025-02-19,1016,16.02.–19.02.,AfD,20
BT04250219A,GMS,2025-02-19,1016,16.02.–19.02.,BSW,4
BT06250220I,Forschungsgruppe Wahlen,2025-02-20,1349,19.02.–20.02.,CDUCSU,28
BT06250220I,Forschungsgruppe Wahlen,2025-02-20,1349,19.02.–20.02.,SPD,16
BT06250220I,Forschungsgruppe Wahlen,2025-02-20,1349,19.02.–20.02.,Gruene,14
BT06250220I,Forschungsgruppe Wahlen,2025-02-20,1349,19.02.–20.02.,FDP,4.5
BT06250220I,Forschungsgruppe Wahlen,2025-02-20,1349,19.02.–20.02.,Linke,8
BT06250220I,Forschungsgruppe Wahlen,2025-02-20,1349,19.02.–20.02.,AfD,21
BT06250220I,Forschungsgruppe Wahlen,2025-02-20,1349,19.02.–20.02.,BSW,4.5
BT05250220L,INSA,2025-02-20,2503,18.02.–19.02.,CDUCSU,30
BT05250220L,INSA,2025-02-20,2503,18.02.–19.02.,SPD,15
BT05250220L,INSA,2025-02-20,2503,18.02.–19.02.,Gruene,13
BT05250220L,INSA,2025-02-20,2503,18.02.–19.02.,FDP,4
BT05250220L,INSA,2025-02-20,2503,18.02.–19.02.,Linke,7
BT05250220L,INSA,2025-02-20,2503,18.02.–19.02.,AfD,21
BT05250220L,INSA,2025-02-20,2503,18.02.–19.02.,BSW,5
BT09250221J,Allensbach,2025-02-21,1064,09.02.–20.02.,CDUCSU,32
BT09250221J,Allensbach,2025-02-21,1064,09.02.–20.02.,SPD,14.5
BT09250221J,Allensbach,2025-02-21,1064,09.02.–20.02.,Gruene,12
BT09250221J,Allensbach,2025-02-21,1064,09.02.–20.02.,FDP,4.5
BT09250221J,Allensbach,2025-02-21,1064,09.02.–20.02.,Linke,7.5
BT09250221J,Allensbach,2025-02-21,1064,09.02.–20.02.,AfD,20
BT09250221J,Allensbach,2025-02-21,1064,09.02.–20.02.,BSW,4.5
BT02250221S,Forsa,2025-02-21,2002,17.02.–20.02.,CDUCSU,29
BT02250221S,Forsa,2025-02-21,2002,17.02.–20.02.,SPD,15
BT02250221S,Forsa,2025-02-21,2002,17.02.–20.02.,Gruene,13
BT02250221S,Forsa,2025-02-21,2002,17.02.–20.02.,FDP,5
BT02250221S,Forsa,2025-02-21,2002,17.02.–20.02.,Linke,8
BT02250221S,Forsa,2025-02-21,2002,17.02.–20.02.,AfD,21
BT02250221S,Forsa,2025-02-21,2002,17.02.–20.02.,BSW,3
BT13250221G,YouGov,2025-02-21,1681,17.02.–20.02.,CDUCSU,29
BT13250221G,YouGov,2025-02-21,1681,17.02.–20.02.,SPD,16
BT13250221G,YouGov,2025-02-21,1681,17.02.–20.02.,Gruene,13
BT13250221G,YouGov,2025-02-21,1681,17.02.–20.02.,FDP,4
BT13250221G,YouGov,2025-02-21,1681,17.02.–20.02.,Linke,8
BT13250221G,YouGov,2025-02-21,1681,17.02.–20.02.,AfD,20
BT13250221G,YouGov,2025-02-21,1681,17.02.–20.02.,BSW,5
BT05250222M,INSA,2025-02-22,2005,21.02.–22.02.,CDUCSU,29.5
BT05250222M,INSA,2025-02-22,2005,21.02.–22.02.,SPD,15
BT05250222M,INSA,2025-02-22,2005,21.02.–22.02.,Gruene,12.5
BT05250222M,INSA,2025-02-22,2005,21.02.–22.02.,FDP,4.5
BT05250222M,INSA,2025-02-22,2005,21.02.–22.02.,Linke,7.5
BT05250222M,INSA,2025-02-22,2005,21.02.–22.02.,AfD,21
BT05250222M,INSA,2025-02-22,2005,21.02.–22.02.,BSW,5
BT05250302N,INSA,2025-03-02,1001,24.02.–28.02.,CDUCSU,30
BT05250302N,INSA,2025-03-02,1001,24.02.–28.02.,SPD,15
BT05250302N,INSA,2025-03-02,1001,24.02.–28.02.,Gruene,11
BT05250302N,INSA,2025-03-02,1001,24.02.–28.02.,FDP,4
BT05250302N,INSA,2025-03-02,1001,24.02.–28.02.,Linke,9
BT05250302N,INSA,2025-03-02,1001,24.02.–28.02.,AfD,22
BT05250302N,INSA,2025-03-02,1001,24.02.–28.02.,BSW,5
BT02250304T,Forsa,2025-03-04,3001,24.02.–03.03.,CDUCSU,28
BT02250304T,Forsa,2025-03-04,3001,24.02.–03.03.,SPD,15
BT02250304T,Forsa,2025-03-04,3001,24.02.–03.03.,Gruene,11
BT02250304T,Forsa,2025-03-04,3001,24.02.–03.03.,FDP,3
BT02250304T,Forsa,2025-03-04,3001,24.02.–03.03.,Linke,12
BT02250304T,Forsa,2025-03-04,3001,24.02.–03.03.,AfD,22
BT02250304T,Forsa,2025-03-04,3001,24.02.–03.03.,BSW,3
BT05250304O,INSA,2025-03-04,2002,28.02.–03.03.,CDUCSU,29.5
BT05250304O,INSA,2025-03-04,2002,28.02.–03.03.,SPD,15.5
BT05250304O,INSA,2025-03-04,2002,28.02.–03.03.,Gruene,11
BT05250304O,INSA,2025-03-04,2002,28.02.–03.03.,FDP,3.5
BT05250304O,INSA,2025-03-04,2002,28.02.–03.03.,Linke,9.5
BT05250304O,INSA,2025-03-04,2002,28.02.–03.03.,AfD,22
BT05250304O,INSA,2025-03-04,2002,28.02.–03.03.,BSW,5
BT01250306T,Infratest dimap,2025-03-06,1325,04.03.–05.03.,CDUCSU,29
BT01250306T,Infratest dimap,2025-03-06,1325,04.03.–05.03.,SPD,16
BT01250306T,Infratest dimap,2025-03-06,1325,04.03.–05.03.,Gruene,12
BT01250306T,Infratest dimap,2025-03-06,1325,04.03.–05.03.,FDP,3
BT01250306T,Infratest dimap,2025-03-06,1325,04.03.–05.03.,Linke,9
BT01250306T,Infratest dimap,2025-03-06,1325,04.03.–05.03.,AfD,21
BT01250306T,Infratest dimap,2025-03-06,1325,04.03.–05.03.,BSW,5
BT06250307J,Forschungsgruppe Wahlen,2025-03-07,1249,04.03.–06.03.,CDUCSU,28
BT06250307J,Forschungsgruppe Wahlen,2025-03-07,1249,04.03.–06.03.,SPD,15
BT06250307J,Forschungsgruppe Wahlen,2025-03-07,1249,04.03.–06.03.,Gruene,13
BT06250307J,Forschungsgruppe Wahlen,2025-03-07,1249,04.03.–06.03.,FDP,4
BT06250307J,Forschungsgruppe Wahlen,2025-03-07,1249,04.03.–06.03.,Linke,10
BT06250307J,Forschungsgruppe Wahlen,2025-03-07,1249,04.03.–06.03.,AfD,21
BT06250307J,Forschungsgruppe Wahlen,2025-03-07,1249,04.03.–06.03.,BSW,3
BT05250309P,INSA,2025-03-09,1201,03.03.–07.03.,CDUCSU,28
BT05250309P,INSA,2025-03-09,1201,03.03.–07.03.,SPD,16
BT05250309P,INSA,2025-03-09,1201,03.03.–07.03.,Gruene,11
BT05250309P,INSA,2025-03-09,1201,03.03.–07.03.,FDP,4
BT05250309P,INSA,2025-03-09,1201,03.03.–07.03.,Linke,10
BT05250309P,INSA,2025-03-09,1201,03.03.–07.03.,AfD,21
BT05250309P,INSA,2025-03-09,1201,03.03.–07.03.,BSW,5
BT05250310Q,INSA,2025-03-10,2003,07.03.–10.03.,CDUCSU,28.5
BT05250310Q,INSA,2025-03-10,2003,07.03.–10.03.,SPD,16.5
BT05250310Q,INSA,2025-03-10,2003,07.03.–10.03.,Gruene,10.5
BT05250310Q,INSA,2025-03-10,2003,07.03.–10.03.,FDP,3.5
BT05250310Q,INSA,2025-03-10,2003,07.03.–10.03.,Linke,10.5
BT05250310Q,INSA,2025-03-10,2003,07.03.–10.03.,AfD,22
BT05250310Q,INSA,2025-03-10,2003,07.03.–10.03.,BSW,4.5
BT02250311U,Forsa,2025-03-11,2504,04.03.–10.03.,CDUCSU,28
BT02250311U,Forsa,2025-03-11,2504,04.03.–10.03.,SPD,15
BT02250311U,Forsa,2025-03-11,2504,04.03.–10.03.,Gruene,11
BT02250311U,Forsa,2025-03-11,2504,04.03.–10.03.,FDP,4
BT02250311U,Forsa,2025-03-11,2504,04.03.–10.03.,Linke,11
BT02250311U,Forsa,2025-03-11,2504,04.03.–10.03.,AfD,22
BT02250311U,Forsa,2025-03-11,2504,04.03.–10.03.,BSW,3
BT05250315R,INSA,2025-03-15,1201,10.03.–14.03.,CDUCSU,28
BT05250315R,INSA,2025-03-15,1201,10.03.–14.03.,SPD,16
BT05250315R,INSA,2025-03-15,1201,10.03.–14.03.,Gruene,11
BT05250315R,INSA,2025-03-15,1201,10.03.–14.03.,FDP,3
BT05250315R,INSA,2025-03-15,1201,10.03.–14.03.,Linke,10
BT05250315R,INSA,2025-03-15,1201,10.03.–14.03.,AfD,22
BT05250315R,INSA,2025-03-15,1201,10.03.–14.03.,BSW,5
BT05250317S,INSA,2025-03-17,2008,14.03.–17.03.,CDUCSU,29
BT05250317S,INSA,2025-03-17,2008,14.03.–17.03.,SPD,15.5
BT05250317S,INSA,2025-03-17,2008,14.03.–17.03.,Gruene,11
BT05250317S,INSA,2025-03-17,2008,14.03.–17.03.,FDP,3
BT05250317S,INSA,2025-03-17,2008,14.03.–17.03.,Linke,10.5
BT05250317S,INSA,2025-03-17,2008,14.03.–17.03.,AfD,22
BT05250317S,INSA,2025-03-17,2008,14.03.–17.03.,BSW,5
BT02250318V,Forsa,2025-03-18,2501,11.03.–17.03.,CDUCSU,27
BT02250318V,Forsa,2025-03-18,2501,11.03.–17.03.,SPD,14
BT02250318V,Forsa,2025-03-18,2501,11.03.–17.03.,Gruene,12
BT02250318V,Forsa,2025-03-18,2501,11.03.–17.03.,FDP,4
BT02250318V,Forsa,2025-03-18,2501,11.03.–17.03.,Linke,11
BT02250318V,Forsa,2025-03-18,2501,11.03.–17.03.,AfD,23
BT02250318V,Forsa,2025-03-18,2501,11.03.–17.03.,BSW,3
BT06250321K,Forschungsgruppe Wahlen,2025-03-21,1305,18.03.–20.03.,CDUCSU,27
BT06250321K,Forschungsgruppe Wahlen,2025-03-21,1305,18.03.–20.03.,SPD,16
BT06250321K,Forschungsgruppe Wahlen,2025-03-21,1305,18.03.–20.03.,Gruene,12
BT06250321K,Forschungsgruppe Wahlen,2025-03-21,1305,18.03.–20.03.,FDP,4
BT06250321K,Forschungsgruppe Wahlen,2025-03-21,1305,18.03.–20.03.,Linke,10
BT06250321K,Forschungsgruppe Wahlen,2025-03-21,1305,18.03.–20.03.,AfD,22
BT06250321K,Forschungsgruppe Wahlen,2025-03-21,1305,18.03.–20.03.,BSW,3
BT05250321T,INSA,2025-03-21,1202,17.03.–21.03.,CDUCSU,27
BT05250321T,INSA,2025-03-21,1202,17.03.–21.03.,SPD,15
BT05250321T,INSA,2025-03-21,1202,17.03.–21.03.,Gruene,12
BT05250321T,INSA,2025-03-21,1202,17.03.–21.03.,FDP,3
BT05250321T,INSA,2025-03-21,1202,17.03.–21.03.,Linke,10
BT05250321T,INSA,2025-03-21,1202,17.03.–21.03.,AfD,23
BT05250321T,INSA,2025-03-21,1202,17.03.–21.03.,BSW,5
BT05250324U,INSA,2025-03-24,2004,21.03.–24.03.,CDUCSU,27
BT05250324U,INSA,2025-03-24,2004,21.03.–24.03.,SPD,14.5
BT05250324U,INSA,2025-03-24,2004,21.03.–24.03.,Gruene,12
BT05250324U,INSA,2025-03-24,2004,21.03.–24.03.,FDP,3.5
BT05250324U,INSA,2025-03-24,2004,21.03.–24.03.,Linke,10.5
BT05250324U,INSA,2025-03-24,2004,21.03.–24.03.,AfD,23.5
BT05250324U,INSA,2025-03-24,2004,21.03.–24.03.,BSW,4.5
BT02250325W,Forsa,2025-03-25,2502,18.03.–24.03.,CDUCSU,26
BT02250325W,Forsa,2025-03-25,2502,18.03.–24.03.,SPD,15
BT02250325W,Forsa,2025-03-25,2502,18.03.–24.03.,Gruene,12
BT02250325W,Forsa,2025-03-25,2502,18.03.–24.03.,FDP,4
BT02250325W,Forsa,2025-03-25,2502,18.03.–24.03.,Linke,10
BT02250325W,Forsa,2025-03-25,2502,18.03.–24.03.,AfD,23
BT02250325W,Forsa,2025-03-25,2502,18.03.–24.03.,BSW,4
BT13250326H,YouGov,2025-03-26,1890,21.03.–24.03.,CDUCSU,26
BT13250326H,YouGov,2025-03-26,1890,21.03.–24.03.,SPD,15
BT13250326H,YouGov,2025-03-26,1890,21.03.–24.03.,Gruene,12
BT13250326H,YouGov,2025-03-26,1890,21.03.–24.03.,FDP,3
BT13250326H,YouGov,2025-03-26,1890,21.03.–24.03.,Linke,10
BT13250326H,YouGov,2025-03-26,1890,21.03.–24.03.,AfD,24
BT13250326H,YouGov,2025-03-26,1890,21.03.–24.03.,BSW,5
BT09250327K,Allensbach,2025-03-27,1031,27.02.–11.03.,CDUCSU,29.5
BT09250327K,Allensbach,2025-03-27,1031,27.02.–11.03.,SPD,16
BT09250327K,Allensbach,2025-03-27,1031,27.02.–11.03.,Gruene,11.5
BT09250327K,Allensbach,2025-03-27,1031,27.02.–11.03.,FDP,3
BT09250327K,Allensbach,2025-03-27,1031,27.02.–11.03.,Linke,10
BT09250327K,Allensbach,2025-03-27,1031,27.02.–11.03.,AfD,21
BT09250327K,Allensbach,2025-03-27,1031,27.02.–11.03.,BSW,4
BT03250328F,Verian,2025-03-28,1381,19.03.–25.03.,CDUCSU,27
BT03250328F,Verian,2025-03-28,1381,19.03.–25.03.,SPD,15
BT03250328F,Verian,2025-03-28,1381,19.03.–25.03.,Gruene,13
BT03250328F,Verian,2025-03-28,1381,19.03.–25.03.,FDP,3
BT03250328F,Verian,2025-03-28,1381,19.03.–25.03.,Linke,10
BT03250328F,Verian,2025-03-28,1381,19.03.–25.03.,AfD,22
BT03250328F,Verian,2025-03-28,1381,19.03.–25.03.,BSW,4
BT05250329V,INSA,2025-03-29,1204,24.03.–28.03.,CDUCSU,26
BT05250329V,INSA,2025-03-29,1204,24.03.–28.03.,SPD,16
BT05250329V,INSA,2025-03-29,1204,24.03.–28.03.,Gruene,12
BT05250329V,INSA,2025-03-29,1204,24.03.–28.03.,FDP,3
BT05250329V,INSA,2025-03-29,1204,24.03.–28.03.,Linke,10
BT05250329V,INSA,2025-03-29,1204,24.03.–28.03.,AfD,23
BT05250329V,INSA,2025-03-29,1204,24.03.–28.03.,BSW,5
BT05250331W,INSA,2025-03-31,2006,28.03.–31.03.,CDUCSU,26.5
BT05250331W,INSA,2025-03-31,2006,28.03.–31.03.,SPD,15.5
BT05250331W,INSA,2025-03-31,2006,28.03.–31.03.,Gruene,12
BT05250331W,INSA,2025-03-31,2006,28.03.–31.03.,FDP,3.5
BT05250331W,INSA,2025-03-31,2006,28.03.–31.03.,Linke,10.5
BT05250331W,INSA,2025-03-31,2006,28.03.–31.03.,AfD,23.5
BT05250331W,INSA,2025-03-31,2006,28.03.–31.03.,BSW,4.5
BT02250401X,Forsa,2025-04-01,2508,25.03.–31.03.,CDUCSU,25
BT02250401X,Forsa,2025-04-01,2508,25.03.–31.03.,SPD,15
BT02250401X,Forsa,2025-04-01,2508,25.03.–31.03.,Gruene,12
BT02250401X,Forsa,2025-04-01,2508,25.03.–31.03.,FDP,4
BT02250401X,Forsa,2025-04-01,2508,25.03.–31.03.,Linke,10
BT02250401X,Forsa,2025-04-01,2508,25.03.–31.03.,AfD,24
BT02250401X,Forsa,2025-04-01,2508,25.03.–31.03.,BSW,4
BT01250403U,Infratest dimap,2025-04-03,1334,31.03.–02.04.,CDUCSU,26
BT01250403U,Infratest dimap,2025-04-03,1334,31.03.–02.04.,SPD,16
BT01250403U,Infratest dimap,2025-04-03,1334,31.03.–02.04.,Gruene,11
BT01250403U,Infratest dimap,2025-04-03,1334,31.03.–02.04.,FDP,4
BT01250403U,Infratest dimap,2025-04-03,1334,31.03.–02.04.,Linke,10
BT01250403U,Infratest dimap,2025-04-03,1334,31.03.–02.04.,AfD,24
BT01250403U,Infratest dimap,2025-04-03,1334,31.03.–02.04.,BSW,4
BT05250405X,INSA,2025-04-05,1206,31.03.–04.04.,CDUCSU,24
BT05250405X,INSA,2025-04-05,1206,31.03.–04.04.,SPD,16
BT05250405X,INSA,2025-04-05,1206,31.03.–04.04.,Gruene,11
BT05250405X,INSA,2025-04-05,1206,31.03.–04.04.,FDP,4
BT05250405X,INSA,2025-04-05,1206,31.03.–04.04.,Linke,11
BT05250405X,INSA,2025-04-05,1206,31.03.–04.04.,AfD,24
BT05250405X,INSA,2025-04-05,1206,31.03.–04.04.,BSW,4
BT04250407B,GMS,2025-04-07,1022,02.04.–07.04.,CDUCSU,26
BT04250407B,GMS,2025-04-07,1022,02.04.–07.04.,SPD,15
BT04250407B,GMS,2025-04-07,1022,02.04.–07.04.,Gruene,11
BT04250407B,GMS,2025-04-07,1022,02.04.–07.04.,FDP,4
BT04250407B,GMS,2025-04-07,1022,02.04.–07.04.,Linke,10
BT04250407B,GMS,2025-04-07,1022,02.04.–07.04.,AfD,25
BT04250407B,GMS,2025-04-07,1022,02.04.–07.04.,BSW,4
BT05250407Y,INSA,2025-04-07,2008,04.04.–07.04.,CDUCSU,24.5
BT05250407Y,INSA,2025-04-07,2008,04.04.–07.04.,SPD,16
BT05250407Y,INSA,2025-04-07,2008,04.04.–07.04.,Gruene,10.5
BT05250407Y,INSA,2025-04-07,2008,04.04.–07.04.,FDP,4
BT05250407Y,INSA,2025-04-07,2008,04.04.–07.04.,Linke,10.5
BT05250407Y,INSA,2025-04-07,2008,04.04.–07.04.,AfD,24.5
BT05250407Y,INSA,2025-04-07,2008,04.04.–07.04.,BSW,4.5
BT02250408Y,Forsa,2025-04-08,2501,01.04.–07.04.,CDUCSU,25
BT02250408Y,Forsa,2025-04-08,2501,01.04.–07.04.,SPD,15
BT02250408Y,Forsa,2025-04-08,2501,01.04.–07.04.,Gruene,12
BT02250408Y,Forsa,2025-04-08,2501,01.04.–07.04.,FDP,3
BT02250408Y,Forsa,2025-04-08,2501,01.04.–07.04.,Linke,10
BT02250408Y,Forsa,2025-04-08,2501,01.04.–07.04.,AfD,24
BT02250408Y,Forsa,2025-04-08,2501,01.04.–07.04.,BSW,4
BT06250411L,Forschungsgruppe Wahlen,2025-04-11,1322,08.04.–10.04.,CDUCSU,26
BT06250411L,Forschungsgruppe Wahlen,2025-04-11,1322,08.04.–10.04.,SPD,15
BT06250411L,Forschungsgruppe Wahlen,2025-04-11,1322,08.04.–10.04.,Gruene,12
BT06250411L,Forschungsgruppe Wahlen,2025-04-11,1322,08.04.–10.04.,FDP,4
BT06250411L,Forschungsgruppe Wahlen,2025-04-11,1322,08.04.–10.04.,Linke,10
BT06250411L,Forschungsgruppe Wahlen,2025-04-11,1322,08.04.–10.04.,AfD,24
BT06250411L,Forschungsgruppe Wahlen,2025-04-11,1322,08.04.–10.04.,BSW,3
BT05250412A,INSA,2025-04-12,1202,07.04.–11.04.,CDUCSU,25
BT05250412A,INSA,2025-04-12,1202,07.04.–11.04.,SPD,16
BT05250412A,INSA,2025-04-12,1202,07.04.–11.04.,Gruene,11
BT05250412A,INSA,2025-04-12,1202,07.04.–11.04.,FDP,3
BT05250412A,INSA,2025-04-12,1202,07.04.–11.04.,Linke,10
BT05250412A,INSA,2025-04-12,1202,07.04.–11.04.,AfD,24
BT05250412A,INSA,2025-04-12,1202,07.04.–11.04.,BSW,5
BT05250414B,INSA,2025-04-14,2002,11.04.–14.04.,CDUCSU,25.5
BT05250414B,INSA,2025-04-14,2002,11.04.–14.04.,SPD,16
BT05250414B,INSA,2025-04-14,2002,11.04.–14.04.,Gruene,11
BT05250414B,INSA,2025-04-14,2002,11.04.–14.04.,FDP,3.5
BT05250414B,INSA,2025-04-14,2002,11.04.–14.04.,Linke,10
BT05250414B,INSA,2025-04-14,2002,11.04.–14.04.,AfD,24.5
BT05250414B,INSA,2025-04-14,2002,11.04.–14.04.,BSW,4.5
BT02250415A,Forsa,2025-04-15,2502,08.04.–14.04.,CDUCSU,25
BT02250415A,Forsa,2025-04-15,2502,08.04.–14.04.,SPD,15
BT02250415A,Forsa,2025-04-15,2502,08.04.–14.04.,Gruene,12
BT02250415A,Forsa,2025-04-15,2502,08.04.–14.04.,FDP,3
BT02250415A,Forsa,2025-04-15,2502,08.04.–14.04.,Linke,10
BT02250415A,Forsa,2025-04-15,2502,08.04.–14.04.,AfD,24
BT02250415A,Forsa,2025-04-15,2502,08.04.–14.04.,BSW,4
BT09250419L,Allensbach,2025-04-19,1048,28.03.–09.04.,CDUCSU,27
BT09250419L,Allensbach,2025-04-19,1048,28.03.–09.04.,SPD,16
BT09250419L,Allensbach,2025-04-19,1048,28.03.–09.04.,Gruene,12
BT09250419L,Allensbach,2025-04-19,1048,28.03.–09.04.,FDP,3
BT09250419L,Allensbach,2025-04-19,1048,28.03.–09.04.,Linke,10
BT09250419L,Allensbach,2025-04-19,1048,28.03.–09.04.,AfD,23.5
BT09250419L,Allensbach,2025-04-19,1048,28.03.–09.04.,BSW,4
BT05250419C,INSA,2025-04-19,1205,14.04.–17.04.,CDUCSU,25
BT05250419C,INSA,2025-04-19,1205,14.04.–17.04.,SPD,16
BT05250419C,INSA,2025-04-19,1205,14.04.–17.04.,Gruene,11
BT05250419C,INSA,2025-04-19,1205,14.04.–17.04.,FDP,4
BT05250419C,INSA,2025-04-19,1205,14.04.–17.04.,Linke,10
BT05250419C,INSA,2025-04-19,1205,14.04.–17.04.,AfD,24
BT05250419C,INSA,2025-04-19,1205,14.04.–17.04.,BSW,5
BT02250422B,Forsa,2025-04-22,1502,15.04.–17.04.,CDUCSU,25
BT02250422B,Forsa,2025-04-22,1502,15.04.–17.04.,SPD,15
BT02250422B,Forsa,2025-04-22,1502,15.04.–17.04.,Gruene,11
BT02250422B,Forsa,2025-04-22,1502,15.04.–17.04.,FDP,4
BT02250422B,Forsa,2025-04-22,1502,15.04.–17.04.,Linke,9
BT02250422B,Forsa,2025-04-22,1502,15.04.–17.04.,AfD,26
BT02250422B,Forsa,2025-04-22,1502,15.04.–17.04.,BSW,4
BT05250422D,INSA,2025-04-22,2010,17.04.–22.04.,CDUCSU,25
BT05250422D,INSA,2025-04-22,2010,17.04.–22.04.,SPD,15
BT05250422D,INSA,2025-04-22,2010,17.04.–22.04.,Gruene,11
BT05250422D,INSA,2025-04-22,2010,17.04.–22.04.,FDP,3.5
BT05250422D,INSA,2025-04-22,2010,17.04.–22.04.,Linke,10
BT05250422D,INSA,2025-04-22,2010,17.04.–22.04.,AfD,25
BT05250422D,INSA,2025-04-22,2010,17.04.–22.04.,BSW,5
BT03250425G,Verian,2025-04-25,1469,15.04.–22.04.,CDUCSU,26
BT03250425G,Verian,2025-04-25,1469,15.04.–22.04.,SPD,16
BT03250425G,Verian,2025-04-25,1469,15.04.–22.04.,Gruene,12
BT03250425G,Verian,2025-04-25,1469,15.04.–22.04.,FDP,3
BT03250425G,Verian,2025-04-25,1469,15.04.–22.04.,Linke,9
BT03250425G,Verian,2025-04-25,1469,15.04.–22.04.,AfD,24
BT03250425G,Verian,2025-04-25,1469,15.04.–22.04.,BSW,4
BT05250425E,INSA,2025-04-25,1204,22.04.–25.04.,CDUCSU,25
BT05250425E,INSA,2025-04-25,1204,22.04.–25.04.,SPD,15
BT05250425E,INSA,2025-04-25,1204,22.04.–25.04.,Gruene,12
BT05250425E,INSA,2025-04-25,1204,22.04.–25.04.,FDP,3
BT05250425E,INSA,2025-04-25,1204,22.04.–25.04.,Linke,10
BT05250425E,INSA,2025-04-25,1204,22.04.–25.04.,AfD,25
BT05250425E,INSA,2025-04-25,1204,22.04.–25.04.,BSW,4
BT05250428F,INSA,2025-04-28,2006,25.04.–28.04.,CDUCSU,25
BT05250428F,INSA,2025-04-28,2006,25.04.–28.04.,SPD,15.5
BT05250428F,INSA,2025-04-28,2006,25.04.–28.04.,Gruene,11
BT05250428F,INSA,2025-04-28,2006,25.04.–28.04.,FDP,3
BT05250428F,INSA,2025-04-28,2006,25.04.–28.04.,Linke,10
BT05250428F,INSA,2025-04-28,2006,25.04.–28.04.,AfD,25
BT05250428F,INSA,2025-04-28,2006,25.04.–28.04.,BSW,4
BT02250429C,Forsa,2025-04-29,2004,22.04.–28.04.,CDUCSU,24
BT02250429C,Forsa,2025-04-29,2004,22.04.–28.04.,SPD,14
BT02250429C,Forsa,2025-04-29,2004,22.04.–28.04.,Gruene,12
BT02250429C,Forsa,2025-04-29,2004,22.04.–28.04.,FDP,3
BT02250429C,Forsa,2025-04-29,2004,22.04.–28.04.,Linke,10
BT02250429C,Forsa,2025-04-29,2004,22.04.–28.04.,AfD,26
BT02250429C,Forsa,2025-04-29,2004,22.04.–28.04.,BSW,4
BT13250430J,YouGov,2025-04-30,1987,25.04.–28.04.,CDUCSU,26
BT13250430J,YouGov,2025-04-30,1987,25.04.–28.04.,SPD,14
BT13250430J,YouGov,2025-04-30,1987,25.04.–28.04.,Gruene,12
BT13250430J,YouGov,2025-04-30,1987,25.04.–28.04.,FDP,4
BT13250430J,YouGov,2025-04-30,1987,25.04.–28.04.,Linke,10
BT13250430J,YouGov,2025-04-30,1987,25.04.–28.04.,AfD,26
BT13250430J,YouGov,2025-04-30,1987,25.04.–28.04.,BSW,5
BT06250502M,Forschungsgruppe Wahlen,2025-05-02,1297,28.04.–30.04.,CDUCSU,27
BT06250502M,Forschungsgruppe Wahlen,2025-05-02,1297,28.04.–30.04.,SPD,15
BT06250502M,Forschungsgruppe Wahlen,2025-05-02,1297,28.04.–30.04.,Gruene,11
BT06250502M,Forschungsgruppe Wahlen,2025-05-02,1297,28.04.–30.04.,FDP,4
BT06250502M,Forschungsgruppe Wahlen,2025-05-02,1297,28.04.–30.04.,Linke,10
BT06250502M,Forschungsgruppe Wahlen,2025-05-02,1297,28.04.–30.04.,AfD,23
BT06250502M,Forschungsgruppe Wahlen,2025-05-02,1297,28.04.–30.04.,BSW,3
BT05250503G,INSA,2025-05-03,1204,28.04.–02.05.,CDUCSU,25
BT05250503G,INSA,2025-05-03,1204,28.04.–02.05.,SPD,16
BT05250503G,INSA,2025-05-03,1204,28.04.–02.05.,Gruene,12
BT05250503G,INSA,2025-05-03,1204,28.04.–02.05.,FDP,4
BT05250503G,INSA,2025-05-03,1204,28.04.–02.05.,Linke,10
BT05250503G,INSA,2025-05-03,1204,28.04.–02.05.,AfD,24
BT05250503G,INSA,2025-05-03,1204,28.04.–02.05.,BSW,4
BT02250505D,Forsa,2025-05-05,1503,29.04.–02.05.,CDUCSU,25
BT02250505D,Forsa,2025-05-05,1503,29.04.–02.05.,SPD,15
BT02250505D,Forsa,2025-05-05,1503,29.04.–02.05.,Gruene,12
BT02250505D,Forsa,2025-05-05,1503,29.04.–02.05.,FDP,3
BT02250505D,Forsa,2025-05-05,1503,29.04.–02.05.,Linke,10
BT02250505D,Forsa,2025-05-05,1503,29.04.–02.05.,AfD,25
BT02250505D,Forsa,2025-05-05,1503,29.04.–02.05.,BSW,3
BT05250505H,INSA,2025-05-05,2003,02.05.–05.05.,CDUCSU,24.5
BT05250505H,INSA,2025-05-05,2003,02.05.–05.05.,SPD,16
BT05250505H,INSA,2025-05-05,2003,02.05.–05.05.,Gruene,11
BT05250505H,INSA,2025-05-05,2003,02.05.–05.05.,FDP,4
BT05250505H,INSA,2025-05-05,2003,02.05.–05.05.,Linke,10
BT05250505H,INSA,2025-05-05,2003,02.05.–05.05.,AfD,24.5
BT05250505H,INSA,2025-05-05,2003,02.05.–05.05.,BSW,4
BT01250507V,Infratest dimap,2025-05-07,1325,05.05.–06.05.,CDUCSU,27
BT01250507V,Infratest dimap,2025-05-07,1325,05.05.–06.05.,SPD,16
BT01250507V,Infratest dimap,2025-05-07,1325,05.05.–06.05.,Gruene,11
BT01250507V,Infratest dimap,2025-05-07,1325,05.05.–06.05.,FDP,4
BT01250507V,Infratest dimap,2025-05-07,1325,05.05.–06.05.,Linke,10
BT01250507V,Infratest dimap,2025-05-07,1325,05.05.–06.05.,AfD,23
BT01250507V,Infratest dimap,2025-05-07,1325,05.05.–06.05.,BSW,4
BT05250510I,INSA,2025-05-10,1203,05.05.–09.05.,CDUCSU,25
BT05250510I,INSA,2025-05-10,1203,05.05.–09.05.,SPD,16
BT05250510I,INSA,2025-05-10,1203,05.05.–09.05.,Gruene,11
BT05250510I,INSA,2025-05-10,1203,05.05.–09.05.,FDP,4
BT05250510I,INSA,2025-05-10,1203,05.05.–09.05.,Linke,10
BT05250510I,INSA,2025-05-10,1203,05.05.–09.05.,AfD,24
BT05250510I,INSA,2025-05-10,1203,05.05.–09.05.,BSW,4
BT05250512J,INSA,2025-05-12,2004,09.05.–12.05.,CDUCSU,25
BT05250512J,INSA,2025-05-12,2004,09.05.–12.05.,SPD,16
BT05250512J,INSA,2025-05-12,2004,09.05.–12.05.,Gruene,11
BT05250512J,INSA,2025-05-12,2004,09.05.–12.05.,FDP,3.5
BT05250512J,INSA,2025-05-12,2004,09.05.–12.05.,Linke,10
BT05250512J,INSA,2025-05-12,2004,09.05.–12.05.,AfD,24.5
BT05250512J,INSA,2025-05-12,2004,09.05.–12.05.,BSW,4
BT02250513E,Forsa,2025-05-13,3001,05.05.–12.05.,CDUCSU,25
BT02250513E,Forsa,2025-05-13,3001,05.05.–12.05.,SPD,15
BT02250513E,Forsa,2025-05-13,3001,05.05.–12.05.,Gruene,11
BT02250513E,Forsa,2025-05-13,3001,05.05.–12.05.,FDP,3
BT02250513E,Forsa,2025-05-13,3001,05.05.–12.05.,Linke,10
BT02250513E,Forsa,2025-05-13,3001,05.05.–12.05.,AfD,25
BT02250513E,Forsa,2025-05-13,3001,05.05.–12.05.,BSW,4
BT13250514K,YouGov,2025-05-14,1927,09.05.–12.05.,CDUCSU,27
BT13250514K,YouGov,2025-05-14,1927,09.05.–12.05.,SPD,15
BT13250514K,YouGov,2025-05-14,1927,09.05.–12.05.,Gruene,12
BT13250514K,YouGov,2025-05-14,1927,09.05.–12.05.,FDP,3
BT13250514K,YouGov,2025-05-14,1927,09.05.–12.05.,Linke,9
BT13250514K,YouGov,2025-05-14,1927,09.05.–12.05.,AfD,25
BT13250514K,YouGov,2025-05-14,1927,09.05.–12.05.,BSW,4
BT05250516K,INSA,2025-05-16,1205,12.05.–16.05.,CDUCSU,26
BT05250516K,INSA,2025-05-16,1205,12.05.–16.05.,SPD,16
BT05250516K,INSA,2025-05-16,1205,12.05.–16.05.,Gruene,11
BT05250516K,INSA,2025-05-16,1205,12.05.–16.05.,FDP,3
BT05250516K,INSA,2025-05-16,1205,12.05.–16.05.,Linke,10
BT05250516K,INSA,2025-05-16,1205,12.05.–16.05.,AfD,25
BT05250516K,INSA,2025-05-16,1205,12.05.–16.05.,BSW,4
BT04250519C,GMS,2025-05-19,1012,14.05.–19.05.,CDUCSU,26
BT04250519C,GMS,2025-05-19,1012,14.05.–19.05.,SPD,14
BT04250519C,GMS,2025-05-19,1012,14.05.–19.05.,Gruene,12
BT04250519C,GMS,2025-05-19,1012,14.05.–19.05.,FDP,4
BT04250519C,GMS,2025-05-19,1012,14.05.–19.05.,Linke,10
BT04250519C,GMS,2025-05-19,1012,14.05.–19.05.,AfD,23
BT04250519C,GMS,2025-05-19,1012,14.05.–19.05.,BSW,4
BT05250519L,INSA,2025-05-19,2008,16.05.–19.05.,CDUCSU,26
BT05250519L,INSA,2025-05-19,2008,16.05.–19.05.,SPD,15.5
BT05250519L,INSA,2025-05-19,2008,16.05.–19.05.,Gruene,11
BT05250519L,INSA,2025-05-19,2008,16.05.–19.05.,FDP,3.5
BT05250519L,INSA,2025-05-19,2008,16.05.–19.05.,Linke,10
BT05250519L,INSA,2025-05-19,2008,16.05.–19.05.,AfD,24.5
BT05250519L,INSA,2025-05-19,2008,16.05.–19.05.,BSW,4
BT02250520F,Forsa,2025-05-20,2504,13.05.–19.05.,CDUCSU,26
BT02250520F,Forsa,2025-05-20,2504,13.05.–19.05.,SPD,15
BT02250520F,Forsa,2025-05-20,2504,13.05.–19.05.,Gruene,11
BT02250520F,Forsa,2025-05-20,2504,13.05.–19.05.,FDP,4
BT02250520F,Forsa,2025-05-20,2504,13.05.–19.05.,Linke,11
BT02250520F,Forsa,2025-05-20,2504,13.05.–19.05.,AfD,24
BT02250520F,Forsa,2025-05-20,2504,13.05.–19.05.,BSW,3
BT03250521H,Verian,2025-05-21,1468,14.05.–20.05.,CDUCSU,26
BT03250521H,Verian,2025-05-21,1468,14.05.–20.05.,SPD,15
BT03250521H,Verian,2025-05-21,1468,14.05.–20.05.,Gruene,12
BT03250521H,Verian,2025-05-21,1468,14.05.–20.05.,FDP,3
BT03250521H,Verian,2025-05-21,1468,14.05.–20.05.,Linke,11
BT03250521H,Verian,2025-05-21,1468,14.05.–20.05.,AfD,23
BT03250521H,Verian,2025-05-21,1468,14.05.–20.05.,BSW,4
BT06250523N,Forschungsgruppe Wahlen,2025-05-23,1328,20.05.–22.05.,CDUCSU,26
BT06250523N,Forschungsgruppe Wahlen,2025-05-23,1328,20.05.–22.05.,SPD,16
BT06250523N,Forschungsgruppe Wahlen,2025-05-23,1328,20.05.–22.05.,Gruene,12
BT06250523N,Forschungsgruppe Wahlen,2025-05-23,1328,20.05.–22.05.,FDP,4
BT06250523N,Forschungsgruppe Wahlen,2025-05-23,1328,20.05.–22.05.,Linke,10
BT06250523N,Forschungsgruppe Wahlen,2025-05-23,1328,20.05.–22.05.,AfD,23
BT06250523N,Forschungsgruppe Wahlen,2025-05-23,1328,20.05.–22.05.,BSW,3
BT09250524M,Allensbach,2025-05-24,1032,03.05.–14.05.,CDUCSU,28
BT09250524M,Allensbach,2025-05-24,1032,03.05.–14.05.,SPD,17
BT09250524M,Allensbach,2025-05-24,1032,03.05.–14.05.,Gruene,11
BT09250524M,Allensbach,2025-05-24,1032,03.05.–14.05.,FDP,3
BT09250524M,Allensbach,2025-05-24,1032,03.05.–14.05.,Linke,10
BT09250524M,Allensbach,2025-05-24,1032,03.05.–14.05.,AfD,22.5
BT09250524M,Allensbach,2025-05-24,1032,03.05.–14.05.,BSW,4
BT05250524M,INSA,2025-05-24,1198,19.05.–23.05.,CDUCSU,27
BT05250524M,INSA,2025-05-24,1198,19.05.–23.05.,SPD,16
BT05250524M,INSA,2025-05-24,1198,19.05.–23.05.,Gruene,11
BT05250524M,INSA,2025-05-24,1198,19.05.–23.05.,FDP,4
BT05250524M,INSA,2025-05-24,1198,19.05.–23.05.,Linke,10
BT05250524M,INSA,2025-05-24,1198,19.05.–23.05.,AfD,24
BT05250524M,INSA,2025-05-24,1198,19.05.–23.05.,BSW,4
BT05250526N,INSA,2025-05-26,2006,23.05.–26.05.,CDUCSU,26
BT05250526N,INSA,2025-05-26,2006,23.05.–26.05.,SPD,16
BT05250526N,INSA,2025-05-26,2006,23.05.–26.05.,Gruene,11
BT05250526N,INSA,2025-05-26,2006,23.05.–26.05.,FDP,3.5
BT05250526N,INSA,2025-05-26,2006,23.05.–26.05.,Linke,10
BT05250526N,INSA,2025-05-26,2006,23.05.–26.05.,AfD,24.5
BT05250526N,INSA,2025-05-26,2006,23.05.–26.05.,BSW,4.5
BT02250527G,Forsa,2025-05-27,2501,20.05.–26.05.,CDUCSU,26
BT02250527G,Forsa,2025-05-27,2501,20.05.–26.05.,SPD,15
BT02250527G,Forsa,2025-05-27,2501,20.05.–26.05.,Gruene,11
BT02250527G,Forsa,2025-05-27,2501,20.05.–26.05.,FDP,4
BT02250527G,Forsa,2025-05-27,2501,20.05.–26.05.,Linke,11
BT02250527G,Forsa,2025-05-27,2501,20.05.–26.05.,AfD,24
BT02250527G,Forsa,2025-05-27,2501,20.05.–26.05.,BSW,3
BT05250531O,INSA,2025-05-31,1203,26.05.–30.05.,CDUCSU,26
BT05250531O,INSA,2025-05-31,1203,26.05.–30.05.,SPD,17
BT05250531O,INSA,2025-05-31,1203,26.05.–30.05.,Gruene,10
BT05250531O,INSA,2025-05-31,1203,26.05.–30.05.,FDP,4
BT05250531O,INSA,2025-05-31,1203,26.05.–30.05.,Linke,11
BT05250531O,INSA,2025-05-31,1203,26.05.–30.05.,AfD,24
BT05250531O,INSA,2025-05-31,1203,26.05.–30.05.,BSW,4
BT05250602P,INSA,2025-06-02,2002,30.05.–02.06.,CDUCSU,26.5
BT05250602P,INSA,2025-06-02,2002,30.05.–02.06.,SPD,16
BT05250602P,INSA,2025-06-02,2002,30.05.–02.06.,Gruene,10.5
BT05250602P,INSA,2025-06-02,2002,30.05.–02.06.,FDP,4
BT05250602P,INSA,2025-06-02,2002,30.05.–02.06.,Linke,10.5
BT05250602P,INSA,2025-06-02,2002,30.05.–02.06.,AfD,24.5
BT05250602P,INSA,2025-06-02,2002,30.05.–02.06.,BSW,4
BT02250603H,Forsa,2025-06-03,2002,27.05.–02.06.,CDUCSU,27
BT02250603H,Forsa,2025-06-03,2002,27.05.–02.06.,SPD,15
BT02250603H,Forsa,2025-06-03,2002,27.05.–02.06.,Gruene,12
BT02250603H,Forsa,2025-06-03,2002,27.05.–02.06.,FDP,3
BT02250603H,Forsa,2025-06-03,2002,27.05.–02.06.,Linke,11
BT02250603H,Forsa,2025-06-03,2002,27.05.–02.06.,AfD,23
BT02250603H,Forsa,2025-06-03,2002,27.05.–02.06.,BSW,3
BT01250604W,Infratest dimap,2025-06-04,1292,02.06.–03.06.,CDUCSU,29
BT01250604W,Infratest dimap,2025-06-04,1292,02.06.–03.06.,SPD,15
BT01250604W,Infratest dimap,2025-06-04,1292,02.06.–03.06.,Gruene,12
BT01250604W,Infratest dimap,2025-06-04,1292,02.06.–03.06.,FDP,4
BT01250604W,Infratest dimap,2025-06-04,1292,02.06.–03.06.,Linke,9
BT01250604W,Infratest dimap,2025-06-04,1292,02.06.–03.06.,AfD,23
BT01250604W,Infratest dimap,2025-06-04,1292,02.06.–03.06.,BSW,4
BT06250606O,Forschungsgruppe Wahlen,2025-06-06,1247,03.06.–05.06.,CDUCSU,27
BT06250606O,Forschungsgruppe Wahlen,2025-06-06,1247,03.06.–05.06.,SPD,15
BT06250606O,Forschungsgruppe Wahlen,2025-06-06,1247,03.06.–05.06.,Gruene,12
BT06250606O,Forschungsgruppe Wahlen,2025-06-06,1247,03.06.–05.06.,FDP,3
BT06250606O,Forschungsgruppe Wahlen,2025-06-06,1247,03.06.–05.06.,Linke,11
BT06250606O,Forschungsgruppe Wahlen,2025-06-06,1247,03.06.–05.06.,AfD,23
BT06250606O,Forschungsgruppe Wahlen,2025-06-06,1247,03.06.–05.06.,BSW,3
BT05250607Q,INSA,2025-06-07,1202,02.06.–06.06.,CDUCSU,27
BT05250607Q,INSA,2025-06-07,1202,02.06.–06.06.,SPD,16
BT05250607Q,INSA,2025-06-07,1202,02.06.–06.06.,Gruene,11
BT05250607Q,INSA,2025-06-07,1202,02.06.–06.06.,FDP,4
BT05250607Q,INSA,2025-06-07,1202,02.06.–06.06.,Linke,10
BT05250607Q,INSA,2025-06-07,1202,02.06.–06.06.,AfD,23
BT05250607Q,INSA,2025-06-07,1202,02.06.–06.06.,BSW,4
BT02250610I,Forsa,2025-06-10,2002,03.06.–06.06.,CDUCSU,27
BT02250610I,Forsa,2025-06-10,2002,03.06.–06.06.,SPD,14
BT02250610I,Forsa,2025-06-10,2002,03.06.–06.06.,Gruene,11
BT02250610I,Forsa,2025-06-10,2002,03.06.–06.06.,FDP,4
BT02250610I,Forsa,2025-06-10,2002,03.06.–06.06.,Linke,11
BT02250610I,Forsa,2025-06-10,2002,03.06.–06.06.,AfD,24
BT02250610I,Forsa,2025-06-10,2002,03.06.–06.06.,BSW,3
BT05250610R,INSA,2025-06-10,2004,06.06.–10.06.,CDUCSU,27.5
BT05250610R,INSA,2025-06-10,2004,06.06.–10.06.,SPD,16
BT05250610R,INSA,2025-06-10,2004,06.06.–10.06.,Gruene,11
BT05250610R,INSA,2025-06-10,2004,06.06.–10.06.,FDP,4
BT05250610R,INSA,2025-06-10,2004,06.06.–10.06.,Linke,10
BT05250610R,INSA,2025-06-10,2004,06.06.–10.06.,AfD,22.5
BT05250610R,INSA,2025-06-10,2004,06.06.–10.06.,BSW,4.5
BT05250614S,INSA,2025-06-14,1203,10.06.–13.06.,CDUCSU,27
BT05250614S,INSA,2025-06-14,1203,10.06.–13.06.,SPD,17
BT05250614S,INSA,2025-06-14,1203,10.06.–13.06.,Gruene,11
BT05250614S,INSA,2025-06-14,1203,10.06.–13.06.,FDP,4
BT05250614S,INSA,2025-06-14,1203,10.06.–13.06.,Linke,10
BT05250614S,INSA,2025-06-14,1203,10.06.–13.06.,AfD,23
BT05250614S,INSA,2025-06-14,1203,10.06.–13.06.,BSW,4
BT05250616T,INSA,2025-06-16,2006,13.06.–16.06.,CDUCSU,27
BT05250616T,INSA,2025-06-16,2006,13.06.–16.06.,SPD,16
BT05250616T,INSA,2025-06-16,2006,13.06.–16.06.,Gruene,11.5
BT05250616T,INSA,2025-06-16,2006,13.06.–16.06.,FDP,4
BT05250616T,INSA,2025-06-16,2006,13.06.–16.06.,Linke,10.5
BT05250616T,INSA,2025-06-16,2006,13.06.–16.06.,AfD,23
BT05250616T,INSA,2025-06-16,2006,13.06.–16.06.,BSW,4
BT02250617J,Forsa,2025-06-17,2502,10.06.–16.06.,CDUCSU,28
BT02250617J,Forsa,2025-06-17,2502,10.06.–16.06.,SPD,14
BT02250617J,Forsa,2025-06-17,2502,10.06.–16.06.,Gruene,11
BT02250617J,Forsa,2025-06-17,2502,10.06.–16.06.,FDP,4
BT02250617J,Forsa,2025-06-17,2502,10.06.–16.06.,Linke,10
BT02250617J,Forsa,2025-06-17,2502,10.06.–16.06.,AfD,23
BT02250617J,Forsa,2025-06-17,2502,10.06.–16.06.,BSW,4
BT13250618L,YouGov,2025-06-18,1912,13.06.–16.06.,CDUCSU,28
BT13250618L,YouGov,2025-06-18,1912,13.06.–16.06.,SPD,14
BT13250618L,YouGov,2025-06-18,1912,13.06.–16.06.,Gruene,12
BT13250618L,YouGov,2025-06-18,1912,13.06.–16.06.,FDP,3
BT13250618L,YouGov,2025-06-18,1912,13.06.–16.06.,Linke,8
BT13250618L,YouGov,2025-06-18,1912,13.06.–16.06.,AfD,23
BT13250618L,YouGov,2025-06-18,1912,13.06.–16.06.,BSW,5
BT03250619I,Verian,2025-06-19,1462,11.06.–17.06.,CDUCSU,28
BT03250619I,Verian,2025-06-19,1462,11.06.–17.06.,SPD,15
BT03250619I,Verian,2025-06-19,1462,11.06.–17.06.,Gruene,12
BT03250619I,Verian,2025-06-19,1462,11.06.–17.06.,FDP,3
BT03250619I,Verian,2025-06-19,1462,11.06.–17.06.,Linke,10
BT03250619I,Verian,2025-06-19,1462,11.06.–17.06.,AfD,23
BT03250619I,Verian,2025-06-19,1462,11.06.–17.06.,BSW,4
BT09250620N,Allensbach,2025-06-20,1054,01.06.–12.06.,CDUCSU,29
BT09250620N,Allensbach,2025-06-20,1054,01.06.–12.06.,SPD,16
BT09250620N,Allensbach,2025-06-20,1054,01.06.–12.06.,Gruene,11
BT09250620N,Allensbach,2025-06-20,1054,01.06.–12.06.,FDP,4
BT09250620N,Allensbach,2025-06-20,1054,01.06.–12.06.,Linke,9
BT09250620N,Allensbach,2025-06-20,1054,01.06.–12.06.,AfD,23
BT09250620N,Allensbach,2025-06-20,1054,01.06.–12.06.,BSW,4
BT05250621U,INSA,2025-06-21,1205,16.06.–20.06.,CDUCSU,28
BT05250621U,INSA,2025-06-21,1205,16.06.–20.06.,SPD,16
BT05250621U,INSA,2025-06-21,1205,16.06.–20.06.,Gruene,11
BT05250621U,INSA,2025-06-21,1205,16.06.–20.06.,FDP,4
BT05250621U,INSA,2025-06-21,1205,16.06.–20.06.,Linke,9
BT05250621U,INSA,2025-06-21,1205,16.06.–20.06.,AfD,23
BT05250621U,INSA,2025-06-21,1205,16.06.–20.06.,BSW,4
BT02250623K,Forsa,2025-06-23,2003,17.06.–20.06.,CDUCSU,28
BT02250623K,Forsa,2025-06-23,2003,17.06.–20.06.,SPD,14
BT02250623K,Forsa,2025-06-23,2003,17.06.–20.06.,Gruene,11
BT02250623K,Forsa,2025-06-23,2003,17.06.–20.06.,FDP,3
BT02250623K,Forsa,2025-06-23,2003,17.06.–20.06.,Linke,11
BT02250623K,Forsa,2025-06-23,2003,17.06.–20.06.,AfD,24
BT02250623K,Forsa,2025-06-23,2003,17.06.–20.06.,BSW,3
BT05250623V,INSA,2025-06-23,2002,20.06.–23.06.,CDUCSU,27.5
BT05250623V,INSA,2025-06-23,2002,20.06.–23.06.,SPD,16
BT05250623V,INSA,2025-06-23,2002,20.06.–23.06.,Gruene,11.5
BT05250623V,INSA,2025-06-23,2002,20.06.–23.06.,FDP,4
BT05250623V,INSA,2025-06-23,2002,20.06.–23.06.,Linke,10
BT05250623V,INSA,2025-06-23,2002,20.06.–23.06.,AfD,23
BT05250623V,INSA,2025-06-23,2002,20.06.–23.06.,BSW,4.5
BT06250627P,Forschungsgruppe Wahlen,2025-06-27,1378,24.06.–26.06.,CDUCSU,29
BT06250627P,Forschungsgruppe Wahlen,2025-06-27,1378,24.06.–26.06.,SPD,15
BT06250627P,Forschungsgruppe Wahlen,2025-06-27,1378,24.06.–26.06.,Gruene,12
BT06250627P,Forschungsgruppe Wahlen,2025-06-27,1378,24.06.–26.06.,FDP,3
BT06250627P,Forschungsgruppe Wahlen,2025-06-27,1378,24.06.–26.06.,Linke,10
BT06250627P,Forschungsgruppe Wahlen,2025-06-27,1378,24.06.–26.06.,AfD,22
BT06250627P,Forschungsgruppe Wahlen,2025-06-27,1378,24.06.–26.06.,BSW,3
BT05250627W,INSA,2025-06-27,1202,23.06.–27.06.,CDUCSU,28
BT05250627W,INSA,2025-06-27,1202,23.06.–27.06.,SPD,16
BT05250627W,INSA,2025-06-27,1202,23.06.–27.06.,Gruene,11
BT05250627W,INSA,2025-06-27,1202,23.06.–27.06.,FDP,3
BT05250627W,INSA,2025-06-27,1202,23.06.–27.06.,Linke,9
BT05250627W,INSA,2025-06-27,1202,23.06.–27.06.,AfD,24
BT05250627W,INSA,2025-06-27,1202,23.06.–27.06.,BSW,5
BT02250701L,Forsa,2025-07-01,2501,24.06.–30.06.,CDUCSU,28
BT02250701L,Forsa,2025-07-01,2501,24.06.–30.06.,SPD,14
BT02250701L,Forsa,2025-07-01,2501,24.06.–30.06.,Gruene,11
BT02250701L,Forsa,2025-07-01,2501,24.06.–30.06.,FDP,3
BT02250701L,Forsa,2025-07-01,2501,24.06.–30.06.,Linke,11
BT02250701L,Forsa,2025-07-01,2501,24.06.–30.06.,AfD,24
BT02250701L,Forsa,2025-07-01,2501,24.06.–30.06.,BSW,3
BT04250701D,GMS,2025-07-01,1007,25.06.–30.06.,CDUCSU,29
BT04250701D,GMS,2025-07-01,1007,25.06.–30.06.,SPD,15
BT04250701D,GMS,2025-07-01,1007,25.06.–30.06.,Gruene,13
BT04250701D,GMS,2025-07-01,1007,25.06.–30.06.,FDP,4
BT04250701D,GMS,2025-07-01,1007,25.06.–30.06.,Linke,9
BT04250701D,GMS,2025-07-01,1007,25.06.–30.06.,AfD,22
BT04250701D,GMS,2025-07-01,1007,25.06.–30.06.,BSW,3
BT05250701X,INSA,2025-07-01,2008,27.06.–30.06.,CDUCSU,28
BT05250701X,INSA,2025-07-01,2008,27.06.–30.06.,SPD,15.5
BT05250701X,INSA,2025-07-01,2008,27.06.–30.06.,Gruene,11.5
BT05250701X,INSA,2025-07-01,2008,27.06.–30.06.,FDP,3.5
BT05250701X,INSA,2025-07-01,2008,27.06.–30.06.,Linke,9.5
BT05250701X,INSA,2025-07-01,2008,27.06.–30.06.,AfD,23.5
BT05250701X,INSA,2025-07-01,2008,27.06.–30.06.,BSW,5
BT01250703X,Infratest dimap,2025-07-03,1312,30.06.–02.07.,CDUCSU,30
BT01250703X,Infratest dimap,2025-07-03,1312,30.06.–02.07.,SPD,13
BT01250703X,Infratest dimap,2025-07-03,1312,30.06.–02.07.,Gruene,12
BT01250703X,Infratest dimap,2025-07-03,1312,30.06.–02.07.,FDP,3
BT01250703X,Infratest dimap,2025-07-03,1312,30.06.–02.07.,Linke,10
BT01250703X,Infratest dimap,2025-07-03,1312,30.06.–02.07.,AfD,23
BT01250703X,Infratest dimap,2025-07-03,1312,30.06.–02.07.,BSW,4
BT05250705Y,INSA,2025-07-05,1205,30.06.–04.07.,CDUCSU,28
BT05250705Y,INSA,2025-07-05,1205,30.06.–04.07.,SPD,15
BT05250705Y,INSA,2025-07-05,1205,30.06.–04.07.,Gruene,11
BT05250705Y,INSA,2025-07-05,1205,30.06.–04.07.,FDP,4
BT05250705Y,INSA,2025-07-05,1205,30.06.–04.07.,Linke,11
BT05250705Y,INSA,2025-07-05,1205,30.06.–04.07.,AfD,24
BT05250705Y,INSA,2025-07-05,1205,30.06.–04.07.,BSW,4
BT05250707A,INSA,2025-07-07,2007,04.07.–07.07.,CDUCSU,28
BT05250707A,INSA,2025-07-07,2007,04.07.–07.07.,SPD,14.5
BT05250707A,INSA,2025-07-07,2007,04.07.–07.07.,Gruene,11
BT05250707A,INSA,2025-07-07,2007,04.07.–07.07.,FDP,3.5
BT05250707A,INSA,2025-07-07,2007,04.07.–07.07.,Linke,11
BT05250707A,INSA,2025-07-07,2007,04.07.–07.07.,AfD,23.5
BT05250707A,INSA,2025-07-07,2007,04.07.–07.07.,BSW,4.5
BT02250708M,Forsa,2025-07-08,2503,01.07.–07.07.,CDUCSU,27
BT02250708M,Forsa,2025-07-08,2503,01.07.–07.07.,SPD,13
BT02250708M,Forsa,2025-07-08,2503,01.07.–07.07.,Gruene,12
BT02250708M,Forsa,2025-07-08,2503,01.07.–07.07.,FDP,3
BT02250708M,Forsa,2025-07-08,2503,01.07.–07.07.,Linke,11
BT02250708M,Forsa,2025-07-08,2503,01.07.–07.07.,AfD,24
BT02250708M,Forsa,2025-07-08,2503,01.07.–07.07.,BSW,4
BT05250712B,INSA,2025-07-12,1202,07.07.–11.07.,CDUCSU,28
BT05250712B,INSA,2025-07-12,1202,07.07.–11.07.,SPD,15
BT05250712B,INSA,2025-07-12,1202,07.07.–11.07.,Gruene,11
BT05250712B,INSA,2025-07-12,1202,07.07.–11.07.,FDP,3
BT05250712B,INSA,2025-07-12,1202,07.07.–11.07.,Linke,11
BT05250712B,INSA,2025-07-12,1202,07.07.–11.07.,AfD,24
BT05250712B,INSA,2025-07-12,1202,07.07.–11.07.,BSW,4
BT05250714C,INSA,2025-07-14,2004,11.07.–14.07.,CDUCSU,27.5
BT05250714C,INSA,2025-07-14,2004,11.07.–14.07.,SPD,15
BT05250714C,INSA,2025-07-14,2004,11.07.–14.07.,Gruene,11
BT05250714C,INSA,2025-07-14,2004,11.07.–14.07.,FDP,3.5
BT05250714C,INSA,2025-07-14,2004,11.07.–14.07.,Linke,10.5
BT05250714C,INSA,2025-07-14,2004,11.07.–14.07.,AfD,23.5
BT05250714C,INSA,2025-07-14,2004,11.07.–14.07.,BSW,4.5
BT02250715N,Forsa,2025-07-15,2503,08.07.–14.07.,CDUCSU,26
BT02250715N,Forsa,2025-07-15,2503,08.07.–14.07.,SPD,13
BT02250715N,Forsa,2025-07-15,2503,08.07.–14.07.,Gruene,12
BT02250715N,Forsa,2025-07-15,2503,08.07.–14.07.,FDP,4
BT02250715N,Forsa,2025-07-15,2503,08.07.–14.07.,Linke,11
BT02250715N,Forsa,2025-07-15,2503,08.07.–14.07.,AfD,24
BT02250715N,Forsa,2025-07-15,2503,08.07.–14.07.,BSW,4
BT13250716M,YouGov,2025-07-16,1820,11.07.–14.07.,CDUCSU,27
BT13250716M,YouGov,2025-07-16,1820,11.07.–14.07.,SPD,14
BT13250716M,YouGov,2025-07-16,1820,11.07.–14.07.,Gruene,11
BT13250716M,YouGov,2025-07-16,1820,11.07.–14.07.,FDP,3
BT13250716M,YouGov,2025-07-16,1820,11.07.–14.07.,Linke,10
BT13250716M,YouGov,2025-07-16,1820,11.07.–14.07.,AfD,25
BT13250716M,YouGov,2025-07-16,1820,11.07.–14.07.,BSW,5
BT09250719O,Allensbach,2025-07-19,1054,04.07.–16.07.,CDUCSU,29
BT09250719O,Allensbach,2025-07-19,1054,04.07.–16.07.,SPD,15
BT09250719O,Allensbach,2025-07-19,1054,04.07.–16.07.,Gruene,12
BT09250719O,Allensbach,2025-07-19,1054,04.07.–16.07.,FDP,4
BT09250719O,Allensbach,2025-07-19,1054,04.07.–16.07.,Linke,9
BT09250719O,Allensbach,2025-07-19,1054,04.07.–16.07.,AfD,23
BT09250719O,Allensbach,2025-07-19,1054,04.07.–16.07.,BSW,3.5
BT05250719D,INSA,2025-07-19,1205,14.07.–18.07.,CDUCSU,27
BT05250719D,INSA,2025-07-19,1205,14.07.–18.07.,SPD,15
BT05250719D,INSA,2025-07-19,1205,14.07.–18.07.,Gruene,11
BT05250719D,INSA,2025-07-19,1205,14.07.–18.07.,FDP,3
BT05250719D,INSA,2025-07-19,1205,14.07.–18.07.,Linke,11
BT05250719D,INSA,2025-07-19,1205,14.07.–18.07.,AfD,24
BT05250719D,INSA,2025-07-19,1205,14.07.–18.07.,BSW,5
BT05250721E,INSA,2025-07-21,2005,18.07.–21.07.,CDUCSU,27.5
BT05250721E,INSA,2025-07-21,2005,18.07.–21.07.,SPD,14
BT05250721E,INSA,2025-07-21,2005,18.07.–21.07.,Gruene,10.5
BT05250721E,INSA,2025-07-21,2005,18.07.–21.07.,FDP,3.5
BT05250721E,INSA,2025-07-21,2005,18.07.–21.07.,Linke,10.5
BT05250721E,INSA,2025-07-21,2005,18.07.–21.07.,AfD,24
BT05250721E,INSA,2025-07-21,2005,18.07.–21.07.,BSW,4.5
BT02250722O,Forsa,2025-07-22,2502,15.07.–21.07.,CDUCSU,25
BT02250722O,Forsa,2025-07-22,2502,15.07.–21.07.,SPD,13
BT02250722O,Forsa,2025-07-22,2502,15.07.–21.07.,Gruene,12
BT02250722O,Forsa,2025-07-22,2502,15.07.–21.07.,FDP,3
BT02250722O,Forsa,2025-07-22,2502,15.07.–21.07.,Linke,12
BT02250722O,Forsa,2025-07-22,2502,15.07.–21.07.,AfD,25
BT02250722O,Forsa,2025-07-22,2502,15.07.–21.07.,BSW,4
BT06250725Q,Forschungsgruppe Wahlen,2025-07-25,1367,22.07.–24.07.,CDUCSU,27
BT06250725Q,Forschungsgruppe Wahlen,2025-07-25,1367,22.07.–24.07.,SPD,15
BT06250725Q,Forschungsgruppe Wahlen,2025-07-25,1367,22.07.–24.07.,Gruene,11
BT06250725Q,Forschungsgruppe Wahlen,2025-07-25,1367,22.07.–24.07.,FDP,3
BT06250725Q,Forschungsgruppe Wahlen,2025-07-25,1367,22.07.–24.07.,Linke,11
BT06250725Q,Forschungsgruppe Wahlen,2025-07-25,1367,22.07.–24.07.,AfD,24
BT06250725Q,Forschungsgruppe Wahlen,2025-07-25,1367,22.07.–24.07.,BSW,3
BT05250726F,INSA,2025-07-26,1203,21.07.–25.07.,CDUCSU,27
BT05250726F,INSA,2025-07-26,1203,21.07.–25.07.,SPD,15
BT05250726F,INSA,2025-07-26,1203,21.07.–25.07.,Gruene,11
BT05250726F,INSA,2025-07-26,1203,21.07.–25.07.,FDP,3
BT05250726F,INSA,2025-07-26,1203,21.07.–25.07.,Linke,10
BT05250726F,INSA,2025-07-26,1203,21.07.–25.07.,AfD,24
BT05250726F,INSA,2025-07-26,1203,21.07.–25.07.,BSW,4
BT05250728G,INSA,2025-07-28,2006,25.07.–28.07.,CDUCSU,27.5
BT05250728G,INSA,2025-07-28,2006,25.07.–28.07.,SPD,14.5
BT05250728G,INSA,2025-07-28,2006,25.07.–28.07.,Gruene,10.5
BT05250728G,INSA,2025-07-28,2006,25.07.–28.07.,FDP,3.5
BT05250728G,INSA,2025-07-28,2006,25.07.–28.07.,Linke,10
BT05250728G,INSA,2025-07-28,2006,25.07.–28.07.,AfD,24
BT05250728G,INSA,2025-07-28,2006,25.07.–28.07.,BSW,4.5
BT02250729P,Forsa,2025-07-29,2502,22.07.–28.07.,CDUCSU,26
BT02250729P,Forsa,2025-07-29,2502,22.07.–28.07.,SPD,13
BT02250729P,Forsa,2025-07-29,2502,22.07.–28.07.,Gruene,12
BT02250729P,Forsa,2025-07-29,2502,22.07.–28.07.,FDP,3
BT02250729P,Forsa,2025-07-29,2502,22.07.–28.07.,Linke,12
BT02250729P,Forsa,2025-07-29,2502,22.07.–28.07.,AfD,25
BT02250729P,Forsa,2025-07-29,2502,22.07.–28.07.,BSW,3
BT03250801J,Verian,2025-08-01,1473,23.07.–29.07.,CDUCSU,27
BT03250801J,Verian,2025-08-01,1473,23.07.–29.07.,SPD,14
BT03250801J,Verian,2025-08-01,1473,23.07.–29.07.,Gruene,12
BT03250801J,Verian,2025-08-01,1473,23.07.–29.07.,FDP,4
BT03250801J,Verian,2025-08-01,1473,23.07.–29.07.,Linke,11
BT03250801J,Verian,2025-08-01,1473,23.07.–29.07.,AfD,24
BT03250801J,Verian,2025-08-01,1473,23.07.–29.07.,BSW,3
BT05250802H,INSA,2025-08-02,1203,28.07.–01.08.,CDUCSU,27
BT05250802H,INSA,2025-08-02,1203,28.07.–01.08.,SPD,15
BT05250802H,INSA,2025-08-02,1203,28.07.–01.08.,Gruene,11
BT05250802H,INSA,2025-08-02,1203,28.07.–01.08.,FDP,3
BT05250802H,INSA,2025-08-02,1203,28.07.–01.08.,Linke,10
BT05250802H,INSA,2025-08-02,1203,28.07.–01.08.,AfD,25
BT05250802H,INSA,2025-08-02,1203,28.07.–01.08.,BSW,4
BT05250804I,INSA,2025-08-04,2004,01.08.–04.08.,CDUCSU,27.5
BT05250804I,INSA,2025-08-04,2004,01.08.–04.08.,SPD,14.5
BT05250804I,INSA,2025-08-04,2004,01.08.–04.08.,Gruene,10.5
BT05250804I,INSA,2025-08-04,2004,01.08.–04.08.,FDP,3
BT05250804I,INSA,2025-08-04,2004,01.08.–04.08.,Linke,9.5
BT05250804I,INSA,2025-08-04,2004,01.08.–04.08.,AfD,25
BT05250804I,INSA,2025-08-04,2004,01.08.–04.08.,BSW,4.5
BT02250805Q,Forsa,2025-08-05,2503,29.07.–04.08.,CDUCSU,25
BT02250805Q,Forsa,2025-08-05,2503,29.07.–04.08.,SPD,13
BT02250805Q,Forsa,2025-08-05,2503,29.07.–04.08.,Gruene,12
BT02250805Q,Forsa,2025-08-05,2503,29.07.–04.08.,FDP,3
BT02250805Q,Forsa,2025-08-05,2503,29.07.–04.08.,Linke,12
BT02250805Q,Forsa,2025-08-05,2503,29.07.–04.08.,AfD,25
BT02250805Q,Forsa,2025-08-05,2503,29.07.–04.08.,BSW,4
BT01250807Y,Infratest dimap,2025-08-07,1321,04.08.–06.08.,CDUCSU,27
BT01250807Y,Infratest dimap,2025-08-07,1321,04.08.–06.08.,SPD,13
BT01250807Y,Infratest dimap,2025-08-07,1321,04.08.–06.08.,Gruene,12
BT01250807Y,Infratest dimap,2025-08-07,1321,04.08.–06.08.,FDP,4
BT01250807Y,Infratest dimap,2025-08-07,1321,04.08.–06.08.,Linke,10
BT01250807Y,Infratest dimap,2025-08-07,1321,04.08.–06.08.,AfD,24
BT01250807Y,Infratest dimap,2025-08-07,1321,04.08.–06.08.,BSW,3
BT05250809J,INSA,2025-08-09,1204,03.08.–08.08.,CDUCSU,27
BT05250809J,INSA,2025-08-09,1204,03.08.–08.08.,SPD,15
BT05250809J,INSA,2025-08-09,1204,03.08.–08.08.,Gruene,11
BT05250809J,INSA,2025-08-09,1204,03.08.–08.08.,FDP,4
BT05250809J,INSA,2025-08-09,1204,03.08.–08.08.,Linke,9
BT05250809J,INSA,2025-08-09,1204,03.08.–08.08.,AfD,25
BT05250809J,INSA,2025-08-09,1204,03.08.–08.08.,BSW,4
BT05250811K,INSA,2025-08-11,2008,08.08.–11.08.,CDUCSU,27
BT05250811K,INSA,2025-08-11,2008,08.08.–11.08.,SPD,14.5
BT05250811K,INSA,2025-08-11,2008,08.08.–11.08.,Gruene,10.5
BT05250811K,INSA,2025-08-11,2008,08.08.–11.08.,FDP,3.5
BT05250811K,INSA,2025-08-11,2008,08.08.–11.08.,Linke,9.5
BT05250811K,INSA,2025-08-11,2008,08.08.–11.08.,AfD,25
BT05250811K,INSA,2025-08-11,2008,08.08.–11.08.,BSW,4.5
BT02250812R,Forsa,2025-08-12,2505,05.08.–11.08.,CDUCSU,24
BT02250812R,Forsa,2025-08-12,2505,05.08.–11.08.,SPD,13
BT02250812R,Forsa,2025-08-12,2505,05.08.–11.08.,Gruene,13
BT02250812R,Forsa,2025-08-12,2505,05.08.–11.08.,FDP,3
BT02250812R,Forsa,2025-08-12,2505,05.08.–11.08.,Linke,11
BT02250812R,Forsa,2025-08-12,2505,05.08.–11.08.,AfD,26
BT02250812R,Forsa,2025-08-12,2505,05.08.–11.08.,BSW,4
BT06250814R,Forschungsgruppe Wahlen,2025-08-14,1370,11.08.–13.08.,CDUCSU,27
BT06250814R,Forschungsgruppe Wahlen,2025-08-14,1370,11.08.–13.08.,SPD,15
BT06250814R,Forschungsgruppe Wahlen,2025-08-14,1370,11.08.–13.08.,Gruene,12
BT06250814R,Forschungsgruppe Wahlen,2025-08-14,1370,11.08.–13.08.,FDP,3
BT06250814R,Forschungsgruppe Wahlen,2025-08-14,1370,11.08.–13.08.,Linke,11
BT06250814R,Forschungsgruppe Wahlen,2025-08-14,1370,11.08.–13.08.,AfD,23
BT06250814R,Forschungsgruppe Wahlen,2025-08-14,1370,11.08.–13.08.,BSW,3
BT03250815K,Verian,2025-08-15,1464,06.08.–12.08.,CDUCSU,26
BT03250815K,Verian,2025-08-15,1464,06.08.–12.08.,SPD,14
BT03250815K,Verian,2025-08-15,1464,06.08.–12.08.,Gruene,12
BT03250815K,Verian,2025-08-15,1464,06.08.–12.08.,FDP,4
BT03250815K,Verian,2025-08-15,1464,06.08.–12.08.,Linke,10
BT03250815K,Verian,2025-08-15,1464,06.08.–12.08.,AfD,25
BT03250815K,Verian,2025-08-15,1464,06.08.–12.08.,BSW,3
BT05250815L,INSA,2025-08-15,1206,11.08.–15.08.,CDUCSU,26
BT05250815L,INSA,2025-08-15,1206,11.08.–15.08.,SPD,15
BT05250815L,INSA,2025-08-15,1206,11.08.–15.08.,Gruene,11
BT05250815L,INSA,2025-08-15,1206,11.08.–15.08.,FDP,4
BT05250815L,INSA,2025-08-15,1206,11.08.–15.08.,Linke,9
BT05250815L,INSA,2025-08-15,1206,11.08.–15.08.,AfD,25
BT05250815L,INSA,2025-08-15,1206,11.08.–15.08.,BSW,4
BT02250819S,Forsa,2025-08-19,2502,12.08.–18.08.,CDUCSU,25
BT02250819S,Forsa,2025-08-19,2502,12.08.–18.08.,SPD,13
BT02250819S,Forsa,2025-08-19,2502,12.08.–18.08.,Gruene,12
BT02250819S,Forsa,2025-08-19,2502,12.08.–18.08.,FDP,3
BT02250819S,Forsa,2025-08-19,2502,12.08.–18.08.,Linke,12
BT02250819S,Forsa,2025-08-19,2502,12.08.–18.08.,AfD,26
BT02250819S,Forsa,2025-08-19,2502,12.08.–18.08.,BSW,3
BT05250819M,INSA,2025-08-19,2010,15.08.–18.08.,CDUCSU,26
BT05250819M,INSA,2025-08-19,2010,15.08.–18.08.,SPD,14.5
BT05250819M,INSA,2025-08-19,2010,15.08.–18.08.,Gruene,11
BT05250819M,INSA,2025-08-19,2010,15.08.–18.08.,FDP,4
BT05250819M,INSA,2025-08-19,2010,15.08.–18.08.,Linke,10
BT05250819M,INSA,2025-08-19,2010,15.08.–18.08.,AfD,25
BT05250819M,INSA,2025-08-19,2010,15.08.–18.08.,BSW,5
BT13250820N,YouGov,2025-08-20,1831,15.08.–18.08.,CDUCSU,27
BT13250820N,YouGov,2025-08-20,1831,15.08.–18.08.,SPD,14
BT13250820N,YouGov,2025-08-20,1831,15.08.–18.08.,Gruene,12
BT13250820N,YouGov,2025-08-20,1831,15.08.–18.08.,FDP,3
BT13250820N,YouGov,2025-08-20,1831,15.08.–18.08.,Linke,10
BT13250820N,YouGov,2025-08-20,1831,15.08.–18.08.,AfD,25
BT13250820N,YouGov,2025-08-20,1831,15.08.–18.08.,BSW,5
BT09250821P,Allensbach,2025-08-21,1051,01.08.–14.08.,CDUCSU,28
BT09250821P,Allensbach,2025-08-21,1051,01.08.–14.08.,SPD,16
BT09250821P,Allensbach,2025-08-21,1051,01.08.–14.08.,Gruene,11
BT09250821P,Allensbach,2025-08-21,1051,01.08.–14.08.,FDP,4
BT09250821P,Allensbach,2025-08-21,1051,01.08.–14.08.,Linke,10
BT09250821P,Allensbach,2025-08-21,1051,01.08.–14.08.,AfD,22.5
BT09250821P,Allensbach,2025-08-21,1051,01.08.–14.08.,BSW,4
BT05250823N,INSA,2025-08-23,1201,18.08.–22.08.,CDUCSU,25
BT05250823N,INSA,2025-08-23,1201,18.08.–22.08.,SPD,15
BT05250823N,INSA,2025-08-23,1201,18.08.–22.08.,Gruene,11
BT05250823N,INSA,2025-08-23,1201,18.08.–22.08.,FDP,3
BT05250823N,INSA,2025-08-23,1201,18.08.–22.08.,Linke,11
BT05250823N,INSA,2025-08-23,1201,18.08.–22.08.,AfD,25
BT05250823N,INSA,2025-08-23,1201,18.08.–22.08.,BSW,4
BT05250825O,INSA,2025-08-25,2002,22.08.–25.08.,CDUCSU,25
BT05250825O,INSA,2025-08-25,2002,22.08.–25.08.,SPD,15
BT05250825O,INSA,2025-08-25,2002,22.08.–25.08.,Gruene,10.5
BT05250825O,INSA,2025-08-25,2002,22.08.–25.08.,FDP,3.5
BT05250825O,INSA,2025-08-25,2002,22.08.–25.08.,Linke,11
BT05250825O,INSA,2025-08-25,2002,22.08.–25.08.,AfD,25
BT05250825O,INSA,2025-08-25,2002,22.08.–25.08.,BSW,4.5
BT02250826T,Forsa,2025-08-26,2501,19.08.–25.08.,CDUCSU,25
BT02250826T,Forsa,2025-08-26,2501,19.08.–25.08.,SPD,13
BT02250826T,Forsa,2025-08-26,2501,19.08.–25.08.,Gruene,12
BT02250826T,Forsa,2025-08-26,2501,19.08.–25.08.,FDP,3
BT02250826T,Forsa,2025-08-26,2501,19.08.–25.08.,Linke,11
BT02250826T,Forsa,2025-08-26,2501,19.08.–25.08.,AfD,26
BT02250826T,Forsa,2025-08-26,2501,19.08.–25.08.,BSW,3
BT05250829P,INSA,2025-08-29,1202,25.08.–29.08.,CDUCSU,26
BT05250829P,INSA,2025-08-29,1202,25.08.–29.08.,SPD,15
BT05250829P,INSA,2025-08-29,1202,25.08.–29.08.,Gruene,11
BT05250829P,INSA,2025-08-29,1202,25.08.–29.08.,FDP,3
BT05250829P,INSA,2025-08-29,1202,25.08.–29.08.,Linke,11
BT05250829P,INSA,2025-08-29,1202,25.08.–29.08.,AfD,25
BT05250829P,INSA,2025-08-29,1202,25.08.–29.08.,BSW,4
BT05250901Q,INSA,2025-09-01,2004,29.08.–01.09.,CDUCSU,25.5
BT05250901Q,INSA,2025-09-01,2004,29.08.–01.09.,SPD,14.5
BT05250901Q,INSA,2025-09-01,2004,29.08.–01.09.,Gruene,11
BT05250901Q,INSA,2025-09-01,2004,29.08.–01.09.,FDP,3.5
BT05250901Q,INSA,2025-09-01,2004,29.08.–01.09.,Linke,11
BT05250901Q,INSA,2025-09-01,2004,29.08.–01.09.,AfD,25
BT05250901Q,INSA,2025-09-01,2004,29.08.–01.09.,BSW,4
BT02250902U,Forsa,2025-09-02,2502,26.08.–01.09.,CDUCSU,25
BT02250902U,Forsa,2025-09-02,2502,26.08.–01.09.,SPD,14
BT02250902U,Forsa,2025-09-02,2502,26.08.–01.09.,Gruene,11
BT02250902U,Forsa,2025-09-02,2502,26.08.–01.09.,FDP,3
BT02250902U,Forsa,2025-09-02,2502,26.08.–01.09.,Linke,12
BT02250902U,Forsa,2025-09-02,2502,26.08.–01.09.,AfD,26
BT02250902U,Forsa,2025-09-02,2502,26.08.–01.09.,BSW,3
BT01250903A,Infratest dimap,2025-09-03,1342,01.09.–02.09.,CDUCSU,27
BT01250903A,Infratest dimap,2025-09-03,1342,01.09.–02.09.,SPD,14
BT01250903A,Infratest dimap,2025-09-03,1342,01.09.–02.09.,Gruene,11
BT01250903A,Infratest dimap,2025-09-03,1342,01.09.–02.09.,FDP,3
BT01250903A,Infratest dimap,2025-09-03,1342,01.09.–02.09.,Linke,10
BT01250903A,Infratest dimap,2025-09-03,1342,01.09.–02.09.,AfD,25
BT01250903A,Infratest dimap,2025-09-03,1342,01.09.–02.09.,BSW,4
BT06250905S,Forschungsgruppe Wahlen,2025-09-05,1269,02.09.–04.09.,CDUCSU,27
BT06250905S,Forschungsgruppe Wahlen,2025-09-05,1269,02.09.–04.09.,SPD,15
BT06250905S,Forschungsgruppe Wahlen,2025-09-05,1269,02.09.–04.09.,Gruene,11
BT06250905S,Forschungsgruppe Wahlen,2025-09-05,1269,02.09.–04.09.,FDP,3
BT06250905S,Forschungsgruppe Wahlen,2025-09-05,1269,02.09.–04.09.,Linke,10
BT06250905S,Forschungsgruppe Wahlen,2025-09-05,1269,02.09.–04.09.,AfD,25
BT06250905S,Forschungsgruppe Wahlen,2025-09-05,1269,02.09.–04.09.,BSW,3
BT05250907R,INSA,2025-09-07,1287,01.09.–05.09.,CDUCSU,26
BT05250907R,INSA,2025-09-07,1287,01.09.–05.09.,SPD,15
BT05250907R,INSA,2025-09-07,1287,01.09.–05.09.,Gruene,12
BT05250907R,INSA,2025-09-07,1287,01.09.–05.09.,FDP,3
BT05250907R,INSA,2025-09-07,1287,01.09.–05.09.,Linke,11
BT05250907R,INSA,2025-09-07,1287,01.09.–05.09.,AfD,25
BT05250907R,INSA,2025-09-07,1287,01.09.–05.09.,BSW,4
BT05250908S,INSA,2025-09-08,2006,05.09.–08.09.,CDUCSU,25.5
BT05250908S,INSA,2025-09-08,2006,05.09.–08.09.,SPD,14.5
BT05250908S,INSA,2025-09-08,2006,05.09.–08.09.,Gruene,11
BT05250908S,INSA,2025-09-08,2006,05.09.–08.09.,FDP,3.5
BT05250908S,INSA,2025-09-08,2006,05.09.–08.09.,Linke,10
BT05250908S,INSA,2025-09-08,2006,05.09.–08.09.,AfD,25.5
BT05250908S,INSA,2025-09-08,2006,05.09.–08.09.,BSW,4.5
BT02250909V,Forsa,2025-09-09,2500,02.09.–08.09.,CDUCSU,25
BT02250909V,Forsa,2025-09-09,2500,02.09.–08.09.,SPD,14
BT02250909V,Forsa,2025-09-09,2500,02.09.–08.09.,Gruene,11
BT02250909V,Forsa,2025-09-09,2500,02.09.–08.09.,FDP,3
BT02250909V,Forsa,2025-09-09,2500,02.09.–08.09.,Linke,12
BT02250909V,Forsa,2025-09-09,2500,02.09.–08.09.,AfD,26
BT02250909V,Forsa,2025-09-09,2500,02.09.–08.09.,BSW,3
BT03250910L,Verian,2025-09-10,1460,03.09.–09.09.,CDUCSU,26
BT03250910L,Verian,2025-09-10,1460,03.09.–09.09.,SPD,15
BT03250910L,Verian,2025-09-10,1460,03.09.–09.09.,Gruene,11
BT03250910L,Verian,2025-09-10,1460,03.09.–09.09.,FDP,3
BT03250910L,Verian,2025-09-10,1460,03.09.–09.09.,Linke,11
BT03250910L,Verian,2025-09-10,1460,03.09.–09.09.,AfD,25
BT03250910L,Verian,2025-09-10,1460,03.09.–09.09.,BSW,4
BT05250913T,INSA,2025-09-13,1204,08.09.–12.09.,CDUCSU,25
BT05250913T,INSA,2025-09-13,1204,08.09.–12.09.,SPD,14
BT05250913T,INSA,2025-09-13,1204,08.09.–12.09.,Gruene,12
BT05250913T,INSA,2025-09-13,1204,08.09.–12.09.,FDP,3
BT05250913T,INSA,2025-09-13,1204,08.09.–12.09.,Linke,11
BT05250913T,INSA,2025-09-13,1204,08.09.–12.09.,AfD,25
BT05250913T,INSA,2025-09-13,1204,08.09.–12.09.,BSW,4
BT02250916W,Forsa,2025-09-16,2502,09.09.–15.09.,CDUCSU,25
BT02250916W,Forsa,2025-09-16,2502,09.09.–15.09.,SPD,14
BT02250916W,Forsa,2025-09-16,2502,09.09.–15.09.,Gruene,12
BT02250916W,Forsa,2025-09-16,2502,09.09.–15.09.,FDP,3
BT02250916W,Forsa,2025-09-16,2502,09.09.–15.09.,Linke,11
BT02250916W,Forsa,2025-09-16,2502,09.09.–15.09.,AfD,25
BT02250916W,Forsa,2025-09-16,2502,09.09.–15.09.,BSW,4
BT05250916U,INSA,2025-09-16,2004,12.09.–15.09.,CDUCSU,25.5
BT05250916U,INSA,2025-09-16,2004,12.09.–15.09.,SPD,14.5
BT05250916U,INSA,2025-09-16,2004,12.09.–15.09.,Gruene,11.5
BT05250916U,INSA,2025-09-16,2004,12.09.–15.09.,FDP,3
BT05250916U,INSA,2025-09-16,2004,12.09.–15.09.,Linke,11
BT05250916U,INSA,2025-09-16,2004,12.09.–15.09.,AfD,25.5
BT05250916U,INSA,2025-09-16,2004,12.09.–15.09.,BSW,4
BT13250917O,YouGov,2025-09-17,1649,12.09.–15.09.,CDUCSU,26
BT13250917O,YouGov,2025-09-17,1649,12.09.–15.09.,SPD,15
BT13250917O,YouGov,2025-09-17,1649,12.09.–15.09.,Gruene,11
BT13250917O,YouGov,2025-09-17,1649,12.09.–15.09.,FDP,4
BT13250917O,YouGov,2025-09-17,1649,12.09.–15.09.,Linke,9
BT13250917O,YouGov,2025-09-17,1649,12.09.–15.09.,AfD,27
BT13250917O,YouGov,2025-09-17,1649,12.09.–15.09.,BSW,5
BT06250919T,Forschungsgruppe Wahlen,2025-09-19,1419,16.09.–18.09.,CDUCSU,26
BT06250919T,Forschungsgruppe Wahlen,2025-09-19,1419,16.09.–18.09.,SPD,15
BT06250919T,Forschungsgruppe Wahlen,2025-09-19,1419,16.09.–18.09.,Gruene,10
BT06250919T,Forschungsgruppe Wahlen,2025-09-19,1419,16.09.–18.09.,FDP,3
BT06250919T,Forschungsgruppe Wahlen,2025-09-19,1419,16.09.–18.09.,Linke,11
BT06250919T,Forschungsgruppe Wahlen,2025-09-19,1419,16.09.–18.09.,AfD,26
BT06250919T,Forschungsgruppe Wahlen,2025-09-19,1419,16.09.–18.09.,BSW,3
BT05250920V,INSA,2025-09-20,1200,15.09.–19.09.,CDUCSU,25
BT05250920V,INSA,2025-09-20,1200,15.09.–19.09.,SPD,15
BT05250920V,INSA,2025-09-20,1200,15.09.–19.09.,Gruene,11
BT05250920V,INSA,2025-09-20,1200,15.09.–19.09.,FDP,3
BT05250920V,INSA,2025-09-20,1200,15.09.–19.09.,Linke,11
BT05250920V,INSA,2025-09-20,1200,15.09.–19.09.,AfD,26
BT05250920V,INSA,2025-09-20,1200,15.09.–19.09.,BSW,4
BT02250923X,Forsa,2025-09-23,2504,16.09.–22.09.,CDUCSU,25
BT02250923X,Forsa,2025-09-23,2504,16.09.–22.09.,SPD,13
BT02250923X,Forsa,2025-09-23,2504,16.09.–22.09.,Gruene,11
BT02250923X,Forsa,2025-09-23,2504,16.09.–22.09.,FDP,3
BT02250923X,Forsa,2025-09-23,2504,16.09.–22.09.,Linke,11
BT02250923X,Forsa,2025-09-23,2504,16.09.–22.09.,AfD,27
BT02250923X,Forsa,2025-09-23,2504,16.09.–22.09.,BSW,4
BT05250923W,INSA,2025-09-23,2002,19.09.–22.09.,CDUCSU,24.5
BT05250923W,INSA,2025-09-23,2002,19.09.–22.09.,SPD,14.5
BT05250923W,INSA,2025-09-23,2002,19.09.–22.09.,Gruene,11
BT05250923W,INSA,2025-09-23,2002,19.09.–22.09.,FDP,3.5
BT05250923W,INSA,2025-09-23,2002,19.09.–22.09.,Linke,11.5
BT05250923W,INSA,2025-09-23,2002,19.09.–22.09.,AfD,26
BT05250923W,INSA,2025-09-23,2002,19.09.–22.09.,BSW,4
BT09250924Q,Allensbach,2025-09-24,1013,05.09.–17.09.,CDUCSU,27
BT09250924Q,Allensbach,2025-09-24,1013,05.09.–17.09.,SPD,15
BT09250924Q,Allensbach,2025-09-24,1013,05.09.–17.09.,Gruene,11
BT09250924Q,Allensbach,2025-09-24,1013,05.09.–17.09.,FDP,4
BT09250924Q,Allensbach,2025-09-24,1013,05.09.–17.09.,Linke,11
BT09250924Q,Allensbach,2025-09-24,1013,05.09.–17.09.,AfD,24
BT09250924Q,Allensbach,2025-09-24,1013,05.09.–17.09.,BSW,3
BT05250926X,INSA,2025-09-26,1200,22.09.–26.09.,CDUCSU,25
BT05250926X,INSA,2025-09-26,1200,22.09.–26.09.,SPD,15
BT05250926X,INSA,2025-09-26,1200,22.09.–26.09.,Gruene,12
BT05250926X,INSA,2025-09-26,1200,22.09.–26.09.,FDP,3
BT05250926X,INSA,2025-09-26,1200,22.09.–26.09.,Linke,11
BT05250926X,INSA,2025-09-26,1200,22.09.–26.09.,AfD,26
BT05250926X,INSA,2025-09-26,1200,22.09.–26.09.,BSW,4
BT05250929Y,INSA,2025-09-29,2006,26.09.–29.09.,CDUCSU,25
BT05250929Y,INSA,2025-09-29,2006,26.09.–29.09.,SPD,15.5
BT05250929Y,INSA,2025-09-29,2006,26.09.–29.09.,Gruene,11.5
BT05250929Y,INSA,2025-09-29,2006,26.09.–29.09.,FDP,3
BT05250929Y,INSA,2025-09-29,2006,26.09.–29.09.,Linke,11
BT05250929Y,INSA,2025-09-29,2006,26.09.–29.09.,AfD,26
BT05250929Y,INSA,2025-09-29,2006,26.09.–29.09.,BSW,4
BT02250930Y,Forsa,2025-09-30,2504,23.09.–29.09.,CDUCSU,24
BT02250930Y,Forsa,2025-09-30,2504,23.09.–29.09.,SPD,13
BT02250930Y,Forsa,2025-09-30,2504,23.09.–29.09.,Gruene,12
BT02250930Y,Forsa,2025-09-30,2504,23.09.–29.09.,FDP,3
BT02250930Y,Forsa,2025-09-30,2504,23.09.–29.09.,Linke,11
BT02250930Y,Forsa,2025-09-30,2504,23.09.–29.09.,AfD,27
BT02250930Y,Forsa,2025-09-30,2504,23.09.–29.09.,BSW,4
BT04250930E,GMS,2025-09-30,1012,24.09.–29.09.,CDUCSU,26
BT04250930E,GMS,2025-09-30,1012,24.09.–29.09.,SPD,15
BT04250930E,GMS,2025-09-30,1012,24.09.–29.09.,Gruene,11
BT04250930E,GMS,2025-09-30,1012,24.09.–29.09.,FDP,3
BT04250930E,GMS,2025-09-30,1012,24.09.–29.09.,Linke,10
BT04250930E,GMS,2025-09-30,1012,24.09.–29.09.,AfD,25
BT04250930E,GMS,2025-09-30,1012,24.09.–29.09.,BSW,3
BT06251002U,Forschungsgruppe Wahlen,2025-10-02,1300,29.09.–01.10.,CDUCSU,27
BT06251002U,Forschungsgruppe Wahlen,2025-10-02,1300,29.09.–01.10.,SPD,15
BT06251002U,Forschungsgruppe Wahlen,2025-10-02,1300,29.09.–01.10.,Gruene,11
BT06251002U,Forschungsgruppe Wahlen,2025-10-02,1300,29.09.–01.10.,FDP,3
BT06251002U,Forschungsgruppe Wahlen,2025-10-02,1300,29.09.–01.10.,Linke,11
BT06251002U,Forschungsgruppe Wahlen,2025-10-02,1300,29.09.–01.10.,AfD,25
BT06251002U,Forschungsgruppe Wahlen,2025-10-02,1300,29.09.–01.10.,BSW,NA
BT01251002B,Infratest dimap,2025-10-02,1306,29.09.–01.10.,CDUCSU,26
BT01251002B,Infratest dimap,2025-10-02,1306,29.09.–01.10.,SPD,14
BT01251002B,Infratest dimap,2025-10-02,1306,29.09.–01.10.,Gruene,12
BT01251002B,Infratest dimap,2025-10-02,1306,29.09.–01.10.,FDP,3
BT01251002B,Infratest dimap,2025-10-02,1306,29.09.–01.10.,Linke,10
BT01251002B,Infratest dimap,2025-10-02,1306,29.09.–01.10.,AfD,26
BT01251002B,Infratest dimap,2025-10-02,1306,29.09.–01.10.,BSW,3
BT05251004A,INSA,2025-10-04,1186,29.09.–02.10.,CDUCSU,24
BT05251004A,INSA,2025-10-04,1186,29.09.–02.10.,SPD,14
BT05251004A,INSA,2025-10-04,1186,29.09.–02.10.,Gruene,11
BT05251004A,INSA,2025-10-04,1186,29.09.–02.10.,FDP,4
BT05251004A,INSA,2025-10-04,1186,29.09.–02.10.,Linke,12
BT05251004A,INSA,2025-10-04,1186,29.09.–02.10.,AfD,26
BT05251004A,INSA,2025-10-04,1186,29.09.–02.10.,BSW,4
BT05251006B,INSA,2025-10-06,2010,02.10.–06.10.,CDUCSU,24.5
BT05251006B,INSA,2025-10-06,2010,02.10.–06.10.,SPD,14.5
BT05251006B,INSA,2025-10-06,2010,02.10.–06.10.,Gruene,11
BT05251006B,INSA,2025-10-06,2010,02.10.–06.10.,FDP,3.5
BT05251006B,INSA,2025-10-06,2010,02.10.–06.10.,Linke,11.5
BT05251006B,INSA,2025-10-06,2010,02.10.–06.10.,AfD,26.5
BT05251006B,INSA,2025-10-06,2010,02.10.–06.10.,BSW,4
BT02251007A,Forsa,2025-10-07,2001,30.09.–06.10.,CDUCSU,24
BT02251007A,Forsa,2025-10-07,2001,30.09.–06.10.,SPD,13
BT02251007A,Forsa,2025-10-07,2001,30.09.–06.10.,Gruene,12
BT02251007A,Forsa,2025-10-07,2001,30.09.–06.10.,FDP,3
BT02251007A,Forsa,2025-10-07,2001,30.09.–06.10.,Linke,12
BT02251007A,Forsa,2025-10-07,2001,30.09.–06.10.,AfD,26
BT02251007A,Forsa,2025-10-07,2001,30.09.–06.10.,BSW,4
BT03251010M,Verian,2025-10-10,1478,30.09.–07.10.,CDUCSU,25
BT03251010M,Verian,2025-10-10,1478,30.09.–07.10.,SPD,15
BT03251010M,Verian,2025-10-10,1478,30.09.–07.10.,Gruene,12
BT03251010M,Verian,2025-10-10,1478,30.09.–07.10.,FDP,3
BT03251010M,Verian,2025-10-10,1478,30.09.–07.10.,Linke,10
BT03251010M,Verian,2025-10-10,1478,30.09.–07.10.,AfD,25
BT03251010M,Verian,2025-10-10,1478,30.09.–07.10.,BSW,4
BT05251011C,INSA,2025-10-11,1224,06.10.–10.10.,CDUCSU,24
BT05251011C,INSA,2025-10-11,1224,06.10.–10.10.,SPD,14
BT05251011C,INSA,2025-10-11,1224,06.10.–10.10.,Gruene,12
BT05251011C,INSA,2025-10-11,1224,06.10.–10.10.,FDP,4
BT05251011C,INSA,2025-10-11,1224,06.10.–10.10.,Linke,11
BT05251011C,INSA,2025-10-11,1224,06.10.–10.10.,AfD,26
BT05251011C,INSA,2025-10-11,1224,06.10.–10.10.,BSW,4
BT02251014B,Forsa,2025-10-14,2500,07.10.–13.10.,CDUCSU,24
BT02251014B,Forsa,2025-10-14,2500,07.10.–13.10.,SPD,13
BT02251014B,Forsa,2025-10-14,2500,07.10.–13.10.,Gruene,12
BT02251014B,Forsa,2025-10-14,2500,07.10.–13.10.,FDP,3
BT02251014B,Forsa,2025-10-14,2500,07.10.–13.10.,Linke,12
BT02251014B,Forsa,2025-10-14,2500,07.10.–13.10.,AfD,26
BT02251014B,Forsa,2025-10-14,2500,07.10.–13.10.,BSW,4
BT05251014D,INSA,2025-10-14,2008,10.10.–13.10.,CDUCSU,25
BT05251014D,INSA,2025-10-14,2008,10.10.–13.10.,SPD,14
BT05251014D,INSA,2025-10-14,2008,10.10.–13.10.,Gruene,11.5
BT05251014D,INSA,2025-10-14,2008,10.10.–13.10.,FDP,4
BT05251014D,INSA,2025-10-14,2008,10.10.–13.10.,Linke,10.5
BT05251014D,INSA,2025-10-14,2008,10.10.–13.10.,AfD,26.5
BT05251014D,INSA,2025-10-14,2008,10.10.–13.10.,BSW,4
BT13251015P,YouGov,2025-10-15,1880,10.10.–13.10.,CDUCSU,27
BT13251015P,YouGov,2025-10-15,1880,10.10.–13.10.,SPD,14
BT13251015P,YouGov,2025-10-15,1880,10.10.–13.10.,Gruene,11
BT13251015P,YouGov,2025-10-15,1880,10.10.–13.10.,FDP,3
BT13251015P,YouGov,2025-10-15,1880,10.10.–13.10.,Linke,10
BT13251015P,YouGov,2025-10-15,1880,10.10.–13.10.,AfD,26
BT13251015P,YouGov,2025-10-15,1880,10.10.–13.10.,BSW,4
BT09251017R,Allensbach,2025-10-17,1044,26.09.–10.10.,CDUCSU,26
BT09251017R,Allensbach,2025-10-17,1044,26.09.–10.10.,SPD,15
BT09251017R,Allensbach,2025-10-17,1044,26.09.–10.10.,Gruene,11
BT09251017R,Allensbach,2025-10-17,1044,26.09.–10.10.,FDP,3
BT09251017R,Allensbach,2025-10-17,1044,26.09.–10.10.,Linke,11
BT09251017R,Allensbach,2025-10-17,1044,26.09.–10.10.,AfD,25
BT09251017R,Allensbach,2025-10-17,1044,26.09.–10.10.,BSW,4
BT05251018E,INSA,2025-10-18,1200,13.10.–17.10.,CDUCSU,25
BT05251018E,INSA,2025-10-18,1200,13.10.–17.10.,SPD,14
BT05251018E,INSA,2025-10-18,1200,13.10.–17.10.,Gruene,11
BT05251018E,INSA,2025-10-18,1200,13.10.–17.10.,FDP,4
BT05251018E,INSA,2025-10-18,1200,13.10.–17.10.,Linke,11
BT05251018E,INSA,2025-10-18,1200,13.10.–17.10.,AfD,27
BT05251018E,INSA,2025-10-18,1200,13.10.–17.10.,BSW,4
BT05251020F,INSA,2025-10-20,2006,17.10.–20.10.,CDUCSU,24.5
BT05251020F,INSA,2025-10-20,2006,17.10.–20.10.,SPD,14
BT05251020F,INSA,2025-10-20,2006,17.10.–20.10.,Gruene,11
BT05251020F,INSA,2025-10-20,2006,17.10.–20.10.,FDP,4
BT05251020F,INSA,2025-10-20,2006,17.10.–20.10.,Linke,11
BT05251020F,INSA,2025-10-20,2006,17.10.–20.10.,AfD,27
BT05251020F,INSA,2025-10-20,2006,17.10.–20.10.,BSW,4.5
BT02251021C,Forsa,2025-10-21,2505,14.10.–20.10.,CDUCSU,24
BT02251021C,Forsa,2025-10-21,2505,14.10.–20.10.,SPD,14
BT02251021C,Forsa,2025-10-21,2505,14.10.–20.10.,Gruene,12
BT02251021C,Forsa,2025-10-21,2505,14.10.–20.10.,FDP,3
BT02251021C,Forsa,2025-10-21,2505,14.10.–20.10.,Linke,11
BT02251021C,Forsa,2025-10-21,2505,14.10.–20.10.,AfD,26
BT02251021C,Forsa,2025-10-21,2505,14.10.–20.10.,BSW,4
BT06251024V,Forschungsgruppe Wahlen,2025-10-24,1272,21.10.–23.10.,CDUCSU,27
BT06251024V,Forschungsgruppe Wahlen,2025-10-24,1272,21.10.–23.10.,SPD,15
BT06251024V,Forschungsgruppe Wahlen,2025-10-24,1272,21.10.–23.10.,Gruene,11
BT06251024V,Forschungsgruppe Wahlen,2025-10-24,1272,21.10.–23.10.,FDP,NA
BT06251024V,Forschungsgruppe Wahlen,2025-10-24,1272,21.10.–23.10.,Linke,10
BT06251024V,Forschungsgruppe Wahlen,2025-10-24,1272,21.10.–23.10.,AfD,25
BT06251024V,Forschungsgruppe Wahlen,2025-10-24,1272,21.10.–23.10.,BSW,NA
BT05251024G,INSA,2025-10-24,1205,20.10.–24.10.,CDUCSU,24
BT05251024G,INSA,2025-10-24,1205,20.10.–24.10.,SPD,15
BT05251024G,INSA,2025-10-24,1205,20.10.–24.10.,Gruene,11
BT05251024G,INSA,2025-10-24,1205,20.10.–24.10.,FDP,4
BT05251024G,INSA,2025-10-24,1205,20.10.–24.10.,Linke,11
BT05251024G,INSA,2025-10-24,1205,20.10.–24.10.,AfD,26
BT05251024G,INSA,2025-10-24,1205,20.10.–24.10.,BSW,4
BT05251027H,INSA,2025-10-27,2004,24.10.–27.10.,CDUCSU,24.5
BT05251027H,INSA,2025-10-27,2004,24.10.–27.10.,SPD,15
BT05251027H,INSA,2025-10-27,2004,24.10.–27.10.,Gruene,11
BT05251027H,INSA,2025-10-27,2004,24.10.–27.10.,FDP,3.5
BT05251027H,INSA,2025-10-27,2004,24.10.–27.10.,Linke,11.5
BT05251027H,INSA,2025-10-27,2004,24.10.–27.10.,AfD,26
BT05251027H,INSA,2025-10-27,2004,24.10.–27.10.,BSW,4
BT02251028D,Forsa,2025-10-28,2502,21.10.–27.10.,CDUCSU,25
BT02251028D,Forsa,2025-10-28,2502,21.10.–27.10.,SPD,13
BT02251028D,Forsa,2025-10-28,2502,21.10.–27.10.,Gruene,12
BT02251028D,Forsa,2025-10-28,2502,21.10.–27.10.,FDP,3
BT02251028D,Forsa,2025-10-28,2502,21.10.–27.10.,Linke,12
BT02251028D,Forsa,2025-10-28,2502,21.10.–27.10.,AfD,26
BT02251028D,Forsa,2025-10-28,2502,21.10.–27.10.,BSW,3
BT05251101I,INSA,2025-11-01,1202,27.10.–30.10.,CDUCSU,25
BT05251101I,INSA,2025-11-01,1202,27.10.–30.10.,SPD,15
BT05251101I,INSA,2025-11-01,1202,27.10.–30.10.,Gruene,11
BT05251101I,INSA,2025-11-01,1202,27.10.–30.10.,FDP,3
BT05251101I,INSA,2025-11-01,1202,27.10.–30.10.,Linke,11
BT05251101I,INSA,2025-11-01,1202,27.10.–30.10.,AfD,26
BT05251101I,INSA,2025-11-01,1202,27.10.–30.10.,BSW,4
BT05251103J,INSA,2025-11-03,2002,30.10.–03.11.,CDUCSU,25.5
BT05251103J,INSA,2025-11-03,2002,30.10.–03.11.,SPD,15
BT05251103J,INSA,2025-11-03,2002,30.10.–03.11.,Gruene,11
BT05251103J,INSA,2025-11-03,2002,30.10.–03.11.,FDP,3
BT05251103J,INSA,2025-11-03,2002,30.10.–03.11.,Linke,11
BT05251103J,INSA,2025-11-03,2002,30.10.–03.11.,AfD,25.5
BT05251103J,INSA,2025-11-03,2002,30.10.–03.11.,BSW,4
BT02251104E,Forsa,2025-11-04,2500,28.10.–03.11.,CDUCSU,24
BT02251104E,Forsa,2025-11-04,2500,28.10.–03.11.,SPD,14
BT02251104E,Forsa,2025-11-04,2500,28.10.–03.11.,Gruene,12
BT02251104E,Forsa,2025-11-04,2500,28.10.–03.11.,FDP,3
BT02251104E,Forsa,2025-11-04,2500,28.10.–03.11.,Linke,12
BT02251104E,Forsa,2025-11-04,2500,28.10.–03.11.,AfD,26
BT02251104E,Forsa,2025-11-04,2500,28.10.–03.11.,BSW,3
BT01251106C,Infratest dimap,2025-11-06,1300,03.11.–05.11.,CDUCSU,27
BT01251106C,Infratest dimap,2025-11-06,1300,03.11.–05.11.,SPD,14
BT01251106C,Infratest dimap,2025-11-06,1300,03.11.–05.11.,Gruene,12
BT01251106C,Infratest dimap,2025-11-06,1300,03.11.–05.11.,FDP,3
BT01251106C,Infratest dimap,2025-11-06,1300,03.11.–05.11.,Linke,10
BT01251106C,Infratest dimap,2025-11-06,1300,03.11.–05.11.,AfD,26
BT01251106C,Infratest dimap,2025-11-06,1300,03.11.–05.11.,BSW,3
BT03251107N,Verian,2025-11-07,1471,28.10.–04.11.,CDUCSU,26
BT03251107N,Verian,2025-11-07,1471,28.10.–04.11.,SPD,15
BT03251107N,Verian,2025-11-07,1471,28.10.–04.11.,Gruene,12
BT03251107N,Verian,2025-11-07,1471,28.10.–04.11.,FDP,3
BT03251107N,Verian,2025-11-07,1471,28.10.–04.11.,Linke,10
BT03251107N,Verian,2025-11-07,1471,28.10.–04.11.,AfD,25
BT03251107N,Verian,2025-11-07,1471,28.10.–04.11.,BSW,3
BT06251107W,Forschungsgruppe Wahlen,2025-11-07,1322,04.11.–06.11.,CDUCSU,26
BT06251107W,Forschungsgruppe Wahlen,2025-11-07,1322,04.11.–06.11.,SPD,14
BT06251107W,Forschungsgruppe Wahlen,2025-11-07,1322,04.11.–06.11.,Gruene,12
BT06251107W,Forschungsgruppe Wahlen,2025-11-07,1322,04.11.–06.11.,FDP,NA
BT06251107W,Forschungsgruppe Wahlen,2025-11-07,1322,04.11.–06.11.,Linke,10
BT06251107W,Forschungsgruppe Wahlen,2025-11-07,1322,04.11.–06.11.,AfD,26
BT06251107W,Forschungsgruppe Wahlen,2025-11-07,1322,04.11.–06.11.,BSW,NA
BT05251108K,INSA,2025-11-08,1205,03.11.–07.11.,CDUCSU,25
BT05251108K,INSA,2025-11-08,1205,03.11.–07.11.,SPD,15
BT05251108K,INSA,2025-11-08,1205,03.11.–07.11.,Gruene,12
BT05251108K,INSA,2025-11-08,1205,03.11.–07.11.,FDP,3
BT05251108K,INSA,2025-11-08,1205,03.11.–07.11.,Linke,11
BT05251108K,INSA,2025-11-08,1205,03.11.–07.11.,AfD,26
BT05251108K,INSA,2025-11-08,1205,03.11.–07.11.,BSW,4
BT02251111F,Forsa,2025-11-11,2503,04.11.–10.11.,CDUCSU,24
BT02251111F,Forsa,2025-11-11,2503,04.11.–10.11.,SPD,14
BT02251111F,Forsa,2025-11-11,2503,04.11.–10.11.,Gruene,12
BT02251111F,Forsa,2025-11-11,2503,04.11.–10.11.,FDP,3
BT02251111F,Forsa,2025-11-11,2503,04.11.–10.11.,Linke,11
BT02251111F,Forsa,2025-11-11,2503,04.11.–10.11.,AfD,26
BT02251111F,Forsa,2025-11-11,2503,04.11.–10.11.,BSW,3
BT05251111L,INSA,2025-11-11,2010,07.11.–10.11.,CDUCSU,25
BT05251111L,INSA,2025-11-11,2010,07.11.–10.11.,SPD,15.5
BT05251111L,INSA,2025-11-11,2010,07.11.–10.11.,Gruene,11.5
BT05251111L,INSA,2025-11-11,2010,07.11.–10.11.,FDP,3
BT05251111L,INSA,2025-11-11,2010,07.11.–10.11.,Linke,10.5
BT05251111L,INSA,2025-11-11,2010,07.11.–10.11.,AfD,26
BT05251111L,INSA,2025-11-11,2010,07.11.–10.11.,BSW,4
BT09251114S,Allensbach,2025-11-14,1011,23.10.–06.11.,CDUCSU,27
BT09251114S,Allensbach,2025-11-14,1011,23.10.–06.11.,SPD,15.5
BT09251114S,Allensbach,2025-11-14,1011,23.10.–06.11.,Gruene,11
BT09251114S,Allensbach,2025-11-14,1011,23.10.–06.11.,FDP,3.5
BT09251114S,Allensbach,2025-11-14,1011,23.10.–06.11.,Linke,10
BT09251114S,Allensbach,2025-11-14,1011,23.10.–06.11.,AfD,24
BT09251114S,Allensbach,2025-11-14,1011,23.10.–06.11.,BSW,4
BT05251115M,INSA,2025-11-15,1203,10.11.–14.11.,CDUCSU,25
BT05251115M,INSA,2025-11-15,1203,10.11.–14.11.,SPD,15
BT05251115M,INSA,2025-11-15,1203,10.11.–14.11.,Gruene,11
BT05251115M,INSA,2025-11-15,1203,10.11.–14.11.,FDP,3
BT05251115M,INSA,2025-11-15,1203,10.11.–14.11.,Linke,11
BT05251115M,INSA,2025-11-15,1203,10.11.–14.11.,AfD,26
BT05251115M,INSA,2025-11-15,1203,10.11.–14.11.,BSW,4
BT04251117F,GMS,2025-11-17,1020,11.11.–17.11.,CDUCSU,25
BT04251117F,GMS,2025-11-17,1020,11.11.–17.11.,SPD,14
BT04251117F,GMS,2025-11-17,1020,11.11.–17.11.,Gruene,12
BT04251117F,GMS,2025-11-17,1020,11.11.–17.11.,FDP,3
BT04251117F,GMS,2025-11-17,1020,11.11.–17.11.,Linke,11
BT04251117F,GMS,2025-11-17,1020,11.11.–17.11.,AfD,26
BT04251117F,GMS,2025-11-17,1020,11.11.–17.11.,BSW,3
BT05251117N,INSA,2025-11-17,2006,14.11.–17.11.,CDUCSU,24.5
BT05251117N,INSA,2025-11-17,2006,14.11.–17.11.,SPD,15
BT05251117N,INSA,2025-11-17,2006,14.11.–17.11.,Gruene,11
BT05251117N,INSA,2025-11-17,2006,14.11.–17.11.,FDP,3.5
BT05251117N,INSA,2025-11-17,2006,14.11.–17.11.,Linke,11
BT05251117N,INSA,2025-11-17,2006,14.11.–17.11.,AfD,26
BT05251117N,INSA,2025-11-17,2006,14.11.–17.11.,BSW,4
BT02251118G,Forsa,2025-11-18,2502,11.11.–17.11.,CDUCSU,25
BT02251118G,Forsa,2025-11-18,2502,11.11.–17.11.,SPD,14
BT02251118G,Forsa,2025-11-18,2502,11.11.–17.11.,Gruene,12
BT02251118G,Forsa,2025-11-18,2502,11.11.–17.11.,FDP,3
BT02251118G,Forsa,2025-11-18,2502,11.11.–17.11.,Linke,11
BT02251118G,Forsa,2025-11-18,2502,11.11.–17.11.,AfD,26
BT02251118G,Forsa,2025-11-18,2502,11.11.–17.11.,BSW,NA
BT13251119Q,YouGov,2025-11-19,2005,14.11.–17.11.,CDUCSU,27
BT13251119Q,YouGov,2025-11-19,2005,14.11.–17.11.,SPD,14
BT13251119Q,YouGov,2025-11-19,2005,14.11.–17.11.,Gruene,11
BT13251119Q,YouGov,2025-11-19,2005,14.11.–17.11.,FDP,4
BT13251119Q,YouGov,2025-11-19,2005,14.11.–17.11.,Linke,11
BT13251119Q,YouGov,2025-11-19,2005,14.11.–17.11.,AfD,25
BT13251119Q,YouGov,2025-11-19,2005,14.11.–17.11.,BSW,4
BT06251121X,Forschungsgruppe Wahlen,2025-11-21,1207,18.11.–20.11.,CDUCSU,27
BT06251121X,Forschungsgruppe Wahlen,2025-11-21,1207,18.11.–20.11.,SPD,14
BT06251121X,Forschungsgruppe Wahlen,2025-11-21,1207,18.11.–20.11.,Gruene,12
BT06251121X,Forschungsgruppe Wahlen,2025-11-21,1207,18.11.–20.11.,FDP,NA
BT06251121X,Forschungsgruppe Wahlen,2025-11-21,1207,18.11.–20.11.,Linke,9
BT06251121X,Forschungsgruppe Wahlen,2025-11-21,1207,18.11.–20.11.,AfD,27
BT06251121X,Forschungsgruppe Wahlen,2025-11-21,1207,18.11.–20.11.,BSW,NA
BT05251122O,INSA,2025-11-22,1208,17.11.–21.11.,CDUCSU,25
BT05251122O,INSA,2025-11-22,1208,17.11.–21.11.,SPD,15
BT05251122O,INSA,2025-11-22,1208,17.11.–21.11.,Gruene,11
BT05251122O,INSA,2025-11-22,1208,17.11.–21.11.,FDP,3
BT05251122O,INSA,2025-11-22,1208,17.11.–21.11.,Linke,10
BT05251122O,INSA,2025-11-22,1208,17.11.–21.11.,AfD,26
BT05251122O,INSA,2025-11-22,1208,17.11.–21.11.,BSW,4
BT05251124P,INSA,2025-11-24,2008,21.11.–24.11.,CDUCSU,25.5
BT05251124P,INSA,2025-11-24,2008,21.11.–24.11.,SPD,15
BT05251124P,INSA,2025-11-24,2008,21.11.–24.11.,Gruene,11
BT05251124P,INSA,2025-11-24,2008,21.11.–24.11.,FDP,3
BT05251124P,INSA,2025-11-24,2008,21.11.–24.11.,Linke,10.5
BT05251124P,INSA,2025-11-24,2008,21.11.–24.11.,AfD,26
BT05251124P,INSA,2025-11-24,2008,21.11.–24.11.,BSW,4
BT02251125H,Forsa,2025-11-25,2501,18.11.–24.11.,CDUCSU,25
BT02251125H,Forsa,2025-11-25,2501,18.11.–24.11.,SPD,14
BT02251125H,Forsa,2025-11-25,2501,18.11.–24.11.,Gruene,12
BT02251125H,Forsa,2025-11-25,2501,18.11.–24.11.,FDP,3
BT02251125H,Forsa,2025-11-25,2501,18.11.–24.11.,Linke,11
BT02251125H,Forsa,2025-11-25,2501,18.11.–24.11.,AfD,26
BT02251125H,Forsa,2025-11-25,2501,18.11.–24.11.,BSW,3
BT05251128Q,INSA,2025-11-28,1198,24.11.–28.11.,CDUCSU,25
BT05251128Q,INSA,2025-11-28,1198,24.11.–28.11.,SPD,15
BT05251128Q,INSA,2025-11-28,1198,24.11.–28.11.,Gruene,11
BT05251128Q,INSA,2025-11-28,1198,24.11.–28.11.,FDP,3
BT05251128Q,INSA,2025-11-28,1198,24.11.–28.11.,Linke,10
BT05251128Q,INSA,2025-11-28,1198,24.11.–28.11.,AfD,27
BT05251128Q,INSA,2025-11-28,1198,24.11.–28.11.,BSW,4
BT02251202I,Forsa,2025-12-02,2501,25.11.–01.12.,CDUCSU,25
BT02251202I,Forsa,2025-12-02,2501,25.11.–01.12.,SPD,14
BT02251202I,Forsa,2025-12-02,2501,25.11.–01.12.,Gruene,12
BT02251202I,Forsa,2025-12-02,2501,25.11.–01.12.,FDP,3
BT02251202I,Forsa,2025-12-02,2501,25.11.–01.12.,Linke,11
BT02251202I,Forsa,2025-12-02,2501,25.11.–01.12.,AfD,26
BT02251202I,Forsa,2025-12-02,2501,25.11.–01.12.,BSW,3
BT05251202R,INSA,2025-12-02,2002,28.11.–01.12.,CDUCSU,24.5
BT05251202R,INSA,2025-12-02,2002,28.11.–01.12.,SPD,14.5
BT05251202R,INSA,2025-12-02,2002,28.11.–01.12.,Gruene,11
BT05251202R,INSA,2025-12-02,2002,28.11.–01.12.,FDP,3.5
BT05251202R,INSA,2025-12-02,2002,28.11.–01.12.,Linke,10.5
BT05251202R,INSA,2025-12-02,2002,28.11.–01.12.,AfD,27
BT05251202R,INSA,2025-12-02,2002,28.11.–01.12.,BSW,4
BT01251204D,Infratest dimap,2025-12-04,1306,01.12.–03.12.,CDUCSU,27
BT01251204D,Infratest dimap,2025-12-04,1306,01.12.–03.12.,SPD,14
BT01251204D,Infratest dimap,2025-12-04,1306,01.12.–03.12.,Gruene,12
BT01251204D,Infratest dimap,2025-12-04,1306,01.12.–03.12.,FDP,3
BT01251204D,Infratest dimap,2025-12-04,1306,01.12.–03.12.,Linke,10
BT01251204D,Infratest dimap,2025-12-04,1306,01.12.–03.12.,AfD,25
BT01251204D,Infratest dimap,2025-12-04,1306,01.12.–03.12.,BSW,4
BT05251206S,INSA,2025-12-06,1206,01.12.–05.12.,CDUCSU,25
BT05251206S,INSA,2025-12-06,1206,01.12.–05.12.,SPD,15
BT05251206S,INSA,2025-12-06,1206,01.12.–05.12.,Gruene,10
BT05251206S,INSA,2025-12-06,1206,01.12.–05.12.,FDP,4
BT05251206S,INSA,2025-12-06,1206,01.12.–05.12.,Linke,11
BT05251206S,INSA,2025-12-06,1206,01.12.–05.12.,AfD,26
BT05251206S,INSA,2025-12-06,1206,01.12.–05.12.,BSW,4
BT02251209J,Forsa,2025-12-09,2503,02.12.–08.12.,CDUCSU,24
BT02251209J,Forsa,2025-12-09,2503,02.12.–08.12.,SPD,14
BT02251209J,Forsa,2025-12-09,2503,02.12.–08.12.,Gruene,12
BT02251209J,Forsa,2025-12-09,2503,02.12.–08.12.,FDP,3
BT02251209J,Forsa,2025-12-09,2503,02.12.–08.12.,Linke,11
BT02251209J,Forsa,2025-12-09,2503,02.12.–08.12.,AfD,26
BT02251209J,Forsa,2025-12-09,2503,02.12.–08.12.,BSW,3
BT05251209T,INSA,2025-12-09,2007,05.12.–08.12.,CDUCSU,24.5
BT05251209T,INSA,2025-12-09,2007,05.12.–08.12.,SPD,15
BT05251209T,INSA,2025-12-09,2007,05.12.–08.12.,Gruene,10.5
BT05251209T,INSA,2025-12-09,2007,05.12.–08.12.,FDP,4
BT05251209T,INSA,2025-12-09,2007,05.12.–08.12.,Linke,11
BT05251209T,INSA,2025-12-09,2007,05.12.–08.12.,AfD,26.5
BT05251209T,INSA,2025-12-09,2007,05.12.–08.12.,BSW,4
BT03251210O,Verian,2025-12-10,1443,03.12.–09.12.,CDUCSU,25
BT03251210O,Verian,2025-12-10,1443,03.12.–09.12.,SPD,14
BT03251210O,Verian,2025-12-10,1443,03.12.–09.12.,Gruene,12
BT03251210O,Verian,2025-12-10,1443,03.12.–09.12.,FDP,3
BT03251210O,Verian,2025-12-10,1443,03.12.–09.12.,Linke,11
BT03251210O,Verian,2025-12-10,1443,03.12.–09.12.,AfD,25
BT03251210O,Verian,2025-12-10,1443,03.12.–09.12.,BSW,4
BT09251211T,Allensbach,2025-12-11,1029,22.11.–04.12.,CDUCSU,27
BT09251211T,Allensbach,2025-12-11,1029,22.11.–04.12.,SPD,14
BT09251211T,Allensbach,2025-12-11,1029,22.11.–04.12.,Gruene,12.5
BT09251211T,Allensbach,2025-12-11,1029,22.11.–04.12.,FDP,4.5
BT09251211T,Allensbach,2025-12-11,1029,22.11.–04.12.,Linke,9
BT09251211T,Allensbach,2025-12-11,1029,22.11.–04.12.,AfD,25
BT09251211T,Allensbach,2025-12-11,1029,22.11.–04.12.,BSW,3
BT06251212Y,Forschungsgruppe Wahlen,2025-12-12,1295,09.12.–11.12.,CDUCSU,26
BT06251212Y,Forschungsgruppe Wahlen,2025-12-12,1295,09.12.–11.12.,SPD,14
BT06251212Y,Forschungsgruppe Wahlen,2025-12-12,1295,09.12.–11.12.,Gruene,12
BT06251212Y,Forschungsgruppe Wahlen,2025-12-12,1295,09.12.–11.12.,FDP,NA
BT06251212Y,Forschungsgruppe Wahlen,2025-12-12,1295,09.12.–11.12.,Linke,11
BT06251212Y,Forschungsgruppe Wahlen,2025-12-12,1295,09.12.–11.12.,AfD,25
BT06251212Y,Forschungsgruppe Wahlen,2025-12-12,1295,09.12.–11.12.,BSW,NA
BT05251213U,INSA,2025-12-13,1201,08.12.–12.12.,CDUCSU,24
BT05251213U,INSA,2025-12-13,1201,08.12.–12.12.,SPD,14
BT05251213U,INSA,2025-12-13,1201,08.12.–12.12.,Gruene,11
BT05251213U,INSA,2025-12-13,1201,08.12.–12.12.,FDP,4
BT05251213U,INSA,2025-12-13,1201,08.12.–12.12.,Linke,11
BT05251213U,INSA,2025-12-13,1201,08.12.–12.12.,AfD,26
BT05251213U,INSA,2025-12-13,1201,08.12.–12.12.,BSW,4
BT02251216K,Forsa,2025-12-16,2503,09.12.–15.12.,CDUCSU,24
BT02251216K,Forsa,2025-12-16,2503,09.12.–15.12.,SPD,13
BT02251216K,Forsa,2025-12-16,2503,09.12.–15.12.,Gruene,13
BT02251216K,Forsa,2025-12-16,2503,09.12.–15.12.,FDP,3
BT02251216K,Forsa,2025-12-16,2503,09.12.–15.12.,Linke,11
BT02251216K,Forsa,2025-12-16,2503,09.12.–15.12.,AfD,26
BT02251216K,Forsa,2025-12-16,2503,09.12.–15.12.,BSW,3
BT05251216V,INSA,2025-12-16,2006,12.12.–15.12.,CDUCSU,25
BT05251216V,INSA,2025-12-16,2006,12.12.–15.12.,SPD,14
BT05251216V,INSA,2025-12-16,2006,12.12.–15.12.,Gruene,10.5
BT05251216V,INSA,2025-12-16,2006,12.12.–15.12.,FDP,4
BT05251216V,INSA,2025-12-16,2006,12.12.–15.12.,Linke,10.5
BT05251216V,INSA,2025-12-16,2006,12.12.–15.12.,AfD,26
BT05251216V,INSA,2025-12-16,2006,12.12.–15.12.,BSW,4.5
BT13251217R,YouGov,2025-12-17,1743,12.12.–15.12.,CDUCSU,26
BT13251217R,YouGov,2025-12-17,1743,12.12.–15.12.,SPD,14
BT13251217R,YouGov,2025-12-17,1743,12.12.–15.12.,Gruene,12
BT13251217R,YouGov,2025-12-17,1743,12.12.–15.12.,FDP,4
BT13251217R,YouGov,2025-12-17,1743,12.12.–15.12.,Linke,10
BT13251217R,YouGov,2025-12-17,1743,12.12.–15.12.,AfD,26
BT13251217R,YouGov,2025-12-17,1743,12.12.–15.12.,BSW,4
BT05251221W,INSA,2025-12-21,1201,15.12.–19.12.,CDUCSU,24
BT05251221W,INSA,2025-12-21,1201,15.12.–19.12.,SPD,14
BT05251221W,INSA,2025-12-21,1201,15.12.–19.12.,Gruene,12
BT05251221W,INSA,2025-12-21,1201,15.12.–19.12.,FDP,4
BT05251221W,INSA,2025-12-21,1201,15.12.–19.12.,Linke,11
BT05251221W,INSA,2025-12-21,1201,15.12.–19.12.,AfD,26
BT05251221W,INSA,2025-12-21,1201,15.12.–19.12.,BSW,4
BT02251223L,Forsa,2025-12-23,2003,16.12.–19.12.,CDUCSU,24
BT02251223L,Forsa,2025-12-23,2003,16.12.–19.12.,SPD,13
BT02251223L,Forsa,2025-12-23,2003,16.12.–19.12.,Gruene,13
BT02251223L,Forsa,2025-12-23,2003,16.12.–19.12.,FDP,3
BT02251223L,Forsa,2025-12-23,2003,16.12.–19.12.,Linke,11
BT02251223L,Forsa,2025-12-23,2003,16.12.–19.12.,AfD,26
BT02251223L,Forsa,2025-12-23,2003,16.12.–19.12.,BSW,3
BT05251223X,INSA,2025-12-23,2002,19.12.–22.12.,CDUCSU,24.5
BT05251223X,INSA,2025-12-23,2002,19.12.–22.12.,SPD,14
BT05251223X,INSA,2025-12-23,2002,19.12.–22.12.,Gruene,11.5
BT05251223X,INSA,2025-12-23,2002,19.12.–22.12.,FDP,3.5
BT05251223X,INSA,2025-12-23,2002,19.12.–22.12.,Linke,11
BT05251223X,INSA,2025-12-23,2002,19.12.–22.12.,AfD,26
BT05251223X,INSA,2025-12-23,2002,19.12.–22.12.,BSW,4
BT05260103Y,INSA,2026-01-03,1004,30.12.–02.01.,CDUCSU,25
BT05260103Y,INSA,2026-01-03,1004,30.12.–02.01.,SPD,14
BT05260103Y,INSA,2026-01-03,1004,30.12.–02.01.,Gruene,11
BT05260103Y,INSA,2026-01-03,1004,30.12.–02.01.,FDP,4
BT05260103Y,INSA,2026-01-03,1004,30.12.–02.01.,Linke,11
BT05260103Y,INSA,2026-01-03,1004,30.12.–02.01.,AfD,26
BT05260103Y,INSA,2026-01-03,1004,30.12.–02.01.,BSW,4
BT04260105G,GMS,2026-01-05,1027,23.12.–05.01.,CDUCSU,24
BT04260105G,GMS,2026-01-05,1027,23.12.–05.01.,SPD,15
BT04260105G,GMS,2026-01-05,1027,23.12.–05.01.,Gruene,12
BT04260105G,GMS,2026-01-05,1027,23.12.–05.01.,FDP,3
BT04260105G,GMS,2026-01-05,1027,23.12.–05.01.,Linke,10
BT04260105G,GMS,2026-01-05,1027,23.12.–05.01.,AfD,27
BT04260105G,GMS,2026-01-05,1027,23.12.–05.01.,BSW,4
BT05260106A,INSA,2026-01-06,2008,02.01.–05.01.,CDUCSU,25
BT05260106A,INSA,2026-01-06,2008,02.01.–05.01.,SPD,14.5
BT05260106A,INSA,2026-01-06,2008,02.01.–05.01.,Gruene,11
BT05260106A,INSA,2026-01-06,2008,02.01.–05.01.,FDP,3.5
BT05260106A,INSA,2026-01-06,2008,02.01.–05.01.,Linke,11
BT05260106A,INSA,2026-01-06,2008,02.01.–05.01.,AfD,25.5
BT05260106A,INSA,2026-01-06,2008,02.01.–05.01.,BSW,4
BT01260108E,Infratest dimap,2026-01-08,1323,05.01.–07.01.,CDUCSU,28
BT01260108E,Infratest dimap,2026-01-08,1323,05.01.–07.01.,SPD,13
BT01260108E,Infratest dimap,2026-01-08,1323,05.01.–07.01.,Gruene,12
BT01260108E,Infratest dimap,2026-01-08,1323,05.01.–07.01.,FDP,3
BT01260108E,Infratest dimap,2026-01-08,1323,05.01.–07.01.,Linke,10
BT01260108E,Infratest dimap,2026-01-08,1323,05.01.–07.01.,AfD,25
BT01260108E,Infratest dimap,2026-01-08,1323,05.01.–07.01.,BSW,3
BT05260110B,INSA,2026-01-10,1205,05.01.–09.01.,CDUCSU,24
BT05260110B,INSA,2026-01-10,1205,05.01.–09.01.,SPD,14
BT05260110B,INSA,2026-01-10,1205,05.01.–09.01.,Gruene,12
BT05260110B,INSA,2026-01-10,1205,05.01.–09.01.,FDP,4
BT05260110B,INSA,2026-01-10,1205,05.01.–09.01.,Linke,11
BT05260110B,INSA,2026-01-10,1205,05.01.–09.01.,AfD,26
BT05260110B,INSA,2026-01-10,1205,05.01.–09.01.,BSW,3
BT05260112C,INSA,2026-01-12,2010,09.01.–12.01.,CDUCSU,24.5
BT05260112C,INSA,2026-01-12,2010,09.01.–12.01.,SPD,14.5
BT05260112C,INSA,2026-01-12,2010,09.01.–12.01.,Gruene,12
BT05260112C,INSA,2026-01-12,2010,09.01.–12.01.,FDP,4
BT05260112C,INSA,2026-01-12,2010,09.01.–12.01.,Linke,10
BT05260112C,INSA,2026-01-12,2010,09.01.–12.01.,AfD,26
BT05260112C,INSA,2026-01-12,2010,09.01.–12.01.,BSW,4
BT02260113M,Forsa,2026-01-13,3004,05.01.–12.01.,CDUCSU,24
BT02260113M,Forsa,2026-01-13,3004,05.01.–12.01.,SPD,13
BT02260113M,Forsa,2026-01-13,3004,05.01.–12.01.,Gruene,13
BT02260113M,Forsa,2026-01-13,3004,05.01.–12.01.,FDP,3
BT02260113M,Forsa,2026-01-13,3004,05.01.–12.01.,Linke,11
BT02260113M,Forsa,2026-01-13,3004,05.01.–12.01.,AfD,26
BT02260113M,Forsa,2026-01-13,3004,05.01.–12.01.,BSW,3
BT13260114S,YouGov,2026-01-14,1673,09.01.–12.01.,CDUCSU,25
BT13260114S,YouGov,2026-01-14,1673,09.01.–12.01.,SPD,16
BT13260114S,YouGov,2026-01-14,1673,09.01.–12.01.,Gruene,12
BT13260114S,YouGov,2026-01-14,1673,09.01.–12.01.,FDP,4
BT13260114S,YouGov,2026-01-14,1673,09.01.–12.01.,Linke,10
BT13260114S,YouGov,2026-01-14,1673,09.01.–12.01.,AfD,25
BT13260114S,YouGov,2026-01-14,1673,09.01.–12.01.,BSW,3
BT03260116P,Verian,2026-01-16,1455,07.01.–13.01.,CDUCSU,26
BT03260116P,Verian,2026-01-16,1455,07.01.–13.01.,SPD,15
BT03260116P,Verian,2026-01-16,1455,07.01.–13.01.,Gruene,13
BT03260116P,Verian,2026-01-16,1455,07.01.–13.01.,FDP,3
BT03260116P,Verian,2026-01-16,1455,07.01.–13.01.,Linke,10
BT03260116P,Verian,2026-01-16,1455,07.01.–13.01.,AfD,25
BT03260116P,Verian,2026-01-16,1455,07.01.–13.01.,BSW,3
BT06260116A,Forschungsgruppe Wahlen,2026-01-16,1245,13.01.–15.01.,CDUCSU,26
BT06260116A,Forschungsgruppe Wahlen,2026-01-16,1245,13.01.–15.01.,SPD,15
BT06260116A,Forschungsgruppe Wahlen,2026-01-16,1245,13.01.–15.01.,Gruene,12
BT06260116A,Forschungsgruppe Wahlen,2026-01-16,1245,13.01.–15.01.,FDP,NA
BT06260116A,Forschungsgruppe Wahlen,2026-01-16,1245,13.01.–15.01.,Linke,10
BT06260116A,Forschungsgruppe Wahlen,2026-01-16,1245,13.01.–15.01.,AfD,25
BT06260116A,Forschungsgruppe Wahlen,2026-01-16,1245,13.01.–15.01.,BSW,NA
BT05260117D,INSA,2026-01-17,1202,12.01.–16.01.,CDUCSU,25
BT05260117D,INSA,2026-01-17,1202,12.01.–16.01.,SPD,14
BT05260117D,INSA,2026-01-17,1202,12.01.–16.01.,Gruene,12
BT05260117D,INSA,2026-01-17,1202,12.01.–16.01.,FDP,4
BT05260117D,INSA,2026-01-17,1202,12.01.–16.01.,Linke,11
BT05260117D,INSA,2026-01-17,1202,12.01.–16.01.,AfD,26
BT05260117D,INSA,2026-01-17,1202,12.01.–16.01.,BSW,4
BT02260120N,Forsa,2026-01-20,2501,13.01.–19.01.,CDUCSU,25
BT02260120N,Forsa,2026-01-20,2501,13.01.–19.01.,SPD,14
BT02260120N,Forsa,2026-01-20,2501,13.01.–19.01.,Gruene,12
BT02260120N,Forsa,2026-01-20,2501,13.01.–19.01.,FDP,3
BT02260120N,Forsa,2026-01-20,2501,13.01.–19.01.,Linke,10
BT02260120N,Forsa,2026-01-20,2501,13.01.–19.01.,AfD,26
BT02260120N,Forsa,2026-01-20,2501,13.01.–19.01.,BSW,3
BT05260120E,INSA,2026-01-20,2004,16.01.–19.01.,CDUCSU,25
BT05260120E,INSA,2026-01-20,2004,16.01.–19.01.,SPD,14
BT05260120E,INSA,2026-01-20,2004,16.01.–19.01.,Gruene,12
BT05260120E,INSA,2026-01-20,2004,16.01.–19.01.,FDP,4
BT05260120E,INSA,2026-01-20,2004,16.01.–19.01.,Linke,10.5
BT05260120E,INSA,2026-01-20,2004,16.01.–19.01.,AfD,26
BT05260120E,INSA,2026-01-20,2004,16.01.–19.01.,BSW,4
BT05260124F,INSA,2026-01-24,1204,19.01.–23.01.,CDUCSU,25
BT05260124F,INSA,2026-01-24,1204,19.01.–23.01.,SPD,15
BT05260124F,INSA,2026-01-24,1204,19.01.–23.01.,Gruene,11
BT05260124F,INSA,2026-01-24,1204,19.01.–23.01.,FDP,4
BT05260124F,INSA,2026-01-24,1204,19.01.–23.01.,Linke,10
BT05260124F,INSA,2026-01-24,1204,19.01.–23.01.,AfD,26
BT05260124F,INSA,2026-01-24,1204,19.01.–23.01.,BSW,4
BT02260127O,Forsa,2026-01-27,2501,20.01.–26.01.,CDUCSU,26
BT02260127O,Forsa,2026-01-27,2501,20.01.–26.01.,SPD,14
BT02260127O,Forsa,2026-01-27,2501,20.01.–26.01.,Gruene,12
BT02260127O,Forsa,2026-01-27,2501,20.01.–26.01.,FDP,3
BT02260127O,Forsa,2026-01-27,2501,20.01.–26.01.,Linke,11
BT02260127O,Forsa,2026-01-27,2501,20.01.–26.01.,AfD,24
BT02260127O,Forsa,2026-01-27,2501,20.01.–26.01.,BSW,3
BT05260127G,INSA,2026-01-27,2008,23.01.–26.01.,CDUCSU,25
BT05260127G,INSA,2026-01-27,2008,23.01.–26.01.,SPD,14.5
BT05260127G,INSA,2026-01-27,2008,23.01.–26.01.,Gruene,11.5
BT05260127G,INSA,2026-01-27,2008,23.01.–26.01.,FDP,4
BT05260127G,INSA,2026-01-27,2008,23.01.–26.01.,Linke,10.5
BT05260127G,INSA,2026-01-27,2008,23.01.–26.01.,AfD,26
BT05260127G,INSA,2026-01-27,2008,23.01.–26.01.,BSW,4.5
BT09260131U,Allensbach,2026-01-31,1077,06.01.–19.01.,CDUCSU,27
BT09260131U,Allensbach,2026-01-31,1077,06.01.–19.01.,SPD,15
BT09260131U,Allensbach,2026-01-31,1077,06.01.–19.01.,Gruene,11.5
BT09260131U,Allensbach,2026-01-31,1077,06.01.–19.01.,FDP,3.5
BT09260131U,Allensbach,2026-01-31,1077,06.01.–19.01.,Linke,10
BT09260131U,Allensbach,2026-01-31,1077,06.01.–19.01.,AfD,25
BT09260131U,Allensbach,2026-01-31,1077,06.01.–19.01.,BSW,NA
BT05260131H,INSA,2026-01-31,1204,26.01.–30.01.,CDUCSU,26
BT05260131H,INSA,2026-01-31,1204,26.01.–30.01.,SPD,16
BT05260131H,INSA,2026-01-31,1204,26.01.–30.01.,Gruene,11
BT05260131H,INSA,2026-01-31,1204,26.01.–30.01.,FDP,3
BT05260131H,INSA,2026-01-31,1204,26.01.–30.01.,Linke,10
BT05260131H,INSA,2026-01-31,1204,26.01.–30.01.,AfD,26
BT05260131H,INSA,2026-01-31,1204,26.01.–30.01.,BSW,4
BT02260203P,Forsa,2026-02-03,2503,27.01.–02.02.,CDUCSU,26
BT02260203P,Forsa,2026-02-03,2503,27.01.–02.02.,SPD,14
BT02260203P,Forsa,2026-02-03,2503,27.01.–02.02.,Gruene,12
BT02260203P,Forsa,2026-02-03,2503,27.01.–02.02.,FDP,3
BT02260203P,Forsa,2026-02-03,2503,27.01.–02.02.,Linke,11
BT02260203P,Forsa,2026-02-03,2503,27.01.–02.02.,AfD,24
BT02260203P,Forsa,2026-02-03,2503,27.01.–02.02.,BSW,3
BT05260203I,INSA,2026-02-03,2006,30.01.–02.02.,CDUCSU,26
BT05260203I,INSA,2026-02-03,2006,30.01.–02.02.,SPD,15.5
BT05260203I,INSA,2026-02-03,2006,30.01.–02.02.,Gruene,11.5
BT05260203I,INSA,2026-02-03,2006,30.01.–02.02.,FDP,3
BT05260203I,INSA,2026-02-03,2006,30.01.–02.02.,Linke,10
BT05260203I,INSA,2026-02-03,2006,30.01.–02.02.,AfD,26
BT05260203I,INSA,2026-02-03,2006,30.01.–02.02.,BSW,4
BT01260205F,Infratest dimap,2026-02-05,1319,02.02.–04.02.,CDUCSU,26
BT01260205F,Infratest dimap,2026-02-05,1319,02.02.–04.02.,SPD,15
BT01260205F,Infratest dimap,2026-02-05,1319,02.02.–04.02.,Gruene,12
BT01260205F,Infratest dimap,2026-02-05,1319,02.02.–04.02.,FDP,3
BT01260205F,Infratest dimap,2026-02-05,1319,02.02.–04.02.,Linke,10
BT01260205F,Infratest dimap,2026-02-05,1319,02.02.–04.02.,AfD,24
BT01260205F,Infratest dimap,2026-02-05,1319,02.02.–04.02.,BSW,3
BT06260206B,Forschungsgruppe Wahlen,2026-02-06,1289,03.02.–05.02.,CDUCSU,26
BT06260206B,Forschungsgruppe Wahlen,2026-02-06,1289,03.02.–05.02.,SPD,15
BT06260206B,Forschungsgruppe Wahlen,2026-02-06,1289,03.02.–05.02.,Gruene,13
BT06260206B,Forschungsgruppe Wahlen,2026-02-06,1289,03.02.–05.02.,FDP,NA
BT06260206B,Forschungsgruppe Wahlen,2026-02-06,1289,03.02.–05.02.,Linke,10
BT06260206B,Forschungsgruppe Wahlen,2026-02-06,1289,03.02.–05.02.,AfD,24
BT06260206B,Forschungsgruppe Wahlen,2026-02-06,1289,03.02.–05.02.,BSW,NA
BT05260207J,INSA,2026-02-07,1202,02.02.–06.02.,CDUCSU,25
BT05260207J,INSA,2026-02-07,1202,02.02.–06.02.,SPD,16
BT05260207J,INSA,2026-02-07,1202,02.02.–06.02.,Gruene,11
BT05260207J,INSA,2026-02-07,1202,02.02.–06.02.,FDP,3
BT05260207J,INSA,2026-02-07,1202,02.02.–06.02.,Linke,10
BT05260207J,INSA,2026-02-07,1202,02.02.–06.02.,AfD,26
BT05260207J,INSA,2026-02-07,1202,02.02.–06.02.,BSW,4
BT02260210Q,Forsa,2026-02-10,2503,03.02.–09.02.,CDUCSU,26
BT02260210Q,Forsa,2026-02-10,2503,03.02.–09.02.,SPD,14
BT02260210Q,Forsa,2026-02-10,2503,03.02.–09.02.,Gruene,13
BT02260210Q,Forsa,2026-02-10,2503,03.02.–09.02.,FDP,3
BT02260210Q,Forsa,2026-02-10,2503,03.02.–09.02.,Linke,11
BT02260210Q,Forsa,2026-02-10,2503,03.02.–09.02.,AfD,24
BT02260210Q,Forsa,2026-02-10,2503,03.02.–09.02.,BSW,3
BT05260210K,INSA,2026-02-10,2004,06.02.–09.02.,CDUCSU,25.5
BT05260210K,INSA,2026-02-10,2004,06.02.–09.02.,SPD,15.5
BT05260210K,INSA,2026-02-10,2004,06.02.–09.02.,Gruene,11
BT05260210K,INSA,2026-02-10,2004,06.02.–09.02.,FDP,3
BT05260210K,INSA,2026-02-10,2004,06.02.–09.02.,Linke,10
BT05260210K,INSA,2026-02-10,2004,06.02.–09.02.,AfD,26
BT05260210K,INSA,2026-02-10,2004,06.02.–09.02.,BSW,4
BT03260211Q,Verian,2026-02-11,1472,04.02.–10.02.,CDUCSU,25
BT03260211Q,Verian,2026-02-11,1472,04.02.–10.02.,SPD,15
BT03260211Q,Verian,2026-02-11,1472,04.02.–10.02.,Gruene,12
BT03260211Q,Verian,2026-02-11,1472,04.02.–10.02.,FDP,4
BT03260211Q,Verian,2026-02-11,1472,04.02.–10.02.,Linke,11
BT03260211Q,Verian,2026-02-11,1472,04.02.–10.02.,AfD,24
BT03260211Q,Verian,2026-02-11,1472,04.02.–10.02.,BSW,3
BT13260211T,YouGov,2026-02-11,1657,06.02.–09.02.,CDUCSU,25
BT13260211T,YouGov,2026-02-11,1657,06.02.–09.02.,SPD,16
BT13260211T,YouGov,2026-02-11,1657,06.02.–09.02.,Gruene,11
BT13260211T,YouGov,2026-02-11,1657,06.02.–09.02.,FDP,4
BT13260211T,YouGov,2026-02-11,1657,06.02.–09.02.,Linke,10
BT13260211T,YouGov,2026-02-11,1657,06.02.–09.02.,AfD,25
BT13260211T,YouGov,2026-02-11,1657,06.02.–09.02.,BSW,4
BT05260213L,INSA,2026-02-13,1202,09.02.–13.02.,CDUCSU,25
BT05260213L,INSA,2026-02-13,1202,09.02.–13.02.,SPD,16
BT05260213L,INSA,2026-02-13,1202,09.02.–13.02.,Gruene,11
BT05260213L,INSA,2026-02-13,1202,09.02.–13.02.,FDP,3
BT05260213L,INSA,2026-02-13,1202,09.02.–13.02.,Linke,10
BT05260213L,INSA,2026-02-13,1202,09.02.–13.02.,AfD,25
BT05260213L,INSA,2026-02-13,1202,09.02.–13.02.,BSW,4
BT05260216M,INSA,2026-02-16,2002,13.02.–16.02.,CDUCSU,25.5
BT05260216M,INSA,2026-02-16,2002,13.02.–16.02.,SPD,15.5
BT05260216M,INSA,2026-02-16,2002,13.02.–16.02.,Gruene,11
BT05260216M,INSA,2026-02-16,2002,13.02.–16.02.,FDP,3
BT05260216M,INSA,2026-02-16,2002,13.02.–16.02.,Linke,10
BT05260216M,INSA,2026-02-16,2002,13.02.–16.02.,AfD,25.5
BT05260216M,INSA,2026-02-16,2002,13.02.–16.02.,BSW,4
BT02260217R,Forsa,2026-02-17,2504,10.02.–16.02.,CDUCSU,26
BT02260217R,Forsa,2026-02-17,2504,10.02.–16.02.,SPD,14
BT02260217R,Forsa,2026-02-17,2504,10.02.–16.02.,Gruene,12
BT02260217R,Forsa,2026-02-17,2504,10.02.–16.02.,FDP,3
BT02260217R,Forsa,2026-02-17,2504,10.02.–16.02.,Linke,10
BT02260217R,Forsa,2026-02-17,2504,10.02.–16.02.,AfD,25
BT02260217R,Forsa,2026-02-17,2504,10.02.–16.02.,BSW,3
BT05260222N,INSA,2026-02-22,1203,16.02.–20.02.,CDUCSU,25
BT05260222N,INSA,2026-02-22,1203,16.02.–20.02.,SPD,16
BT05260222N,INSA,2026-02-22,1203,16.02.–20.02.,Gruene,11
BT05260222N,INSA,2026-02-22,1203,16.02.–20.02.,FDP,3
BT05260222N,INSA,2026-02-22,1203,16.02.–20.02.,Linke,11
BT05260222N,INSA,2026-02-22,1203,16.02.–20.02.,AfD,25
BT05260222N,INSA,2026-02-22,1203,16.02.–20.02.,BSW,3
BT02260224S,Forsa,2026-02-24,2504,17.02.–23.02.,CDUCSU,26
BT02260224S,Forsa,2026-02-24,2504,17.02.–23.02.,SPD,14
BT02260224S,Forsa,2026-02-24,2504,17.02.–23.02.,Gruene,12
BT02260224S,Forsa,2026-02-24,2504,17.02.–23.02.,FDP,3
BT02260224S,Forsa,2026-02-24,2504,17.02.–23.02.,Linke,11
BT02260224S,Forsa,2026-02-24,2504,17.02.–23.02.,AfD,24
BT02260224S,Forsa,2026-02-24,2504,17.02.–23.02.,BSW,3
BT05260224O,INSA,2026-02-24,2006,20.02.–23.02.,CDUCSU,25
BT05260224O,INSA,2026-02-24,2006,20.02.–23.02.,SPD,15.5
BT05260224O,INSA,2026-02-24,2006,20.02.–23.02.,Gruene,11
BT05260224O,INSA,2026-02-24,2006,20.02.–23.02.,FDP,3.5
BT05260224O,INSA,2026-02-24,2006,20.02.–23.02.,Linke,11
BT05260224O,INSA,2026-02-24,2006,20.02.–23.02.,AfD,25
BT05260224O,INSA,2026-02-24,2006,20.02.–23.02.,BSW,3.5
BT06260227C,Forschungsgruppe Wahlen,2026-02-27,1262,24.02.–26.02.,CDUCSU,26
BT06260227C,Forschungsgruppe Wahlen,2026-02-27,1262,24.02.–26.02.,SPD,15
BT06260227C,Forschungsgruppe Wahlen,2026-02-27,1262,24.02.–26.02.,Gruene,12
BT06260227C,Forschungsgruppe Wahlen,2026-02-27,1262,24.02.–26.02.,FDP,NA
BT06260227C,Forschungsgruppe Wahlen,2026-02-27,1262,24.02.–26.02.,Linke,11
BT06260227C,Forschungsgruppe Wahlen,2026-02-27,1262,24.02.–26.02.,AfD,24
BT06260227C,Forschungsgruppe Wahlen,2026-02-27,1262,24.02.–26.02.,BSW,NA
BT05260228P,INSA,2026-02-28,1203,23.02.–27.02.,CDUCSU,26
BT05260228P,INSA,2026-02-28,1203,23.02.–27.02.,SPD,16
BT05260228P,INSA,2026-02-28,1203,23.02.–27.02.,Gruene,11
BT05260228P,INSA,2026-02-28,1203,23.02.–27.02.,FDP,3
BT05260228P,INSA,2026-02-28,1203,23.02.–27.02.,Linke,10
BT05260228P,INSA,2026-02-28,1203,23.02.–27.02.,AfD,25
BT05260228P,INSA,2026-02-28,1203,23.02.–27.02.,BSW,3
BT09260302V,Allensbach,2026-03-02,1052,06.02.–19.02.,CDUCSU,27
BT09260302V,Allensbach,2026-03-02,1052,06.02.–19.02.,SPD,16
BT09260302V,Allensbach,2026-03-02,1052,06.02.–19.02.,Gruene,12
BT09260302V,Allensbach,2026-03-02,1052,06.02.–19.02.,FDP,4
BT09260302V,Allensbach,2026-03-02,1052,06.02.–19.02.,Linke,10
BT09260302V,Allensbach,2026-03-02,1052,06.02.–19.02.,AfD,24
BT09260302V,Allensbach,2026-03-02,1052,06.02.–19.02.,BSW,NA
BT02260303T,Forsa,2026-03-03,2503,24.02.–02.03.,CDUCSU,26
BT02260303T,Forsa,2026-03-03,2503,24.02.–02.03.,SPD,14
BT02260303T,Forsa,2026-03-03,2503,24.02.–02.03.,Gruene,12
BT02260303T,Forsa,2026-03-03,2503,24.02.–02.03.,FDP,3
BT02260303T,Forsa,2026-03-03,2503,24.02.–02.03.,Linke,11
BT02260303T,Forsa,2026-03-03,2503,24.02.–02.03.,AfD,24
BT02260303T,Forsa,2026-03-03,2503,24.02.–02.03.,BSW,3
BT04260303H,GMS,2026-03-03,1016,25.02.–02.03.,CDUCSU,26
BT04260303H,GMS,2026-03-03,1016,25.02.–02.03.,SPD,16
BT04260303H,GMS,2026-03-03,1016,25.02.–02.03.,Gruene,12
BT04260303H,GMS,2026-03-03,1016,25.02.–02.03.,FDP,3
BT04260303H,GMS,2026-03-03,1016,25.02.–02.03.,Linke,10
BT04260303H,GMS,2026-03-03,1016,25.02.–02.03.,AfD,24
BT04260303H,GMS,2026-03-03,1016,25.02.–02.03.,BSW,3
BT05260303Q,INSA,2026-03-03,2002,27.02.–02.03.,CDUCSU,25.5
BT05260303Q,INSA,2026-03-03,2002,27.02.–02.03.,SPD,16
BT05260303Q,INSA,2026-03-03,2002,27.02.–02.03.,Gruene,11.5
BT05260303Q,INSA,2026-03-03,2002,27.02.–02.03.,FDP,3
BT05260303Q,INSA,2026-03-03,2002,27.02.–02.03.,Linke,10
BT05260303Q,INSA,2026-03-03,2002,27.02.–02.03.,AfD,25
BT05260303Q,INSA,2026-03-03,2002,27.02.–02.03.,BSW,3.5
BT01260305G,Infratest dimap,2026-03-05,1317,02.03.–04.03.,CDUCSU,28
BT01260305G,Infratest dimap,2026-03-05,1317,02.03.–04.03.,SPD,14
BT01260305G,Infratest dimap,2026-03-05,1317,02.03.–04.03.,Gruene,13
BT01260305G,Infratest dimap,2026-03-05,1317,02.03.–04.03.,FDP,NA
BT01260305G,Infratest dimap,2026-03-05,1317,02.03.–04.03.,Linke,9
BT01260305G,Infratest dimap,2026-03-05,1317,02.03.–04.03.,AfD,23
BT01260305G,Infratest dimap,2026-03-05,1317,02.03.–04.03.,BSW,4
BT05260307R,INSA,2026-03-07,1200,02.03.–06.03.,CDUCSU,26
BT05260307R,INSA,2026-03-07,1200,02.03.–06.03.,SPD,15
BT05260307R,INSA,2026-03-07,1200,02.03.–06.03.,Gruene,11
BT05260307R,INSA,2026-03-07,1200,02.03.–06.03.,FDP,4
BT05260307R,INSA,2026-03-07,1200,02.03.–06.03.,Linke,11
BT05260307R,INSA,2026-03-07,1200,02.03.–06.03.,AfD,25
BT05260307R,INSA,2026-03-07,1200,02.03.–06.03.,BSW,3
BT02260310U,Forsa,2026-03-10,2502,03.03.–09.03.,CDUCSU,26
BT02260310U,Forsa,2026-03-10,2502,03.03.–09.03.,SPD,14
BT02260310U,Forsa,2026-03-10,2502,03.03.–09.03.,Gruene,12
BT02260310U,Forsa,2026-03-10,2502,03.03.–09.03.,FDP,3
BT02260310U,Forsa,2026-03-10,2502,03.03.–09.03.,Linke,11
BT02260310U,Forsa,2026-03-10,2502,03.03.–09.03.,AfD,24
BT02260310U,Forsa,2026-03-10,2502,03.03.–09.03.,BSW,3
BT05260310S,INSA,2026-03-10,2003,06.03.–09.03.,CDUCSU,26
BT05260310S,INSA,2026-03-10,2003,06.03.–09.03.,SPD,15.5
BT05260310S,INSA,2026-03-10,2003,06.03.–09.03.,Gruene,11.5
BT05260310S,INSA,2026-03-10,2003,06.03.–09.03.,FDP,3.5
BT05260310S,INSA,2026-03-10,2003,06.03.–09.03.,Linke,10.5
BT05260310S,INSA,2026-03-10,2003,06.03.–09.03.,AfD,24.5
BT05260310S,INSA,2026-03-10,2003,06.03.–09.03.,BSW,3.5
BT03260312R,Verian,2026-03-12,1471,04.03.–10.03.,CDUCSU,26
BT03260312R,Verian,2026-03-12,1471,04.03.–10.03.,SPD,15
BT03260312R,Verian,2026-03-12,1471,04.03.–10.03.,Gruene,13
BT03260312R,Verian,2026-03-12,1471,04.03.–10.03.,FDP,3
BT03260312R,Verian,2026-03-12,1471,04.03.–10.03.,Linke,11
BT03260312R,Verian,2026-03-12,1471,04.03.–10.03.,AfD,23
BT03260312R,Verian,2026-03-12,1471,04.03.–10.03.,BSW,3
BT05260314T,INSA,2026-03-14,1201,09.03.–13.03.,CDUCSU,25
BT05260314T,INSA,2026-03-14,1201,09.03.–13.03.,SPD,15
BT05260314T,INSA,2026-03-14,1201,09.03.–13.03.,Gruene,12
BT05260314T,INSA,2026-03-14,1201,09.03.–13.03.,FDP,3
BT05260314T,INSA,2026-03-14,1201,09.03.–13.03.,Linke,11
BT05260314T,INSA,2026-03-14,1201,09.03.–13.03.,AfD,25
BT05260314T,INSA,2026-03-14,1201,09.03.–13.03.,BSW,3
BT02260317V,Forsa,2026-03-17,2503,10.03.–16.03.,CDUCSU,27
BT02260317V,Forsa,2026-03-17,2503,10.03.–16.03.,SPD,12
BT02260317V,Forsa,2026-03-17,2503,10.03.–16.03.,Gruene,15
BT02260317V,Forsa,2026-03-17,2503,10.03.–16.03.,FDP,NA
BT02260317V,Forsa,2026-03-17,2503,10.03.–16.03.,Linke,11
BT02260317V,Forsa,2026-03-17,2503,10.03.–16.03.,AfD,23
BT02260317V,Forsa,2026-03-17,2503,10.03.–16.03.,BSW,3
BT05260317U,INSA,2026-03-17,2002,13.03.–16.03.,CDUCSU,25.5
BT05260317U,INSA,2026-03-17,2002,13.03.–16.03.,SPD,15
BT05260317U,INSA,2026-03-17,2002,13.03.–16.03.,Gruene,12
BT05260317U,INSA,2026-03-17,2002,13.03.–16.03.,FDP,3
BT05260317U,INSA,2026-03-17,2002,13.03.–16.03.,Linke,10.5
BT05260317U,INSA,2026-03-17,2002,13.03.–16.03.,AfD,26
BT05260317U,INSA,2026-03-17,2002,13.03.–16.03.,BSW,3.5
BT13260317U,YouGov,2026-03-17,1851,13.03.–16.03.,CDUCSU,26
BT13260317U,YouGov,2026-03-17,1851,13.03.–16.03.,SPD,14
BT13260317U,YouGov,2026-03-17,1851,13.03.–16.03.,Gruene,13
BT13260317U,YouGov,2026-03-17,1851,13.03.–16.03.,FDP,3
BT13260317U,YouGov,2026-03-17,1851,13.03.–16.03.,Linke,9
BT13260317U,YouGov,2026-03-17,1851,13.03.–16.03.,AfD,26
BT13260317U,YouGov,2026-03-17,1851,13.03.–16.03.,BSW,3
BT09260321W,Allensbach,2026-03-21,1045,27.02.–12.03.,CDUCSU,28
BT09260321W,Allensbach,2026-03-21,1045,27.02.–12.03.,SPD,16
BT09260321W,Allensbach,2026-03-21,1045,27.02.–12.03.,Gruene,11.5
BT09260321W,Allensbach,2026-03-21,1045,27.02.–12.03.,FDP,4
BT09260321W,Allensbach,2026-03-21,1045,27.02.–12.03.,Linke,10
BT09260321W,Allensbach,2026-03-21,1045,27.02.–12.03.,AfD,23
BT09260321W,Allensbach,2026-03-21,1045,27.02.–12.03.,BSW,NA
BT05260321V,INSA,2026-03-21,1205,16.03.–20.03.,CDUCSU,26
BT05260321V,INSA,2026-03-21,1205,16.03.–20.03.,SPD,15
BT05260321V,INSA,2026-03-21,1205,16.03.–20.03.,Gruene,12
BT05260321V,INSA,2026-03-21,1205,16.03.–20.03.,FDP,3
BT05260321V,INSA,2026-03-21,1205,16.03.–20.03.,Linke,11
BT05260321V,INSA,2026-03-21,1205,16.03.–20.03.,AfD,25
BT05260321V,INSA,2026-03-21,1205,16.03.–20.03.,BSW,3
BT02260324W,Forsa,2026-03-24,2501,17.03.–23.03.,CDUCSU,26
BT02260324W,Forsa,2026-03-24,2501,17.03.–23.03.,SPD,12
BT02260324W,Forsa,2026-03-24,2501,17.03.–23.03.,Gruene,15
BT02260324W,Forsa,2026-03-24,2501,17.03.–23.03.,FDP,NA
BT02260324W,Forsa,2026-03-24,2501,17.03.–23.03.,Linke,10
BT02260324W,Forsa,2026-03-24,2501,17.03.–23.03.,AfD,25
BT02260324W,Forsa,2026-03-24,2501,17.03.–23.03.,BSW,3
BT05260324W,INSA,2026-03-24,2010,20.03.–23.03.,CDUCSU,26
BT05260324W,INSA,2026-03-24,2010,20.03.–23.03.,SPD,15
BT05260324W,INSA,2026-03-24,2010,20.03.–23.03.,Gruene,12
BT05260324W,INSA,2026-03-24,2010,20.03.–23.03.,FDP,3
BT05260324W,INSA,2026-03-24,2010,20.03.–23.03.,Linke,10
BT05260324W,INSA,2026-03-24,2010,20.03.–23.03.,AfD,26
BT05260324W,INSA,2026-03-24,2010,20.03.–23.03.,BSW,3.5
BT06260327D,Forschungsgruppe Wahlen,2026-03-27,1206,24.03.–26.03.,CDUCSU,26
BT06260327D,Forschungsgruppe Wahlen,2026-03-27,1206,24.03.–26.03.,SPD,13
BT06260327D,Forschungsgruppe Wahlen,2026-03-27,1206,24.03.–26.03.,Gruene,15
BT06260327D,Forschungsgruppe Wahlen,2026-03-27,1206,24.03.–26.03.,FDP,NA
BT06260327D,Forschungsgruppe Wahlen,2026-03-27,1206,24.03.–26.03.,Linke,10
BT06260327D,Forschungsgruppe Wahlen,2026-03-27,1206,24.03.–26.03.,AfD,26
BT06260327D,Forschungsgruppe Wahlen,2026-03-27,1206,24.03.–26.03.,BSW,NA
BT05260328X,INSA,2026-03-28,1205,23.03.–27.03.,CDUCSU,26
BT05260328X,INSA,2026-03-28,1205,23.03.–27.03.,SPD,14
BT05260328X,INSA,2026-03-28,1205,23.03.–27.03.,Gruene,12
BT05260328X,INSA,2026-03-28,1205,23.03.–27.03.,FDP,3
BT05260328X,INSA,2026-03-28,1205,23.03.–27.03.,Linke,11
BT05260328X,INSA,2026-03-28,1205,23.03.–27.03.,AfD,26
BT05260328X,INSA,2026-03-28,1205,23.03.–27.03.,BSW,3
BT02260331X,Forsa,2026-03-31,2504,24.03.–30.03.,CDUCSU,26
BT02260331X,Forsa,2026-03-31,2504,24.03.–30.03.,SPD,12
BT02260331X,Forsa,2026-03-31,2504,24.03.–30.03.,Gruene,15
BT02260331X,Forsa,2026-03-31,2504,24.03.–30.03.,FDP,NA
BT02260331X,Forsa,2026-03-31,2504,24.03.–30.03.,Linke,10
BT02260331X,Forsa,2026-03-31,2504,24.03.–30.03.,AfD,25
BT02260331X,Forsa,2026-03-31,2504,24.03.–30.03.,BSW,3
BT05260331Y,INSA,2026-03-31,2006,27.03.–30.03.,CDUCSU,26
BT05260331Y,INSA,2026-03-31,2006,27.03.–30.03.,SPD,14.5
BT05260331Y,INSA,2026-03-31,2006,27.03.–30.03.,Gruene,12
BT05260331Y,INSA,2026-03-31,2006,27.03.–30.03.,FDP,3
BT05260331Y,INSA,2026-03-31,2006,27.03.–30.03.,Linke,10.5
BT05260331Y,INSA,2026-03-31,2006,27.03.–30.03.,AfD,26
BT05260331Y,INSA,2026-03-31,2006,27.03.–30.03.,BSW,3.5
BT01260401H,Infratest dimap,2026-04-01,1316,30.03.–31.03.,CDUCSU,26
BT01260401H,Infratest dimap,2026-04-01,1316,30.03.–31.03.,SPD,12
BT01260401H,Infratest dimap,2026-04-01,1316,30.03.–31.03.,Gruene,14
BT01260401H,Infratest dimap,2026-04-01,1316,30.03.–31.03.,FDP,3
BT01260401H,Infratest dimap,2026-04-01,1316,30.03.–31.03.,Linke,10
BT01260401H,Infratest dimap,2026-04-01,1316,30.03.–31.03.,AfD,25
BT01260401H,Infratest dimap,2026-04-01,1316,30.03.–31.03.,BSW,3
BT05260404A,INSA,2026-04-04,1199,30.03.–02.04.,CDUCSU,25
BT05260404A,INSA,2026-04-04,1199,30.03.–02.04.,SPD,13
BT05260404A,INSA,2026-04-04,1199,30.03.–02.04.,Gruene,12
BT05260404A,INSA,2026-04-04,1199,30.03.–02.04.,FDP,3
BT05260404A,INSA,2026-04-04,1199,30.03.–02.04.,Linke,11
BT05260404A,INSA,2026-04-04,1199,30.03.–02.04.,AfD,26
BT05260404A,INSA,2026-04-04,1199,30.03.–02.04.,BSW,4
BT02260407Y,Forsa,2026-04-07,1503,31.03.–02.04.,CDUCSU,26
BT02260407Y,Forsa,2026-04-07,1503,31.03.–02.04.,SPD,12
BT02260407Y,Forsa,2026-04-07,1503,31.03.–02.04.,Gruene,15
BT02260407Y,Forsa,2026-04-07,1503,31.03.–02.04.,FDP,NA
BT02260407Y,Forsa,2026-04-07,1503,31.03.–02.04.,Linke,10
BT02260407Y,Forsa,2026-04-07,1503,31.03.–02.04.,AfD,26
BT02260407Y,Forsa,2026-04-07,1503,31.03.–02.04.,BSW,NA
BT05260408B,INSA,2026-04-08,2002,02.04.–07.04.,CDUCSU,25
BT05260408B,INSA,2026-04-08,2002,02.04.–07.04.,SPD,13
BT05260408B,INSA,2026-04-08,2002,02.04.–07.04.,Gruene,12
BT05260408B,INSA,2026-04-08,2002,02.04.–07.04.,FDP,3.5
BT05260408B,INSA,2026-04-08,2002,02.04.–07.04.,Linke,10.5
BT05260408B,INSA,2026-04-08,2002,02.04.–07.04.,AfD,26
BT05260408B,INSA,2026-04-08,2002,02.04.–07.04.,BSW,4
BT03260410S,Verian,2026-04-10,1460,30.03.–07.04.,CDUCSU,25
BT03260410S,Verian,2026-04-10,1460,30.03.–07.04.,SPD,14
BT03260410S,Verian,2026-04-10,1460,30.03.–07.04.,Gruene,14
BT03260410S,Verian,2026-04-10,1460,30.03.–07.04.,FDP,3
BT03260410S,Verian,2026-04-10,1460,30.03.–07.04.,Linke,11
BT03260410S,Verian,2026-04-10,1460,30.03.–07.04.,AfD,25
BT03260410S,Verian,2026-04-10,1460,30.03.–07.04.,BSW,3
BT05260411C,INSA,2026-04-11,1205,07.04.–10.04.,CDUCSU,25
BT05260411C,INSA,2026-04-11,1205,07.04.–10.04.,SPD,14
BT05260411C,INSA,2026-04-11,1205,07.04.–10.04.,Gruene,13
BT05260411C,INSA,2026-04-11,1205,07.04.–10.04.,FDP,3
BT05260411C,INSA,2026-04-11,1205,07.04.–10.04.,Linke,10
BT05260411C,INSA,2026-04-11,1205,07.04.–10.04.,AfD,26
BT05260411C,INSA,2026-04-11,1205,07.04.–10.04.,BSW,4
BT02260414A,Forsa,2026-04-14,2502,07.04.–13.04.,CDUCSU,24
BT02260414A,Forsa,2026-04-14,2502,07.04.–13.04.,SPD,12
BT02260414A,Forsa,2026-04-14,2502,07.04.–13.04.,Gruene,15
BT02260414A,Forsa,2026-04-14,2502,07.04.–13.04.,FDP,4
BT02260414A,Forsa,2026-04-14,2502,07.04.–13.04.,Linke,11
BT02260414A,Forsa,2026-04-14,2502,07.04.–13.04.,AfD,26
BT02260414A,Forsa,2026-04-14,2502,07.04.–13.04.,BSW,NA
BT05260414D,INSA,2026-04-14,2006,10.04.–13.04.,CDUCSU,25
BT05260414D,INSA,2026-04-14,2006,10.04.–13.04.,SPD,14
BT05260414D,INSA,2026-04-14,2006,10.04.–13.04.,Gruene,12.5
BT05260414D,INSA,2026-04-14,2006,10.04.–13.04.,FDP,3.5
BT05260414D,INSA,2026-04-14,2006,10.04.–13.04.,Linke,10
BT05260414D,INSA,2026-04-14,2006,10.04.–13.04.,AfD,26
BT05260414D,INSA,2026-04-14,2006,10.04.–13.04.,BSW,3.5
BT13260415V,YouGov,2026-04-15,1763,10.04.–13.04.,CDUCSU,23
BT13260415V,YouGov,2026-04-15,1763,10.04.–13.04.,SPD,13
BT13260415V,YouGov,2026-04-15,1763,10.04.–13.04.,Gruene,14
BT13260415V,YouGov,2026-04-15,1763,10.04.–13.04.,FDP,4
BT13260415V,YouGov,2026-04-15,1763,10.04.–13.04.,Linke,10
BT13260415V,YouGov,2026-04-15,1763,10.04.–13.04.,AfD,27
BT13260415V,YouGov,2026-04-15,1763,10.04.–13.04.,BSW,4
BT09260417X,Allensbach,2026-04-17,1057,23.03.–09.04.,CDUCSU,26
BT09260417X,Allensbach,2026-04-17,1057,23.03.–09.04.,SPD,14
BT09260417X,Allensbach,2026-04-17,1057,23.03.–09.04.,Gruene,13
BT09260417X,Allensbach,2026-04-17,1057,23.03.–09.04.,FDP,4
BT09260417X,Allensbach,2026-04-17,1057,23.03.–09.04.,Linke,10
BT09260417X,Allensbach,2026-04-17,1057,23.03.–09.04.,AfD,25
BT09260417X,Allensbach,2026-04-17,1057,23.03.–09.04.,BSW,NA
BT06260417E,Forschungsgruppe Wahlen,2026-04-17,1355,14.04.–16.04.,CDUCSU,25
BT06260417E,Forschungsgruppe Wahlen,2026-04-17,1355,14.04.–16.04.,SPD,12
BT06260417E,Forschungsgruppe Wahlen,2026-04-17,1355,14.04.–16.04.,Gruene,14
BT06260417E,Forschungsgruppe Wahlen,2026-04-17,1355,14.04.–16.04.,FDP,3
BT06260417E,Forschungsgruppe Wahlen,2026-04-17,1355,14.04.–16.04.,Linke,11
BT06260417E,Forschungsgruppe Wahlen,2026-04-17,1355,14.04.–16.04.,AfD,26
BT06260417E,Forschungsgruppe Wahlen,2026-04-17,1355,14.04.–16.04.,BSW,NA
BT05260418E,INSA,2026-04-18,1201,13.04.–17.04.,CDUCSU,24
BT05260418E,INSA,2026-04-18,1201,13.04.–17.04.,SPD,14
BT05260418E,INSA,2026-04-18,1201,13.04.–17.04.,Gruene,13
BT05260418E,INSA,2026-04-18,1201,13.04.–17.04.,FDP,3
BT05260418E,INSA,2026-04-18,1201,13.04.–17.04.,Linke,11
BT05260418E,INSA,2026-04-18,1201,13.04.–17.04.,AfD,27
BT05260418E,INSA,2026-04-18,1201,13.04.–17.04.,BSW,3
BT02260421B,Forsa,2026-04-21,2502,14.04.–21.04.,CDUCSU,24
BT02260421B,Forsa,2026-04-21,2502,14.04.–21.04.,SPD,12
BT02260421B,Forsa,2026-04-21,2502,14.04.–21.04.,Gruene,15
BT02260421B,Forsa,2026-04-21,2502,14.04.–21.04.,FDP,4
BT02260421B,Forsa,2026-04-21,2502,14.04.–21.04.,Linke,11
BT02260421B,Forsa,2026-04-21,2502,14.04.–21.04.,AfD,26
BT02260421B,Forsa,2026-04-21,2502,14.04.–21.04.,BSW,NA
BT05260421F,INSA,2026-04-21,2003,17.04.–20.04.,CDUCSU,24
BT05260421F,INSA,2026-04-21,2003,17.04.–20.04.,SPD,14
BT05260421F,INSA,2026-04-21,2003,17.04.–20.04.,Gruene,12.5
BT05260421F,INSA,2026-04-21,2003,17.04.–20.04.,FDP,3.5
BT05260421F,INSA,2026-04-21,2003,17.04.–20.04.,Linke,11
BT05260421F,INSA,2026-04-21,2003,17.04.–20.04.,AfD,26.5
BT05260421F,INSA,2026-04-21,2003,17.04.–20.04.,BSW,3.5
BT05260425G,INSA,2026-04-25,1203,20.04.–24.04.,CDUCSU,24
BT05260425G,INSA,2026-04-25,1203,20.04.–24.04.,SPD,14
BT05260425G,INSA,2026-04-25,1203,20.04.–24.04.,Gruene,12
BT05260425G,INSA,2026-04-25,1203,20.04.–24.04.,FDP,3
BT05260425G,INSA,2026-04-25,1203,20.04.–24.04.,Linke,11
BT05260425G,INSA,2026-04-25,1203,20.04.–24.04.,AfD,28
BT05260425G,INSA,2026-04-25,1203,20.04.–24.04.,BSW,3
BT02260428C,Forsa,2026-04-28,2503,21.04.–27.04.,CDUCSU,22
BT02260428C,Forsa,2026-04-28,2503,21.04.–27.04.,SPD,12
BT02260428C,Forsa,2026-04-28,2503,21.04.–27.04.,Gruene,15
BT02260428C,Forsa,2026-04-28,2503,21.04.–27.04.,FDP,4
BT02260428C,Forsa,2026-04-28,2503,21.04.–27.04.,Linke,12
BT02260428C,Forsa,2026-04-28,2503,21.04.–27.04.,AfD,27
BT02260428C,Forsa,2026-04-28,2503,21.04.–27.04.,BSW,NA
BT05260428H,INSA,2026-04-28,2010,24.04.–27.04.,CDUCSU,23.5
BT05260428H,INSA,2026-04-28,2010,24.04.–27.04.,SPD,14
BT05260428H,INSA,2026-04-28,2010,24.04.–27.04.,Gruene,12.5
BT05260428H,INSA,2026-04-28,2010,24.04.–27.04.,FDP,3.5
BT05260428H,INSA,2026-04-28,2010,24.04.–27.04.,Linke,11
BT05260428H,INSA,2026-04-28,2010,24.04.–27.04.,AfD,28
BT05260428H,INSA,2026-04-28,2010,24.04.–27.04.,BSW,3.5
BT05260502I,INSA,2026-05-02,1207,27.04.–30.04.,CDUCSU,24
BT05260502I,INSA,2026-05-02,1207,27.04.–30.04.,SPD,14
BT05260502I,INSA,2026-05-02,1207,27.04.–30.04.,Gruene,13
BT05260502I,INSA,2026-05-02,1207,27.04.–30.04.,FDP,3
BT05260502I,INSA,2026-05-02,1207,27.04.–30.04.,Linke,11
BT05260502I,INSA,2026-05-02,1207,27.04.–30.04.,AfD,28
BT05260502I,INSA,2026-05-02,1207,27.04.–30.04.,BSW,3
BT02260505D,Forsa,2026-05-05,2002,28.04.–04.05.,CDUCSU,22
BT02260505D,Forsa,2026-05-05,2002,28.04.–04.05.,SPD,12
BT02260505D,Forsa,2026-05-05,2002,28.04.–04.05.,Gruene,16
BT02260505D,Forsa,2026-05-05,2002,28.04.–04.05.,FDP,4
BT02260505D,Forsa,2026-05-05,2002,28.04.–04.05.,Linke,11
BT02260505D,Forsa,2026-05-05,2002,28.04.–04.05.,AfD,27
BT02260505D,Forsa,2026-05-05,2002,28.04.–04.05.,BSW,NA
BT05260505J,INSA,2026-05-05,2008,30.04.–04.05.,CDUCSU,24
BT05260505J,INSA,2026-05-05,2008,30.04.–04.05.,SPD,13.5
BT05260505J,INSA,2026-05-05,2008,30.04.–04.05.,Gruene,13
BT05260505J,INSA,2026-05-05,2008,30.04.–04.05.,FDP,4
BT05260505J,INSA,2026-05-05,2008,30.04.–04.05.,Linke,10.5
BT05260505J,INSA,2026-05-05,2008,30.04.–04.05.,AfD,27.5
BT05260505J,INSA,2026-05-05,2008,30.04.–04.05.,BSW,3.5
BT01260507I,Infratest dimap,2026-05-07,1303,04.05.–06.05.,CDUCSU,24
BT01260507I,Infratest dimap,2026-05-07,1303,04.05.–06.05.,SPD,12
BT01260507I,Infratest dimap,2026-05-07,1303,04.05.–06.05.,Gruene,15
BT01260507I,Infratest dimap,2026-05-07,1303,04.05.–06.05.,FDP,4
BT01260507I,Infratest dimap,2026-05-07,1303,04.05.–06.05.,Linke,10
BT01260507I,Infratest dimap,2026-05-07,1303,04.05.–06.05.,AfD,27
BT01260507I,Infratest dimap,2026-05-07,1303,04.05.–06.05.,BSW,3
BT03260508T,Verian,2026-05-08,1448,28.04.–05.05.,CDUCSU,24
BT03260508T,Verian,2026-05-08,1448,28.04.–05.05.,SPD,13
BT03260508T,Verian,2026-05-08,1448,28.04.–05.05.,Gruene,15
BT03260508T,Verian,2026-05-08,1448,28.04.–05.05.,FDP,4
BT03260508T,Verian,2026-05-08,1448,28.04.–05.05.,Linke,10
BT03260508T,Verian,2026-05-08,1448,28.04.–05.05.,AfD,25
BT03260508T,Verian,2026-05-08,1448,28.04.–05.05.,BSW,3
BT06260508F,Forschungsgruppe Wahlen,2026-05-08,1240,05.05.–07.05.,CDUCSU,25
BT06260508F,Forschungsgruppe Wahlen,2026-05-08,1240,05.05.–07.05.,SPD,12
BT06260508F,Forschungsgruppe Wahlen,2026-05-08,1240,05.05.–07.05.,Gruene,13
BT06260508F,Forschungsgruppe Wahlen,2026-05-08,1240,05.05.–07.05.,FDP,3
BT06260508F,Forschungsgruppe Wahlen,2026-05-08,1240,05.05.–07.05.,Linke,11
BT06260508F,Forschungsgruppe Wahlen,2026-05-08,1240,05.05.–07.05.,AfD,27
BT06260508F,Forschungsgruppe Wahlen,2026-05-08,1240,05.05.–07.05.,BSW,NA
BT05260509K,INSA,2026-05-09,1200,04.05.–08.05.,CDUCSU,23
BT05260509K,INSA,2026-05-09,1200,04.05.–08.05.,SPD,13
BT05260509K,INSA,2026-05-09,1200,04.05.–08.05.,Gruene,13
BT05260509K,INSA,2026-05-09,1200,04.05.–08.05.,FDP,3
BT05260509K,INSA,2026-05-09,1200,04.05.–08.05.,Linke,11
BT05260509K,INSA,2026-05-09,1200,04.05.–08.05.,AfD,28
BT05260509K,INSA,2026-05-09,1200,04.05.–08.05.,BSW,3
BT09260511Y,Allensbach,2026-05-11,1015,18.04.–30.04.,CDUCSU,25
BT09260511Y,Allensbach,2026-05-11,1015,18.04.–30.04.,SPD,12.5
BT09260511Y,Allensbach,2026-05-11,1015,18.04.–30.04.,Gruene,14
BT09260511Y,Allensbach,2026-05-11,1015,18.04.–30.04.,FDP,4.5
BT09260511Y,Allensbach,2026-05-11,1015,18.04.–30.04.,Linke,10
BT09260511Y,Allensbach,2026-05-11,1015,18.04.–30.04.,AfD,26
BT09260511Y,Allensbach,2026-05-11,1015,18.04.–30.04.,BSW,NA
BT02260512E,Forsa,2026-05-12,2501,05.05.–11.05.,CDUCSU,22
BT02260512E,Forsa,2026-05-12,2501,05.05.–11.05.,SPD,12
BT02260512E,Forsa,2026-05-12,2501,05.05.–11.05.,Gruene,15
BT02260512E,Forsa,2026-05-12,2501,05.05.–11.05.,FDP,4
BT02260512E,Forsa,2026-05-12,2501,05.05.–11.05.,Linke,11
BT02260512E,Forsa,2026-05-12,2501,05.05.–11.05.,AfD,27
BT02260512E,Forsa,2026-05-12,2501,05.05.–11.05.,BSW,NA
BT05260512L,INSA,2026-05-12,2006,08.05.–11.05.,CDUCSU,23
BT05260512L,INSA,2026-05-12,2006,08.05.–11.05.,SPD,13
BT05260512L,INSA,2026-05-12,2006,08.05.–11.05.,Gruene,12.5
BT05260512L,INSA,2026-05-12,2006,08.05.–11.05.,FDP,3.5
BT05260512L,INSA,2026-05-12,2006,08.05.–11.05.,Linke,11
BT05260512L,INSA,2026-05-12,2006,08.05.–11.05.,AfD,28
BT05260512L,INSA,2026-05-12,2006,08.05.–11.05.,BSW,3.5
BT13260512W,YouGov,2026-05-12,1783,08.05.–11.05.,CDUCSU,22
BT13260512W,YouGov,2026-05-12,1783,08.05.–11.05.,SPD,13
BT13260512W,YouGov,2026-05-12,1783,08.05.–11.05.,Gruene,13
BT13260512W,YouGov,2026-05-12,1783,08.05.–11.05.,FDP,4
BT13260512W,YouGov,2026-05-12,1783,08.05.–11.05.,Linke,11
BT13260512W,YouGov,2026-05-12,1783,08.05.–11.05.,AfD,28
BT13260512W,YouGov,2026-05-12,1783,08.05.–11.05.,BSW,4
BT05260516M,INSA,2026-05-16,1203,11.05.–15.05.,CDUCSU,22
BT05260516M,INSA,2026-05-16,1203,11.05.–15.05.,SPD,12
BT05260516M,INSA,2026-05-16,1203,11.05.–15.05.,Gruene,14
BT05260516M,INSA,2026-05-16,1203,11.05.–15.05.,FDP,3
BT05260516M,INSA,2026-05-16,1203,11.05.–15.05.,Linke,10
BT05260516M,INSA,2026-05-16,1203,11.05.–15.05.,AfD,29
BT05260516M,INSA,2026-05-16,1203,11.05.–15.05.,BSW,3
BT02260519F,Forsa,2026-05-19,2000,12.05.–18.05.,CDUCSU,22
BT02260519F,Forsa,2026-05-19,2000,12.05.–18.05.,SPD,12
BT02260519F,Forsa,2026-05-19,2000,12.05.–18.05.,Gruene,14
BT02260519F,Forsa,2026-05-19,2000,12.05.–18.05.,FDP,4
BT02260519F,Forsa,2026-05-19,2000,12.05.–18.05.,Linke,11
BT02260519F,Forsa,2026-05-19,2000,12.05.–18.05.,AfD,28
BT02260519F,Forsa,2026-05-19,2000,12.05.–18.05.,BSW,3
BT05260519N,INSA,2026-05-19,2005,15.05.–18.05.,CDUCSU,22
BT05260519N,INSA,2026-05-19,2005,15.05.–18.05.,SPD,12.5
BT05260519N,INSA,2026-05-19,2005,15.05.–18.05.,Gruene,14
BT05260519N,INSA,2026-05-19,2005,15.05.–18.05.,FDP,3.5
BT05260519N,INSA,2026-05-19,2005,15.05.–18.05.,Linke,10.5
BT05260519N,INSA,2026-05-19,2005,15.05.–18.05.,AfD,29
BT05260519N,INSA,2026-05-19,2005,15.05.–18.05.,BSW,3.5
BT06260522G,Forschungsgruppe Wahlen,2026-05-22,1340,19.05.–21.05.,CDUCSU,24
BT06260522G,Forschungsgruppe Wahlen,2026-05-22,1340,19.05.–21.05.,SPD,12
BT06260522G,Forschungsgruppe Wahlen,2026-05-22,1340,19.05.–21.05.,Gruene,15
BT06260522G,Forschungsgruppe Wahlen,2026-05-22,1340,19.05.–21.05.,FDP,3
BT06260522G,Forschungsgruppe Wahlen,2026-05-22,1340,19.05.–21.05.,Linke,12
BT06260522G,Forschungsgruppe Wahlen,2026-05-22,1340,19.05.–21.05.,AfD,26
BT06260522G,Forschungsgruppe Wahlen,2026-05-22,1340,19.05.–21.05.,BSW,NA
BT05260523O,INSA,2026-05-23,1203,18.05.–22.05.,CDUCSU,22
BT05260523O,INSA,2026-05-23,1203,18.05.–22.05.,SPD,12
BT05260523O,INSA,2026-05-23,1203,18.05.–22.05.,Gruene,14
BT05260523O,INSA,2026-05-23,1203,18.05.–22.05.,FDP,4
BT05260523O,INSA,2026-05-23,1203,18.05.–22.05.,Linke,11
BT05260523O,INSA,2026-05-23,1203,18.05.–22.05.,AfD,29
BT05260523O,INSA,2026-05-23,1203,18.05.–22.05.,BSW,3
BT02260526G,Forsa,2026-05-26,2002,19.05.–22.05.,CDUCSU,22
BT02260526G,Forsa,2026-05-26,2002,19.05.–22.05.,SPD,12
BT02260526G,Forsa,2026-05-26,2002,19.05.–22.05.,Gruene,15
BT02260526G,Forsa,2026-05-26,2002,19.05.–22.05.,FDP,4
BT02260526G,Forsa,2026-05-26,2002,19.05.–22.05.,Linke,11
BT02260526G,Forsa,2026-05-26,2002,19.05.–22.05.,AfD,27
BT02260526G,Forsa,2026-05-26,2002,19.05.–22.05.,BSW,3
BT05260526P,INSA,2026-05-26,2010,22.05.–26.05.,CDUCSU,22
BT05260526P,INSA,2026-05-26,2010,22.05.–26.05.,SPD,12
BT05260526P,INSA,2026-05-26,2010,22.05.–26.05.,Gruene,14
BT05260526P,INSA,2026-05-26,2010,22.05.–26.05.,FDP,4
BT05260526P,INSA,2026-05-26,2010,22.05.–26.05.,Linke,10.5
BT05260526P,INSA,2026-05-26,2010,22.05.–26.05.,AfD,29
BT05260526P,INSA,2026-05-26,2010,22.05.–26.05.,BSW,3
BT05260530Q,INSA,2026-05-30,1205,26.05.–29.05.,CDUCSU,22
BT05260530Q,INSA,2026-05-30,1205,26.05.–29.05.,SPD,12
BT05260530Q,INSA,2026-05-30,1205,26.05.–29.05.,Gruene,14
BT05260530Q,INSA,2026-05-30,1205,26.05.–29.05.,FDP,3
BT05260530Q,INSA,2026-05-30,1205,26.05.–29.05.,Linke,11
BT05260530Q,INSA,2026-05-30,1205,26.05.–29.05.,AfD,29
BT05260530Q,INSA,2026-05-30,1205,26.05.–29.05.,BSW,3
BT04260601I,GMS,2026-06-01,1023,27.05.–01.06.,CDUCSU,23
BT04260601I,GMS,2026-06-01,1023,27.05.–01.06.,SPD,11
BT04260601I,GMS,2026-06-01,1023,27.05.–01.06.,Gruene,16
BT04260601I,GMS,2026-06-01,1023,27.05.–01.06.,FDP,5
BT04260601I,GMS,2026-06-01,1023,27.05.–01.06.,Linke,11
BT04260601I,GMS,2026-06-01,1023,27.05.–01.06.,AfD,27
BT04260601I,GMS,2026-06-01,1023,27.05.–01.06.,BSW,2
BT02260602H,Forsa,2026-06-02,2502,26.05.–01.06.,CDUCSU,21
BT02260602H,Forsa,2026-06-02,2502,26.05.–01.06.,SPD,12
BT02260602H,Forsa,2026-06-02,2502,26.05.–01.06.,Gruene,15
BT02260602H,Forsa,2026-06-02,2502,26.05.–01.06.,FDP,5
BT02260602H,Forsa,2026-06-02,2502,26.05.–01.06.,Linke,11
BT02260602H,Forsa,2026-06-02,2502,26.05.–01.06.,AfD,27
BT02260602H,Forsa,2026-06-02,2502,26.05.–01.06.,BSW,3
BT05260602R,INSA,2026-06-02,2006,29.05.–01.06.,CDUCSU,22
BT05260602R,INSA,2026-06-02,2006,29.05.–01.06.,SPD,12
BT05260602R,INSA,2026-06-02,2006,29.05.–01.06.,Gruene,13.5
BT05260602R,INSA,2026-06-02,2006,29.05.–01.06.,FDP,3.5
BT05260602R,INSA,2026-06-02,2006,29.05.–01.06.,Linke,10.5
BT05260602R,INSA,2026-06-02,2006,29.05.–01.06.,AfD,29
BT05260602R,INSA,2026-06-02,2006,29.05.–01.06.,BSW,3.5
BT03260603U,Verian,2026-06-03,1454,27.05.–02.06.,CDUCSU,23
BT03260603U,Verian,2026-06-03,1454,27.05.–02.06.,SPD,13
BT03260603U,Verian,2026-06-03,1454,27.05.–02.06.,Gruene,15
BT03260603U,Verian,2026-06-03,1454,27.05.–02.06.,FDP,4
BT03260603U,Verian,2026-06-03,1454,27.05.–02.06.,Linke,10
BT03260603U,Verian,2026-06-03,1454,27.05.–02.06.,AfD,27
BT03260603U,Verian,2026-06-03,1454,27.05.–02.06.,BSW,2
BT01260603J,Infratest dimap,2026-06-03,1326,01.06.–02.06.,CDUCSU,23
BT01260603J,Infratest dimap,2026-06-03,1326,01.06.–02.06.,SPD,13
BT01260603J,Infratest dimap,2026-06-03,1326,01.06.–02.06.,Gruene,14
BT01260603J,Infratest dimap,2026-06-03,1326,01.06.–02.06.,FDP,4
BT01260603J,Infratest dimap,2026-06-03,1326,01.06.–02.06.,Linke,10
BT01260603J,Infratest dimap,2026-06-03,1326,01.06.–02.06.,AfD,27
BT01260603J,Infratest dimap,2026-06-03,1326,01.06.–02.06.,BSW,3
BT06260605H,Forschungsgruppe Wahlen,2026-06-05,1247,01.06.–03.06.,CDUCSU,25
BT06260605H,Forschungsgruppe Wahlen,2026-06-05,1247,01.06.–03.06.,SPD,12
BT06260605H,Forschungsgruppe Wahlen,2026-06-05,1247,01.06.–03.06.,Gruene,14
BT06260605H,Forschungsgruppe Wahlen,2026-06-05,1247,01.06.–03.06.,FDP,3
BT06260605H,Forschungsgruppe Wahlen,2026-06-05,1247,01.06.–03.06.,Linke,11
BT06260605H,Forschungsgruppe Wahlen,2026-06-05,1247,01.06.–03.06.,AfD,27
BT06260605H,Forschungsgruppe Wahlen,2026-06-05,1247,01.06.–03.06.,BSW,NA
BT05260606S,INSA,2026-06-06,1206,01.06.–05.06.,CDUCSU,21
BT05260606S,INSA,2026-06-06,1206,01.06.–05.06.,SPD,12
BT05260606S,INSA,2026-06-06,1206,01.06.–05.06.,Gruene,14
BT05260606S,INSA,2026-06-06,1206,01.06.–05.06.,FDP,3
BT05260606S,INSA,2026-06-06,1206,01.06.–05.06.,Linke,11
BT05260606S,INSA,2026-06-06,1206,01.06.–05.06.,AfD,29
BT05260606S,INSA,2026-06-06,1206,01.06.–05.06.,BSW,3
BT02260609I,Forsa,2026-06-09,2502,02.06.–08.06.,CDUCSU,22
BT02260609I,Forsa,2026-06-09,2502,02.06.–08.06.,SPD,11
BT02260609I,Forsa,2026-06-09,2502,02.06.–08.06.,Gruene,15
BT02260609I,Forsa,2026-06-09,2502,02.06.–08.06.,FDP,5
BT02260609I,Forsa,2026-06-09,2502,02.06.–08.06.,Linke,11
BT02260609I,Forsa,2026-06-09,2502,02.06.–08.06.,AfD,27
BT02260609I,Forsa,2026-06-09,2502,02.06.–08.06.,BSW,3
BT05260609T,INSA,2026-06-09,2009,05.06.–08.06.,CDUCSU,21
BT05260609T,INSA,2026-06-09,2009,05.06.–08.06.,SPD,12
BT05260609T,INSA,2026-06-09,2009,05.06.–08.06.,Gruene,14.5
BT05260609T,INSA,2026-06-09,2009,05.06.–08.06.,FDP,3.5
BT05260609T,INSA,2026-06-09,2009,05.06.–08.06.,Linke,10.5
BT05260609T,INSA,2026-06-09,2009,05.06.–08.06.,AfD,29
BT05260609T,INSA,2026-06-09,2009,05.06.–08.06.,BSW,3.5
BT05260613U,INSA,2026-06-13,1203,08.06.–12.06.,CDUCSU,22
BT05260613U,INSA,2026-06-13,1203,08.06.–12.06.,SPD,13
BT05260613U,INSA,2026-06-13,1203,08.06.–12.06.,Gruene,14
BT05260613U,INSA,2026-06-13,1203,08.06.–12.06.,FDP,3
BT05260613U,INSA,2026-06-13,1203,08.06.–12.06.,Linke,10
BT05260613U,INSA,2026-06-13,1203,08.06.–12.06.,AfD,29
BT05260613U,INSA,2026-06-13,1203,08.06.–12.06.,BSW,3
BT02260616J,Forsa,2026-06-16,2500,09.06.–15.06.,CDUCSU,21
BT02260616J,Forsa,2026-06-16,2500,09.06.–15.06.,SPD,12
BT02260616J,Forsa,2026-06-16,2500,09.06.–15.06.,Gruene,15
BT02260616J,Forsa,2026-06-16,2500,09.06.–15.06.,FDP,5
BT02260616J,Forsa,2026-06-16,2500,09.06.–15.06.,Linke,11
BT02260616J,Forsa,2026-06-16,2500,09.06.–15.06.,AfD,27
BT02260616J,Forsa,2026-06-16,2500,09.06.–15.06.,BSW,3
BT05260616V,INSA,2026-06-16,2003,12.06.–15.06.,CDUCSU,22
BT05260616V,INSA,2026-06-16,2003,12.06.–15.06.,SPD,12
BT05260616V,INSA,2026-06-16,2003,12.06.–15.06.,Gruene,14.5
BT05260616V,INSA,2026-06-16,2003,12.06.–15.06.,FDP,3.5
BT05260616V,INSA,2026-06-16,2003,12.06.–15.06.,Linke,10.5
BT05260616V,INSA,2026-06-16,2003,12.06.–15.06.,AfD,29
BT05260616V,INSA,2026-06-16,2003,12.06.–15.06.,BSW,3.5
BT13260616X,YouGov,2026-06-16,1793,12.06.–15.06.,CDUCSU,20
BT13260616X,YouGov,2026-06-16,1793,12.06.–15.06.,SPD,12
BT13260616X,YouGov,2026-06-16,1793,12.06.–15.06.,Gruene,14
BT13260616X,YouGov,2026-06-16,1793,12.06.–15.06.,FDP,5
BT13260616X,YouGov,2026-06-16,1793,12.06.–15.06.,Linke,12
BT13260616X,YouGov,2026-06-16,1793,12.06.–15.06.,AfD,29
BT13260616X,YouGov,2026-06-16,1793,12.06.–15.06.,BSW,4
BT06260619I,Forschungsgruppe Wahlen,2026-06-19,1190,16.06.–18.06.,CDUCSU,24
BT06260619I,Forschungsgruppe Wahlen,2026-06-19,1190,16.06.–18.06.,SPD,13
BT06260619I,Forschungsgruppe Wahlen,2026-06-19,1190,16.06.–18.06.,Gruene,12
BT06260619I,Forschungsgruppe Wahlen,2026-06-19,1190,16.06.–18.06.,FDP,4
BT06260619I,Forschungsgruppe Wahlen,2026-06-19,1190,16.06.–18.06.,Linke,11
BT06260619I,Forschungsgruppe Wahlen,2026-06-19,1190,16.06.–18.06.,AfD,28
BT06260619I,Forschungsgruppe Wahlen,2026-06-19,1190,16.06.–18.06.,BSW,NA
BT05260620W,INSA,2026-06-20,1204,15.06.–19.06.,CDUCSU,22
BT05260620W,INSA,2026-06-20,1204,15.06.–19.06.,SPD,13
BT05260620W,INSA,2026-06-20,1204,15.06.–19.06.,Gruene,13
BT05260620W,INSA,2026-06-20,1204,15.06.–19.06.,FDP,3
BT05260620W,INSA,2026-06-20,1204,15.06.–19.06.,Linke,10
BT05260620W,INSA,2026-06-20,1204,15.06.–19.06.,AfD,29
BT05260620W,INSA,2026-06-20,1204,15.06.–19.06.,BSW,3
BT02260623K,Forsa,2026-06-23,2504,16.06.–22.06.,CDUCSU,22
BT02260623K,Forsa,2026-06-23,2504,16.06.–22.06.,SPD,12
BT02260623K,Forsa,2026-06-23,2504,16.06.–22.06.,Gruene,15
BT02260623K,Forsa,2026-06-23,2504,16.06.–22.06.,FDP,4
BT02260623K,Forsa,2026-06-23,2504,16.06.–22.06.,Linke,11
BT02260623K,Forsa,2026-06-23,2504,16.06.–22.06.,AfD,27
BT02260623K,Forsa,2026-06-23,2504,16.06.–22.06.,BSW,3
BT05260623X,INSA,2026-06-23,2008,19.06.–22.06.,CDUCSU,21.5
BT05260623X,INSA,2026-06-23,2008,19.06.–22.06.,SPD,12.5
BT05260623X,INSA,2026-06-23,2008,19.06.–22.06.,Gruene,13
BT05260623X,INSA,2026-06-23,2008,19.06.–22.06.,FDP,4
BT05260623X,INSA,2026-06-23,2008,19.06.–22.06.,Linke,10.5
BT05260623X,INSA,2026-06-23,2008,19.06.–22.06.,AfD,29
BT05260623X,INSA,2026-06-23,2008,19.06.–22.06.,BSW,3.5
BT09260624B,Allensbach,2026-06-24,1047,05.06.–17.06.,CDUCSU,24
BT09260624B,Allensbach,2026-06-24,1047,05.06.–17.06.,SPD,12.5
BT09260624B,Allensbach,2026-06-24,1047,05.06.–17.06.,Gruene,13
BT09260624B,Allensbach,2026-06-24,1047,05.06.–17.06.,FDP,5.5
BT09260624B,Allensbach,2026-06-24,1047,05.06.–17.06.,Linke,10
BT09260624B,Allensbach,2026-06-24,1047,05.06.–17.06.,AfD,28
BT09260624B,Allensbach,2026-06-24,1047,05.06.–17.06.,BSW,NA
BT09260624A,Allensbach,2026-06-24,1010,22.05.–05.06.,CDUCSU,24
BT09260624A,Allensbach,2026-06-24,1010,22.05.–05.06.,SPD,13.5
BT09260624A,Allensbach,2026-06-24,1010,22.05.–05.06.,Gruene,13
BT09260624A,Allensbach,2026-06-24,1010,22.05.–05.06.,FDP,5
BT09260624A,Allensbach,2026-06-24,1010,22.05.–05.06.,Linke,9.5
BT09260624A,Allensbach,2026-06-24,1010,22.05.–05.06.,AfD,27
BT09260624A,Allensbach,2026-06-24,1010,22.05.–05.06.,BSW,NA
BT05260627Y,INSA,2026-06-27,1204,22.06.–26.06.,CDUCSU,22
BT05260627Y,INSA,2026-06-27,1204,22.06.–26.06.,SPD,12
BT05260627Y,INSA,2026-06-27,1204,22.06.–26.06.,Gruene,13
BT05260627Y,INSA,2026-06-27,1204,22.06.–26.06.,FDP,4
BT05260627Y,INSA,2026-06-27,1204,22.06.–26.06.,Linke,10
BT05260627Y,INSA,2026-06-27,1204,22.06.–26.06.,AfD,29
BT05260627Y,INSA,2026-06-27,1204,22.06.–26.06.,BSW,3
BT02260630L,Forsa,2026-06-30,2505,23.06.–29.06.,CDUCSU,22
BT02260630L,Forsa,2026-06-30,2505,23.06.–29.06.,SPD,12
BT02260630L,Forsa,2026-06-30,2505,23.06.–29.06.,Gruene,15
BT02260630L,Forsa,2026-06-30,2505,23.06.–29.06.,FDP,4
BT02260630L,Forsa,2026-06-30,2505,23.06.–29.06.,Linke,12
BT02260630L,Forsa,2026-06-30,2505,23.06.–29.06.,AfD,26
BT02260630L,Forsa,2026-06-30,2505,23.06.–29.06.,BSW,3
BT05260630A,INSA,2026-06-30,2006,26.06.–29.06.,CDUCSU,22
BT05260630A,INSA,2026-06-30,2006,26.06.–29.06.,SPD,12
BT05260630A,INSA,2026-06-30,2006,26.06.–29.06.,Gruene,13
BT05260630A,INSA,2026-06-30,2006,26.06.–29.06.,FDP,4
BT05260630A,INSA,2026-06-30,2006,26.06.–29.06.,Linke,10.5
BT05260630A,INSA,2026-06-30,2006,26.06.–29.06.,AfD,29
BT05260630A,INSA,2026-06-30,2006,26.06.–29.06.,BSW,3.5
BT01260702K,Infratest dimap,2026-07-02,1317,29.06.–01.07.,CDUCSU,22
BT01260702K,Infratest dimap,2026-07-02,1317,29.06.–01.07.,SPD,12
BT01260702K,Infratest dimap,2026-07-02,1317,29.06.–01.07.,Gruene,15
BT01260702K,Infratest dimap,2026-07-02,1317,29.06.–01.07.,FDP,4
BT01260702K,Infratest dimap,2026-07-02,1317,29.06.–01.07.,Linke,11
BT01260702K,Infratest dimap,2026-07-02,1317,29.06.–01.07.,AfD,27
BT01260702K,Infratest dimap,2026-07-02,1317,29.06.–01.07.,BSW,NA
BT03260703V,Verian,2026-07-03,1470,24.06.–30.06.,CDUCSU,22
BT03260703V,Verian,2026-07-03,1470,24.06.–30.06.,SPD,13
BT03260703V,Verian,2026-07-03,1470,24.06.–30.06.,Gruene,15
BT03260703V,Verian,2026-07-03,1470,24.06.–30.06.,FDP,4
BT03260703V,Verian,2026-07-03,1470,24.06.–30.06.,Linke,11
BT03260703V,Verian,2026-07-03,1470,24.06.–30.06.,AfD,27
BT03260703V,Verian,2026-07-03,1470,24.06.–30.06.,BSW,3
BT05260704B,INSA,2026-07-04,1205,29.06.–03.07.,CDUCSU,21
BT05260704B,INSA,2026-07-04,1205,29.06.–03.07.,SPD,13
BT05260704B,INSA,2026-07-04,1205,29.06.–03.07.,Gruene,13
BT05260704B,INSA,2026-07-04,1205,29.06.–03.07.,FDP,4
BT05260704B,INSA,2026-07-04,1205,29.06.–03.07.,Linke,10
BT05260704B,INSA,2026-07-04,1205,29.06.–03.07.,AfD,29
BT05260704B,INSA,2026-07-04,1205,29.06.–03.07.,BSW,4
BT02260707M,Forsa,2026-07-07,2502,30.06.–06.07.,CDUCSU,22
BT02260707M,Forsa,2026-07-07,2502,30.06.–06.07.,SPD,12
BT02260707M,Forsa,2026-07-07,2502,30.06.–06.07.,Gruene,15
BT02260707M,Forsa,2026-07-07,2502,30.06.–06.07.,FDP,4
BT02260707M,Forsa,2026-07-07,2502,30.06.–06.07.,Linke,12
BT02260707M,Forsa,2026-07-07,2502,30.06.–06.07.,AfD,26
BT02260707M,Forsa,2026-07-07,2502,30.06.–06.07.,BSW,3
BT05260707C,INSA,2026-07-07,2010,03.07.–06.07.,CDUCSU,22
BT05260707C,INSA,2026-07-07,2010,03.07.–06.07.,SPD,12.5
BT05260707C,INSA,2026-07-07,2010,03.07.–06.07.,Gruene,13
BT05260707C,INSA,2026-07-07,2010,03.07.–06.07.,FDP,4
BT05260707C,INSA,2026-07-07,2010,03.07.–06.07.,Linke,10.5
BT05260707C,INSA,2026-07-07,2010,03.07.–06.07.,AfD,29
BT05260707C,INSA,2026-07-07,2010,03.07.–06.07.,BSW,4
BT05260711D,INSA,2026-07-11,1204,06.07.–10.07.,CDUCSU,22
BT05260711D,INSA,2026-07-11,1204,06.07.–10.07.,SPD,12
BT05260711D,INSA,2026-07-11,1204,06.07.–10.07.,Gruene,12
BT05260711D,INSA,2026-07-11,1204,06.07.–10.07.,FDP,4
BT05260711D,INSA,2026-07-11,1204,06.07.–10.07.,Linke,11
BT05260711D,INSA,2026-07-11,1204,06.07.–10.07.,AfD,28
BT05260711D,INSA,2026-07-11,1204,06.07.–10.07.,BSW,4
BT02260714N,Forsa,2026-07-14,2503,07.07.–13.07.,CDUCSU,22
BT02260714N,Forsa,2026-07-14,2503,07.07.–13.07.,SPD,12
BT02260714N,Forsa,2026-07-14,2503,07.07.–13.07.,Gruene,16
BT02260714N,Forsa,2026-07-14,2503,07.07.–13.07.,FDP,4
BT02260714N,Forsa,2026-07-14,2503,07.07.–13.07.,Linke,12
BT02260714N,Forsa,2026-07-14,2503,07.07.–13.07.,AfD,26
BT02260714N,Forsa,2026-07-14,2503,07.07.–13.07.,BSW,NA
BT05260714E,INSA,2026-07-14,2006,10.07.–13.07.,CDUCSU,21.5
BT05260714E,INSA,2026-07-14,2006,10.07.–13.07.,SPD,12.5
BT05260714E,INSA,2026-07-14,2006,10.07.–13.07.,Gruene,13
BT05260714E,INSA,2026-07-14,2006,10.07.–13.07.,FDP,4
BT05260714E,INSA,2026-07-14,2006,10.07.–13.07.,Linke,10.5
BT05260714E,INSA,2026-07-14,2006,10.07.–13.07.,AfD,28.5
BT05260714E,INSA,2026-07-14,2006,10.07.–13.07.,BSW,4
BT13260714Y,YouGov,2026-07-14,1827,10.07.–13.07.,CDUCSU,20
BT13260714Y,YouGov,2026-07-14,1827,10.07.–13.07.,SPD,12
BT13260714Y,YouGov,2026-07-14,1827,10.07.–13.07.,Gruene,14
BT13260714Y,YouGov,2026-07-14,1827,10.07.–13.07.,FDP,5
BT13260714Y,YouGov,2026-07-14,1827,10.07.–13.07.,Linke,12
BT13260714Y,YouGov,2026-07-14,1827,10.07.–13.07.,AfD,27
BT13260714Y,YouGov,2026-07-14,1827,10.07.–13.07.,BSW,4
BT06260717J,Forschungsgruppe Wahlen,2026-07-17,1284,14.07.–16.07.,CDUCSU,23
BT06260717J,Forschungsgruppe Wahlen,2026-07-17,1284,14.07.–16.07.,SPD,12
BT06260717J,Forschungsgruppe Wahlen,2026-07-17,1284,14.07.–16.07.,Gruene,14
BT06260717J,Forschungsgruppe Wahlen,2026-07-17,1284,14.07.–16.07.,FDP,4
BT06260717J,Forschungsgruppe Wahlen,2026-07-17,1284,14.07.–16.07.,Linke,13
BT06260717J,Forschungsgruppe Wahlen,2026-07-17,1284,14.07.–16.07.,AfD,27
BT06260717J,Forschungsgruppe Wahlen,2026-07-17,1284,14.07.–16.07.,BSW,NA
BT05260718F,INSA,2026-07-18,1201,13.07.–17.07.,CDUCSU,21
BT05260718F,INSA,2026-07-18,1201,13.07.–17.07.,SPD,13
BT05260718F,INSA,2026-07-18,1201,13.07.–17.07.,Gruene,13
BT05260718F,INSA,2026-07-18,1201,13.07.–17.07.,FDP,4
BT05260718F,INSA,2026-07-18,1201,13.07.–17.07.,Linke,10
BT05260718F,INSA,2026-07-18,1201,13.07.–17.07.,AfD,29
BT05260718F,INSA,2026-07-18,1201,13.07.–17.07.,BSW,3
BT04260720J,GMS,2026-07-20,1005,15.07.–20.07.,CDUCSU,23
BT04260720J,GMS,2026-07-20,1005,15.07.–20.07.,SPD,11
BT04260720J,GMS,2026-07-20,1005,15.07.–20.07.,Gruene,13
BT04260720J,GMS,2026-07-20,1005,15.07.–20.07.,FDP,5
BT04260720J,GMS,2026-07-20,1005,15.07.–20.07.,Linke,10
BT04260720J,GMS,2026-07-20,1005,15.07.–20.07.,AfD,28
BT04260720J,GMS,2026-07-20,1005,15.07.–20.07.,BSW,2
BT02260721O,Forsa,2026-07-21,2502,14.07.–20.07.,CDUCSU,22
BT02260721O,Forsa,2026-07-21,2502,14.07.–20.07.,SPD,12
BT02260721O,Forsa,2026-07-21,2502,14.07.–20.07.,Gruene,16
BT02260721O,Forsa,2026-07-21,2502,14.07.–20.07.,FDP,4
BT02260721O,Forsa,2026-07-21,2502,14.07.–20.07.,Linke,12
BT02260721O,Forsa,2026-07-21,2502,14.07.–20.07.,AfD,26
BT02260721O,Forsa,2026-07-21,2502,14.07.–20.07.,BSW,NA
BT05260721G,INSA,2026-07-21,2005,17.07.–20.07.,CDUCSU,20.5
BT05260721G,INSA,2026-07-21,2005,17.07.–20.07.,SPD,13
BT05260721G,INSA,2026-07-21,2005,17.07.–20.07.,Gruene,13
BT05260721G,INSA,2026-07-21,2005,17.07.–20.07.,FDP,4.5
BT05260721G,INSA,2026-07-21,2005,17.07.–20.07.,Linke,10.5
BT05260721G,INSA,2026-07-21,2005,17.07.–20.07.,AfD,29
BT05260721G,INSA,2026-07-21,2005,17.07.–20.07.,BSW,3.5
BT09260723C,Allensbach,2026-07-23,1040,03.07.–16.07.,CDUCSU,24
BT09260723C,Allensbach,2026-07-23,1040,03.07.–16.07.,SPD,13
BT09260723C,Allensbach,2026-07-23,1040,03.07.–16.07.,Gruene,13
BT09260723C,Allensbach,2026-07-23,1040,03.07.–16.07.,FDP,5.5
BT09260723C,Allensbach,2026-07-23,1040,03.07.–16.07.,Linke,10
BT09260723C,Allensbach,2026-07-23,1040,03.07.–16.07.,AfD,26.5
BT09260723C,Allensbach,2026-07-23,1040,03.07.–16.07.,BSW,NA
BT05260724H,INSA,2026-07-24,1204,20.07.–24.07.,CDUCSU,21
BT05260724H,INSA,2026-07-24,1204,20.07.–24.07.,SPD,12
BT05260724H,INSA,2026-07-24,1204,20.07.–24.07.,Gruene,14
BT05260724H,INSA,2026-07-24,1204,20.07.–24.07.,FDP,4
BT05260724H,INSA,2026-07-24,1204,20.07.–24.07.,Linke,11
BT05260724H,INSA,2026-07-24,1204,20.07.–24.07.,AfD,28
BT05260724H,INSA,2026-07-24,1204,20.07.–24.07.,BSW,4
BT02260728P,Forsa,2026-07-28,2502,21.07.–27.07.,CDUCSU,21
BT02260728P,Forsa,2026-07-28,2502,21.07.–27.07.,SPD,12
BT02260728P,Forsa,2026-07-28,2502,21.07.–27.07.,Gruene,16
BT02260728P,Forsa,2026-07-28,2502,21.07.–27.07.,FDP,4
BT02260728P,Forsa,2026-07-28,2502,21.07.–27.07.,Linke,13
BT02260728P,Forsa,2026-07-28,2502,21.07.–27.07.,AfD,27
BT02260728P,Forsa,2026-07-28,2502,21.07.–27.07.,BSW,NA
BT05260728I,INSA,2026-07-28,2006,24.07.–27.07.,CDUCSU,21
BT05260728I,INSA,2026-07-28,2006,24.07.–27.07.,SPD,12.5
BT05260728I,INSA,2026-07-28,2006,24.07.–27.07.,Gruene,13.5
BT05260728I,INSA,2026-07-28,2006,24.07.–27.07.,FDP,4
BT05260728I,INSA,2026-07-28,2006,24.07.–27.07.,Linke,11
BT05260728I,INSA,2026-07-28,2006,24.07.–27.07.,AfD,28
BT05260728I,INSA,2026-07-28,2006,24.07.–27.07.,BSW,4
BT03260731W,Verian,2026-07-31,1456,22.07.–28.07.,CDUCSU,21
BT03260731W,Verian,2026-07-31,1456,22.07.–28.07.,SPD,13
BT03260731W,Verian,2026-07-31,1456,22.07.–28.07.,Gruene,15
BT03260731W,Verian,2026-07-31,1456,22.07.–28.07.,FDP,4
BT03260731W,Verian,2026-07-31,1456,22.07.–28.07.,Linke,12
BT03260731W,Verian,2026-07-31,1456,22.07.–28.07.,AfD,27
BT03260731W,Verian,2026-07-31,1456,22.07.–28.07.,BSW,3
BT06260731K,Forschungsgruppe Wahlen,2026-07-31,1405,28.07.–30.07.,CDUCSU,23
BT06260731K,Forschungsgruppe Wahlen,2026-07-31,1405,28.07.–30.07.,SPD,12
BT06260731K,Forschungsgruppe Wahlen,2026-07-31,1405,28.07.–30.07.,Gruene,13
BT06260731K,Forschungsgruppe Wahlen,2026-07-31,1405,28.07.–30.07.,FDP,4
BT06260731K,Forschungsgruppe Wahlen,2026-07-31,1405,28.07.–30.07.,Linke,12
BT06260731K,Forschungsgruppe Wahlen,2026-07-31,1405,28.07.–30.07.,AfD,28
BT06260731K,Forschungsgruppe Wahlen,2026-07-31,1405,28.07.–30.07.,BSW,NA
BT05260802J,INSA,2026-08-02,1201,27.07.–31.07.,CDUCSU,21
BT05260802J,INSA,2026-08-02,1201,27.07.–31.07.,SPD,12
BT05260802J,INSA,2026-08-02,1201,27.07.–31.07.,Gruene,14
BT05260802J,INSA,2026-08-02,1201,27.07.–31.07.,FDP,5
BT05260802J,INSA,2026-08-02,1201,27.07.–31.07.,Linke,11
BT05260802J,INSA,2026-08-02,1201,27.07.–31.07.,AfD,28
BT05260802J,INSA,2026-08-02,1201,27.07.–31.07.,BSW,4
BT02260804Q,Forsa,2026-08-04,2501,28.07.–03.08.,CDUCSU,21
BT02260804Q,Forsa,2026-08-04,2501,28.07.–03.08.,SPD,12
BT02260804Q,Forsa,2026-08-04,2501,28.07.–03.08.,Gruene,16
BT02260804Q,Forsa,2026-08-04,2501,28.07.–03.08.,FDP,4
BT02260804Q,Forsa,2026-08-04,2501,28.07.–03.08.,Linke,12
BT02260804Q,Forsa,2026-08-04,2501,28.07.–03.08.,AfD,28
BT02260804Q,Forsa,2026-08-04,2501,28.07.–03.08.,BSW,NA
BT05260804K,INSA,2026-08-04,2004,31.07.–03.08.,CDUCSU,21
BT05260804K,INSA,2026-08-04,2004,31.07.–03.08.,SPD,12
BT05260804K,INSA,2026-08-04,2004,31.07.–03.08.,Gruene,13.5
BT05260804K,INSA,2026-08-04,2004,31.07.–03.08.,FDP,5
BT05260804K,INSA,2026-08-04,2004,31.07.–03.08.,Linke,11
BT05260804K,INSA,2026-08-04,2004,31.07.–03.08.,AfD,28
BT05260804K,INSA,2026-08-04,2004,31.07.–03.08.,BSW,4
